"","celltype","skid","cil_length","pocket_length","axoneme"
"1","monociliated","3965130",3111,0,"9+2"
"2","monociliated","3965360",2105,0,"9+unclear"
"3","monociliated","3964972",2703,0,"9+2"
"4","monociliated","3965038",4538,0,"9+2"
"5","monociliated","3965046",2590,0,"9+2"
"6","monociliated","3965287",1581,0,"9+unclear"
"7","monociliated","3965150",2649,0,"9+2"
"8","monociliated","3965152",3528,0,"9+2"
"9","monociliated","3965370",3841,0,"9+2"
"10","monociliated","3965394",2755,0,"9+2"
"11","monociliated","3965410",2428,0,"9+2"
"12","monociliated","3965445",2139,0,"9+2"
"13","monociliated","3965462",5653,0,"9+2"
"14","monociliated","3964946",4371,0,"9+2"
"15","monociliated","3964951",2669,0,"9+2"
"16","monociliated","3964957",2989,0,"9+2"
"17","monociliated","3964971",2546,0,"9+2"
"18","monociliated","3964991",2616,0,"9+2"
"19","monociliated","3965008",4138,0,"9+2"
"20","monociliated","3965035",3491,0,"9+2"
"21","monociliated","3965050",1643,0,"9+2"
"22","monociliated","3965071",3918,0,"9+2"
"23","monociliated","3965074",3219,0,"9+2"
"24","monociliated","3965076",4457,0,"9+2"
"25","monociliated","3965869",2632,0,"9+2"
"26","monociliated","3965147",2525,0,"9+2"
"27","monociliated","3965172",2387,0,"9+2"
"28","monociliated","3965199",2633,0,"9+2"
"29","monociliated","3965203",3814,0,"9+2"
"30","monociliated","3965206",3948,0,"9+2"
"31","monociliated","3965218",3701,0,"9+2"
"32","monociliated","3965223",2710,0,"9+2"
"33","monociliated","3965256",3314,0,"9+2"
"34","monociliated","3965288",4287,0,"9+2"
"35","monociliated","3965303",2426,0,"9+2"
"36","monociliated","3965316",2791,0,"9+2"
"37","monociliated","3965339",7387,0,"9+2"
"38","monociliated","3965375",1888,0,"9+2"
"39","monociliated","3965382",1987,0,"9+2"
"40","monociliated","3965411",2712,0,"9+2"
"41","monociliated","3965463",1807,0,"9+2"
"42","monociliated","3964958",3131,0,"9+2"
"43","monociliated","3964967",3418,0,"9+2"
"44","monociliated","3965052",2153,0,"9+2"
"45","monociliated","3965082",7539,0,"9+2"
"46","monociliated","3965222",2741,0,"9+2"
"47","monociliated","3965281",1065,0,"9+2"
"48","monociliated","3965290",1592,0,"9+2"
"49","monociliated","3965412",4265,0,"9+2"
"50","monociliated","3965432",2528,0,"9+2"
"51","monociliated","3965447",2785,0,"9+2"
"52","monociliated","3964959",7823,0,"9+2"
"53","monociliated","3965397",371,0,"9+unclear"
"54","monociliated","3965465",2951,0,"9+2"
"55","monociliated","3965466",5025,0,"9+2"
"56","monociliated","3965452",1049,0,"9+2"
"57","monociliated","3965402",2800,0,"9+unclear"
"58","monociliated","3965436",2989,0,"9+2"
"59","monociliated","3965475",4390,0,"9+2"
"60","monociliated","3965427",948,0,"9+unclear"
"61","monociliated","3965444",1529,0,"9+unclear"
"62","monociliated","3965087",2754,0,"9+2"
"63","monociliated","3965103",2806,0,"9+unclear"
"64","monociliated","3965106",6837,0,"9+2"
"65","monociliated","3965113",3651,0,"9+2"
"66","monociliated","3965126",1359,0,"9+2"
"67","monociliated","3965178",863,0,"9+0"
"68","monociliated","3965185",2865,0,"9+2"
"69","monociliated","3965207",1876,0,"9+2"
"70","monociliated","3965140",2195,0,"9+2"
"71","monociliated","3965155",2473,0,"9+2"
"72","monociliated","3965212",1899,926,"9+2"
"73","monociliated","3965353",1971,0,"9+2"
"74","monociliated","3965378",3988,0,"9+2"
"75","monociliated","3965504",1322,0,"9+2"
"76","monociliated","3964953",2070,0,"9+2"
"77","monociliated","3964976",3168,0,"9+2"
"78","monociliated","3965037",1852,0,"9+2"
"79","monociliated","3965091",2881,0,"9+2"
"80","monociliated","3965093",2627,0,"9+2"
"81","monociliated","3965096",1309,0,"9+2"
"82","monociliated","3965156",2247,0,"9+2"
"83","monociliated","3965194",1348,0,"9+2"
"84","monociliated","3965305",523,0,"9+unclear"
"85","monociliated","3965400",1658,0,"9+2"
"86","monociliated","3965450",2309,0,"9+2"
"87","monociliated","3965470",1103,0,"9+2"
"88","monociliated","3965493",1651,0,"9+2"
"89","monociliated","3964944",1726,0,"9+2"
"90","monociliated","3964981",1459,0,"9+2"
"91","monociliated","3965090",1706,0,"9+2"
"92","monociliated","3965094",1486,0,"9+2"
"93","monociliated","3965101",1861,0,"9+2"
"94","monociliated","3965190",1977,0,"9+2"
"95","monociliated","3965310",2364,0,"9+2"
"96","monociliated","3965473",2313,0,"9+2"
"97","monociliated","3965511",2420,0,"9+2"
"98","monociliated","3965518",4212,0,"9+2"
"99","monociliated","3965521",4571,0,"9+2"
"100","monociliated","3965526",4397,0,"9+2"
"101","monociliated","3965528",1638,0,"9+2"
"102","monociliated","3965529",1951,0,"9+2"
"103","monociliated","3965531",1948,0,"9+2"
"104","monociliated","3965532",3100,0,"9+2"
"105","monociliated","3965549",1955,0,"9+2"
"106","monociliated","3965550",3341,287,"9+2"
"107","monociliated","3965551",2654,0,"9+2"
"108","monociliated","3965552",1875,0,"9+2"
"109","monociliated","3965554",2601,0,"9+2"
"110","monociliated","3965555",3971,0,"9+2"
"111","monociliated","3965557",1678,0,"9+2"
"112","monociliated","3965558",1818,0,"9+2"
"113","monociliated","3965559",3305,0,"9+2"
"114","monociliated","3965561",3042,0,"9+2"
"115","monociliated","3965562",2947,0,"9+2"
"116","monociliated","3965563",2388,0,"9+2"
"117","monociliated","3965565",1214,0,"9+2"
"118","monociliated","3965566",1770,0,"9+2"
"119","monociliated","3965567",1383,0,"9+2"
"120","monociliated","3965568",1175,0,"9+2"
"121","monociliated","3965572",1610,0,"9+2"
"122","monociliated","3965573",2230,0,"9+2"
"123","monociliated","3965575",3839,0,"9+2"
"124","monociliated","3965578",3439,0,"9+2"
"125","monociliated","3965579",813,0,"9+2"
"126","monociliated","3965580",2135,0,"9+2"
"127","monociliated","3965581",1728,0,"9+2"
"128","monociliated","3965582",2155,0,"9+2"
"129","monociliated","3965583",1188,0,"9+2"
"130","monociliated","3965584",845,0,"9+2"
"131","monociliated","3965585",1114,0,"9+2"
"132","monociliated","3965596",1232,0,"9+2"
"133","monociliated","3965603",2292,0,"9+2"
"134","monociliated","3965604",1876,0,"9+2"
"135","monociliated","3965605",1905,0,"9+2"
"136","monociliated","3965606",2755,0,"9+unclear"
"137","monociliated","3965608",2904,0,"9+2"
"138","monociliated","3965610",1318,0,"9+2"
"139","monociliated","3965616",1747,0,"9+2"
"140","monociliated","3965617",1641,0,"9+2"
"141","monociliated","3965618",1653,0,"9+2"
"142","monociliated","3965619",1795,0,"9+2"
"143","monociliated","3965620",1326,0,"9+2"
"144","monociliated","3965623",1737,0,"9+2"
"145","monociliated","3965624",1446,0,"9+2"
"146","monociliated","3965626",609,0,"9+unclear"
"147","monociliated","3965628",1541,0,"9+2"
"148","monociliated","3965629",1807,0,"9+2"
"149","monociliated","3965631",1521,0,"9+2"
"150","monociliated","3965632",1818,0,"9+2"
"151","monociliated","3965633",1745,0,"9+2"
"152","monociliated","3965634",2284,0,"9+2"
"153","monociliated","3965635",1053,0,"9+2"
"154","monociliated","3965636",1050,0,"9+2"
"155","monociliated","3965637",1108,0,"9+2"
"156","monociliated","3965641",1838,0,"9+2"
"157","monociliated","3965654",2112,0,"9+2"
"158","monociliated","3965665",2063,0,"9+2"
"159","monociliated","3965676",1162,0,"9+2"
"160","monociliated","3965678",3308,0,"9+2"
"161","monociliated","3965679",1538,0,"9+2"
"162","monociliated","3965685",1989,0,"9+2"
"163","monociliated","3965688",2372,0,"9+2"
"164","monociliated","3965689",2304,0,"9+2"
"165","monociliated","3965690",1924,0,"9+2"
"166","monociliated","3965691",1479,0,"9+2"
"167","monociliated","3965693",1918,0,"9+2"
"168","monociliated","3965696",1869,0,"9+2"
"169","monociliated","3965697",1251,0,"9+unclear"
"170","monociliated","3965699",2006,0,"9+2"
"171","monociliated","3965700",1607,0,"9+2"
"172","monociliated","3965701",2415,0,"9+2"
"173","monociliated","3965703",2058,0,"9+2"
"174","monociliated","3965705",1534,0,"9+2"
"175","monociliated","3965706",2365,0,"9+2"
"176","monociliated","3965707",1981,0,"9+2"
"177","monociliated","3965708",2274,0,"9+2"
"178","monociliated","3965715",1870,0,"9+2"
"179","monociliated","3965717",1569,0,"9+2"
"180","monociliated","3965718",1892,0,"9+2"
"181","monociliated","3965720",1762,0,"9+2"
"182","monociliated","3965721",1496,0,"9+2"
"183","monociliated","3965722",2193,0,"9+2"
"184","monociliated","3965727",1549,0,"9+2"
"185","monociliated","3965728",1009,0,"9+2"
"186","monociliated","3965731",1083,0,"9+2"
"187","monociliated","3965736",1231,0,"9+2"
"188","monociliated","3965739",1247,0,"9+2"
"189","monociliated","3965745",1724,0,"9+2"
"190","monociliated","3965751",1118,0,"9+2"
"191","monociliated","3965755",702,590,"9+2"
"192","monociliated","3965780",7115,0,"9+2"
"193","monociliated","3965788",9063,0,"9+2"
"194","monociliated","3965793",3093,0,"9+2"
"195","monociliated","3965808",7137,0,"9+2"
"196","monociliated","3965823",1159,0,"9+2"
"197","monociliated","3965833",2439,0,"9+2"
"198","monociliated","3965837",1197,0,"9+2"
"199","monociliated","3965838",876,0,"9+2"
"200","monociliated","3965840",1498,0,"9+2"
"201","monociliated","3964989",3071,0,"9+2"
"202","monociliated","3964996",887,0,"9+2"
"203","monociliated","3964978",2444,0,"9+2"
"204","biciliated","3964952",1897,0,"9+2"
"205","biciliated","3964952",1338,0,"9+2"
"206","biciliated","3964956",2206,0,"9+0"
"207","biciliated","3964956",1861,0,"9+2"
"208","biciliated","3965015",4262,0,"9+2"
"209","biciliated","3965015",3202,0,"9+2"
"210","NA","3965242",1304,0,"9+2"
"211","NA","3965242",1335,0,"9+unclear"
"212","NA","3965242",891,0,"NA"
"213","biciliated","3965244",1251,0,"9+2"
"214","biciliated","3965244",2300,0,"9+2"
"215","biciliated","3965251",1802,0,"9+2"
"216","biciliated","3965251",1587,0,"9+unclear"
"217","biciliated","3965073",3186,0,"9+0"
"218","biciliated","3965073",3129,0,"9+2"
"219","biciliated","3965081",1525,0,"9+2"
"220","biciliated","3965081",1517,0,"9+2"
"221","biciliated","3964941",3011,0,"9+2"
"222","biciliated","3964941",1886,0,"9+2"
"223","biciliated","3965449",1890,0,"9+2"
"224","biciliated","3965449",1798,0,"9+unclear"
"225","biciliated","3964964",2314,0,"9+2"
"226","biciliated","3964964",2708,0,"9+2"
"227","biciliated","3965393",3164,0,"9+0"
"228","biciliated","3965393",3087,0,"9+2"
"229","biciliated","3965210",1542,0,"9+0"
"230","biciliated","3965210",1438,0,"9+2"
"231","biciliated","3965137",1250,0,"9+2"
"232","biciliated","3965137",1188,0,"9+2"
"233","biciliated","3965214",1689,0,"NA"
"234","biciliated","3965214",1233,0,"NA"
"235","biciliated","3965217",2794,0,"9+2"
"236","biciliated","3965217",2465,0,"9+2"
"237","biciliated","3965228",1790,0,"9+2"
"238","biciliated","3965228",3019,0,"9+0"
"239","biciliated","3965381",3431,0,"9+2"
"240","biciliated","3965381",4162,0,"9+0"
"241","biciliated","3965398",1456,0,"9+2"
"242","biciliated","3965398",2388,0,"9+2"
"243","biciliated","3965485",2805,0,"9+2"
"244","biciliated","3965485",1385,0,"9+0"
"245","biciliated","3965492",3637,0,"9+2"
"246","biciliated","3965492",4307,0,"9+0"
"247","biciliated","3965495",673,0,"NA"
"248","biciliated","3965495",395,0,"NA"
"249","biciliated","3965497",1274,0,"9+2"
"250","biciliated","3965497",1135,0,"9+2"
"251","biciliated","3965089",2806,0,"9+2"
"252","biciliated","3965089",2373,0,"9+2"
"253","biciliated","3965099",551,0,"NA"
"254","biciliated","3965099",1507,0,"9+2"
"255","biciliated","3965102",1581,0,"9+2"
"256","biciliated","3965102",1468,0,"NA"
"257","biciliated","3965104",1454,0,"9+2"
"258","biciliated","3965104",1035,0,"9+2"
"259","biciliated","3965107",2595,0,"9+2"
"260","biciliated","3965107",2800,0,"9+0"
"261","biciliated","3965125",2416,0,"9+2"
"262","biciliated","3965125",1730,0,"9+2"
"263","biciliated","3965144",920,0,"9+2"
"264","biciliated","3965144",978,0,"9+2"
"265","biciliated","3965313",2126,0,"9+2"
"266","biciliated","3965313",1276,0,"9+2"
"267","biciliated","3965347",2365,0,"9+2"
"268","biciliated","3965347",2540,0,"9+0"
"269","biciliated","3965483",1749,0,"9+2"
"270","biciliated","3965483",806,0,"9+2"
"271","monociliated","3965013",2827,0,"9+2"
"272","biciliated","3965108",1896,0,"9+2"
"273","biciliated","3965108",1071,0,"9+unclear"
"274","biciliated","3965135",2916,0,"9+2"
"275","biciliated","3965135",1167,0,"9+unclear"
"276","biciliated","3965195",1307,0,"9+2"
"277","biciliated","3965195",1896,0,"9+2"
"278","biciliated","3965299",2150,0,"9+unclear"
"279","biciliated","3965299",1340,0,"NA"
"280","biciliated","3965420",2297,0,"9+2"
"281","biciliated","3965420",2725,0,"9+2"
"282","biciliated","3965506",8211,0,"9+2"
"283","biciliated","3965506",8791,0,"9+2"
"284","biciliated","3965514",176,0,"NA"
"285","biciliated","3965514",1132,0,"9+2"
"286","biciliated","3965517",1495,0,"9+2"
"287","biciliated","3965517",1310,0,"9+2"
"288","biciliated","3965519",1036,0,"9+unclear"
"289","biciliated","3965519",3245,0,"9+2"
"290","biciliated","3965523",3923,0,"9+2"
"291","biciliated","3965523",3818,0,"9+2"
"292","biciliated","3965534",1738,0,"9+2"
"293","biciliated","3965534",1751,0,"9+unclear"
"294","biciliated","3965536",4401,0,"9+2"
"295","biciliated","3965536",3790,0,"9+0"
"296","biciliated","3965537",1051,0,"9+0"
"297","biciliated","3965537",1145,0,"9+0"
"298","biciliated","3965538",1715,0,"NA"
"299","biciliated","3965538",1150,0,"9+0"
"300","biciliated","3965539",1577,0,"NA"
"301","biciliated","3965539",1052,0,"NA"
"302","biciliated","3965540",940,0,"NA"
"303","biciliated","3965540",1034,0,"NA"
"304","biciliated","3965542",1728,0,"9+2"
"305","biciliated","3965542",1046,0,"9+2"
"306","biciliated","3965543",1765,0,"NA"
"307","biciliated","3965543",1701,0,"9+0"
"308","biciliated","3965544",1924,0,"9+0"
"309","biciliated","3965544",1208,0,"9+unclear"
"310","biciliated","3965545",2215,0,"9+2"
"311","biciliated","3965545",2767,0,"9+0"
"312","biciliated","3965546",2526,0,"9+2"
"313","biciliated","3965546",1315,285,"9+2"
"314","biciliated","3965547",2984,0,"9+2"
"315","biciliated","3965547",2796,0,"9+2"
"316","biciliated","3965553",3416,0,"9+0"
"317","biciliated","3965553",3590,0,"9+2"
"318","biciliated","3965556",1480,0,"9+2"
"319","biciliated","3965556",2110,0,"9+2"
"320","biciliated","3965560",1290,0,"9+unclear"
"321","biciliated","3965560",1874,0,"9+2"
"322","biciliated","3965564",4135,0,"9+0"
"323","biciliated","3965564",3459,0,"9+2"
"324","biciliated","3965569",1349,0,"9+2"
"325","biciliated","3965569",1037,0,"9+0"
"326","biciliated","3965571",654,0,"NA"
"327","biciliated","3965571",1458,0,"NA"
"328","biciliated","3965577",1050,0,"NA"
"329","biciliated","3965577",1487,0,"9+unclear"
"330","biciliated","3965598",973,463,"9+2"
"331","biciliated","3965598",832,0,"9+2"
"332","biciliated","3965611",969,0,"9+2"
"333","biciliated","3965611",1387,0,"9+2"
"334","biciliated","3965612",3570,0,"9+2"
"335","biciliated","3965612",2998,0,"9+0"
"336","biciliated","3965621",1372,0,"9+2"
"337","biciliated","3965621",1162,0,"9+2"
"338","biciliated","3965622",1994,0,"9+2"
"339","biciliated","3965622",2069,0,"9+2"
"340","biciliated","3965625",802,0,"9+2"
"341","biciliated","3965625",1101,0,"9+2"
"342","biciliated","3965630",1809,0,"9+2"
"343","biciliated","3965630",1702,0,"9+0"
"344","biciliated","3965639",1452,0,"9+2"
"345","biciliated","3965639",1452,0,"9+2"
"346","multiciliated","3965662",663,0,"NA"
"347","multiciliated","3965662",1502,0,"9+2"
"348","multiciliated","3965662",835,0,"NA"
"349","biciliated","3965666",2185,0,"9+2"
"350","biciliated","3965666",2381,0,"9+2"
"351","biciliated","3965667",1636,0,"9+2"
"352","biciliated","3965667",2860,0,"9+2"
"353","biciliated","3965670",1546,0,"9+2"
"354","biciliated","3965670",1148,0,"9+2"
"355","biciliated","3965671",1762,0,"9+2"
"356","biciliated","3965671",1988,0,"9+2"
"357","biciliated","3965673",4206,0,"9+2"
"358","biciliated","3965673",4327,0,"9+0"
"359","biciliated","3965674",1368,0,"NA"
"360","biciliated","3965674",1130,0,"9+unclear"
"361","biciliated","3965677",1981,0,"9+2"
"362","biciliated","3965677",3118,0,"9+0"
"363","biciliated","3965680",2226,0,"9+2"
"364","biciliated","3965680",1932,0,"NA"
"365","biciliated","3965683",1249,0,"9+2"
"366","biciliated","3965683",1182,0,"9+2"
"367","biciliated","3965687",2353,0,"9+2"
"368","biciliated","3965687",2434,0,"9+2"
"369","biciliated","3965694",1409,0,"9+0"
"370","biciliated","3965694",1199,0,"9+2"
"371","biciliated","3965695",915,0,"9+unclear"
"372","biciliated","3965695",1284,0,"9+2"
"373","biciliated","3965698",1939,0,"9+2"
"374","biciliated","3965698",1775,0,"9+2"
"375","biciliated","3965710",2246,0,"9+2"
"376","biciliated","3965710",2510,0,"9+2"
"377","biciliated","3965712",1253,0,"9+2"
"378","biciliated","3965712",2212,0,"9+0"
"379","biciliated","3965713",2142,0,"9+2"
"380","biciliated","3965713",1408,0,"9+2"
"381","biciliated","3965716",1310,0,"9+2"
"382","biciliated","3965716",1033,0,"NA"
"383","biciliated","3965724",1328,0,"9+2"
"384","biciliated","3965724",702,0,"9+0"
"385","biciliated","3965725",860,0,"9+0"
"386","biciliated","3965725",1489,0,"NA"
"387","biciliated","3965726",1219,0,"9+unclear"
"388","biciliated","3965726",1611,0,"9+2"
"389","biciliated","3965729",1519,0,"9+2"
"390","biciliated","3965729",1241,0,"9+unclear"
"391","biciliated","3965730",1308,0,"9+2"
"392","biciliated","3965730",1042,0,"9+2"
"393","biciliated","3965741",2661,0,"9+2"
"394","biciliated","3965741",2573,0,"9+2"
"395","biciliated","3965743",1381,0,"9+2"
"396","biciliated","3965743",1195,0,"NA"
"397","biciliated","3965746",1443,0,"9+2"
"398","biciliated","3965746",1074,0,"9+2"
"399","biciliated","3965747",974,0,"9+2"
"400","biciliated","3965747",710,0,"9+2"
"401","biciliated","3965749",1596,0,"9+2"
"402","biciliated","3965749",1296,0,"NA"
"403","biciliated","3965750",1457,0,"9+2"
"404","biciliated","3965750",1533,0,"9+2"
"405","biciliated","3965752",1562,0,"9+2"
"406","biciliated","3965752",1731,0,"9+unclear"
"407","biciliated","3965753",1077,0,"9+2"
"408","biciliated","3965753",1348,0,"9+2"
"409","biciliated","3965758",2487,0,"9+2"
"410","biciliated","3965758",1202,0,"9+0"
"411","biciliated","3965759",1013,0,"9+2"
"412","biciliated","3965759",852,0,"9+2"
"413","biciliated","3965761",1711,0,"NA"
"414","biciliated","3965761",1297,0,"NA"
"415","biciliated","3965762",2123,0,"9+unclear"
"416","biciliated","3965762",2853,0,"9+2"
"417","biciliated","3965763",1319,0,"9+2"
"418","biciliated","3965763",1173,0,"9+2"
"419","biciliated","3965765",2173,0,"9+2"
"420","biciliated","3965765",403,0,"NA"
"421","biciliated","3965828",3588,0,"9+0"
"422","biciliated","3965828",2289,0,"9+2"
"423","biciliated","3965839",1609,0,"9+2"
"424","biciliated","3965839",1360,0,"9+2"
"425","biciliated","3965841",2752,0,"9+2"
"426","biciliated","3965841",2585,0,"9+0"
"427","biciliated","3965842",1872,0,"9+2"
"428","biciliated","3965842",1257,0,"9+0"
"429","biciliated","3965843",1459,0,"9+2"
"430","biciliated","3965843",1596,0,"9+2"
"431","biciliated","3964979",8561,0,"9+2"
"432","biciliated","3964979",7016,0,"9+2"
"433","biciliated","3964980",7466,0,"9+2"
"434","biciliated","3964980",8742,0,"9+2"
"435","monociliated","3965638",1431,0,"9+2"
"436","intra-multi-ciliated","3965274",469,469,"NA"
"437","intra-multi-ciliated","3965274",6132,6132,"NA"
"438","intra-multi-ciliated","3965274",3832,3832,"9+2"
"439","intra-multi-ciliated","3965274",3311,3311,"NA"
"440","intra-multi-ciliated","3965274",4291,4291,"NA"
"441","intra-multi-ciliated","3965274",4617,4617,"NA"
"442","intra-multi-ciliated","3965274",3177,3177,"NA"
"443","intra-multi-ciliated","3965274",5932,5932,"NA"
"444","intra-multi-ciliated","3965274",3889,3889,"NA"
"445","intra-multi-ciliated","3965274",3798,3798,"NA"
"446","intra-multi-ciliated","3965274",1656,1656,"NA"
"447","intra-multi-ciliated","3965274",2214,2214,"NA"
"448","intra-multi-ciliated","3965274",3389,3389,"NA"
"449","intra-multi-ciliated","3965274",6644,3645,"9+2"
"450","intra-multi-ciliated","3965274",6209,6209,"NA"
"451","intra-multi-ciliated","3965274",3708,3708,"9+2"
"452","intra-multi-ciliated","3965352",8411,8411,"NA"
"453","intra-multi-ciliated","3965352",8158,8158,"NA"
"454","intra-multi-ciliated","3965352",8431,8431,"NA"
"455","intra-multi-ciliated","3965352",9865,9865,"NA"
"456","intra-multi-ciliated","3965352",8894,8894,"NA"
"457","intra-multi-ciliated","3965352",8416,8416,"NA"
"458","intra-multi-ciliated","3965352",8934,8934,"NA"
"459","intra-multi-ciliated","3965352",7508,7508,"NA"
"460","intra-multi-ciliated","3965352",6491,6491,"NA"
"461","intra-multi-ciliated","3965352",9631,9631,"NA"
"462","intra-multi-ciliated","3965352",9358,9358,"NA"
"463","intra-multi-ciliated","3965352",5883,5883,"NA"
"464","intra-multi-ciliated","3965352",9811,9811,"NA"
"465","intra-multi-ciliated","3965352",9190,9190,"NA"
"466","intra-multi-ciliated","3965352",9520,9520,"NA"
"467","intra-multi-ciliated","3965352",9868,9868,"NA"
"468","intra-multi-ciliated","3965352",9537,9537,"NA"
"469","intra-multi-ciliated","3965352",9227,9227,"NA"
"470","intra-multi-ciliated","3965352",7873,7873,"NA"
"471","intra-multi-ciliated","3965352",6703,6703,"NA"
"472","intra-multi-ciliated","3965352",9222,7404,"NA"
"473","intra-multi-ciliated","3965352",9219,7404,"NA"
"474","NA","3965821",2336,0,"NA"
"475","NA","3965821",1479,0,"NA"
"476","NA","3965821",1429,0,"NA"
"477","intra-multi-ciliated","3965211",8312,8312,"NA"
"478","intra-multi-ciliated","3965211",7703,7703,"NA"
"479","intra-multi-ciliated","3965211",10142,10142,"NA"
"480","intra-multi-ciliated","3965211",7817,7817,"NA"
"481","intra-multi-ciliated","3965211",3123,3123,"NA"
"482","intra-multi-ciliated","3965211",9045,9045,"NA"
"483","intra-multi-ciliated","3965211",8593,8593,"NA"
"484","intra-multi-ciliated","3965211",8724,8724,"NA"
"485","intra-multi-ciliated","3965211",9441,9441,"NA"
"486","intra-multi-ciliated","3965211",8353,8353,"NA"
"487","intra-multi-ciliated","3965211",8683,8683,"NA"
"488","intra-multi-ciliated","3965211",8895,8895,"NA"
"489","intra-multi-ciliated","3965211",8694,8694,"NA"
"490","intra-multi-ciliated","3965211",9519,9519,"NA"
"491","intra-multi-ciliated","3965211",9956,9956,"NA"
"492","intra-multi-ciliated","3965211",6880,6880,"NA"
"493","intra-multi-ciliated","3965211",9315,9315,"NA"
"494","intra-multi-ciliated","3965211",7961,7961,"NA"
"495","intra-multi-ciliated","3965211",9410,9410,"NA"
"496","intra-multi-ciliated","3965211",6897,6897,"NA"
"497","intra-multi-ciliated","3965211",6240,6240,"NA"
"498","intra-multi-ciliated","3965211",9348,9348,"NA"
"499","intra-multi-ciliated","3965211",9391,9391,"NA"
"500","intra-multi-ciliated","3965211",9366,9366,"NA"
"501","intra-multi-ciliated","3965211",8599,8599,"NA"
"502","intra-multi-ciliated","3965211",9638,7819,"NA"
"503","intra-multi-ciliated","3965168",8958,8958,"NA"
"504","intra-multi-ciliated","3965168",6822,6822,"NA"
"505","intra-multi-ciliated","3965168",8073,6651,"NA"
"506","intra-multi-ciliated","3965168",7220,7220,"NA"
"507","intra-multi-ciliated","3965168",7355,7355,"NA"
"508","intra-multi-ciliated","3965168",7048,7048,"NA"
"509","intra-multi-ciliated","3965168",6680,6680,"NA"
"510","intra-multi-ciliated","3965168",7095,7095,"NA"
"511","intra-multi-ciliated","3965168",7771,7771,"NA"
"512","intra-multi-ciliated","3965168",7194,7194,"NA"
"513","intra-multi-ciliated","3965168",8225,8225,"NA"
"514","intra-multi-ciliated","3965168",7418,7418,"NA"
"515","intra-multi-ciliated","3965168",7889,7889,"NA"
"516","intra-multi-ciliated","3965168",7928,7928,"NA"
"517","intra-multi-ciliated","3965168",7770,7770,"NA"
"518","intra-multi-ciliated","3965168",8690,8690,"NA"
"519","intra-multi-ciliated","3965168",8043,8043,"NA"
"520","intra-multi-ciliated","3965168",6982,6982,"NA"
"521","intra-multi-ciliated","3965168",6454,6454,"NA"
"522","intra-multi-ciliated","3965168",5715,5715,"NA"
"523","intra-multi-ciliated","3965168",8140,8140,"NA"
"524","intra-multi-ciliated","3965184",5880,5880,"NA"
"525","intra-multi-ciliated","3965184",8315,8315,"NA"
"526","intra-multi-ciliated","3965184",7467,7467,"NA"
"527","intra-multi-ciliated","3965184",7984,6537,"NA"
"528","intra-multi-ciliated","3965184",8533,8533,"NA"
"529","intra-multi-ciliated","3965184",8121,8121,"NA"
"530","intra-multi-ciliated","3965184",8039,8039,"NA"
"531","intra-multi-ciliated","3965184",7510,7510,"NA"
"532","intra-multi-ciliated","3965184",8374,8374,"NA"
"533","intra-multi-ciliated","3965184",8111,8111,"NA"
"534","intra-multi-ciliated","3965184",7284,7284,"NA"
"535","intra-multi-ciliated","3965184",8572,8572,"NA"
"536","intra-multi-ciliated","3965184",7263,7263,"NA"
"537","intra-multi-ciliated","3965184",7034,7034,"NA"
"538","intra-multi-ciliated","3965184",6257,6257,"NA"
"539","intra-multi-ciliated","3965184",7593,7593,"NA"
"540","intra-multi-ciliated","3965184",7811,7811,"NA"
"541","intra-multi-ciliated","3965184",7031,7031,"NA"
"542","intra-multi-ciliated","3965184",8108,8108,"NA"
"543","intra-multi-ciliated","3965184",5952,5952,"NA"
"544","intra-multi-ciliated","3965184",5919,5919,"NA"
"545","intra-multi-ciliated","3965184",7494,7494,"NA"
"546","intra-multi-ciliated","3965184",7706,7706,"NA"
"547","intra-multi-ciliated","3965184",6373,6373,"NA"
"548","intra-multi-ciliated","3965184",8883,5993,"NA"
"549","intra-multi-ciliated","3965184",5383,5383,"NA"
"550","intra-multi-ciliated","3965184",6960,6960,"NA"
"551","intra-multi-ciliated","3965184",4307,4307,"NA"
"552","intra-multi-ciliated","3965184",6581,6581,"NA"
"553","intra-multi-ciliated","3965184",10039,5874,"NA"
"554","intra-multi-ciliated","3965184",6254,6254,"NA"
"555","intra-multi-ciliated","3965188",8624,8624,"NA"
"556","intra-multi-ciliated","3965188",7101,7101,"NA"
"557","intra-multi-ciliated","3965188",8162,8162,"NA"
"558","intra-multi-ciliated","3965188",5640,5640,"NA"
"559","intra-multi-ciliated","3965188",7766,7766,"NA"
"560","intra-multi-ciliated","3965188",8670,8670,"NA"
"561","intra-multi-ciliated","3965188",8926,8926,"NA"
"562","intra-multi-ciliated","3965188",7243,7243,"NA"
"563","intra-multi-ciliated","3965188",6559,6192,"NA"
"564","intra-multi-ciliated","3965188",7109,7109,"NA"
"565","intra-multi-ciliated","3965188",8255,8255,"NA"
"566","intra-multi-ciliated","3965188",8502,8502,"NA"
"567","intra-multi-ciliated","3965188",8188,8188,"NA"
"568","intra-multi-ciliated","3965188",8099,8099,"NA"
"569","intra-multi-ciliated","3965188",8484,8484,"NA"
"570","intra-multi-ciliated","3965188",8272,8272,"NA"
"571","intra-multi-ciliated","3965188",7414,7414,"NA"
"572","intra-multi-ciliated","3965188",7486,5562,"NA"
"573","intra-multi-ciliated","3965232",8114,3667,"NA"
"574","intra-multi-ciliated","3965232",4571,4571,"NA"
"575","intra-multi-ciliated","3965232",4981,4981,"NA"
"576","intra-multi-ciliated","3965232",5698,5698,"NA"
"577","intra-multi-ciliated","3965232",6057,6057,"NA"
"578","intra-multi-ciliated","3965232",7619,7619,"NA"
"579","intra-multi-ciliated","3965232",6771,6771,"NA"
"580","intra-multi-ciliated","3965232",5575,5575,"NA"
"581","intra-multi-ciliated","3965232",4816,4816,"NA"
"582","intra-multi-ciliated","3965232",5012,5012,"NA"
"583","intra-multi-ciliated","3965232",6414,6414,"NA"
"584","intra-multi-ciliated","3965232",5994,5994,"NA"
"585","intra-multi-ciliated","3965232",6306,5545,"NA"
"586","intra-multi-ciliated","3965232",7039,7039,"NA"
"587","NA","3965441",4526,0,"NA"
"588","NA","3965441",4464,0,"NA"
"589","intra-multi-ciliated","3965169",4652,4652,"NA"
"590","intra-multi-ciliated","3965169",4576,4576,"NA"
"591","intra-multi-ciliated","3965169",5650,5650,"NA"
"592","intra-multi-ciliated","3965169",5442,5442,"NA"
"593","intra-multi-ciliated","3965169",5940,5940,"NA"
"594","intra-multi-ciliated","3965169",5362,5362,"NA"
"595","intra-multi-ciliated","3965169",3865,3865,"NA"
"596","intra-multi-ciliated","3965169",4719,4719,"NA"
"597","intra-multi-ciliated","3965169",5454,5454,"NA"
"598","intra-multi-ciliated","3965169",4319,4319,"NA"
"599","intra-multi-ciliated","3965169",564,564,"NA"
"600","intra-multi-ciliated","3965169",6071,6071,"NA"
"601","intra-multi-ciliated","3965169",3201,3201,"NA"
"602","intra-multi-ciliated","3965169",4591,4591,"NA"
"603","intra-multi-ciliated","3965169",3876,3876,"NA"
"604","intra-multi-ciliated","3965169",6040,6040,"NA"
"605","intra-multi-ciliated","3965169",5801,5801,"NA"
"606","intra-multi-ciliated","3965169",4104,4104,"NA"
"607","intra-multi-ciliated","3965169",4754,4754,"NA"
"608","intra-multi-ciliated","3965169",6618,3567,"NA"
"609","intra-multi-ciliated","3965169",7215,3192,"NA"
"610","intra-multi-ciliated","3965169",6026,4885,"NA"
"611","intra-multi-ciliated","3965169",3911,3911,"NA"
"612","intra-multi-ciliated","3965169",4919,4919,"NA"
"613","intra-multi-ciliated","3965235",8196,6633,"NA"
"614","intra-multi-ciliated","3965235",7841,7841,"NA"
"615","intra-multi-ciliated","3965235",7926,7926,"NA"
"616","intra-multi-ciliated","3965235",7271,7271,"NA"
"617","intra-multi-ciliated","3965235",7105,7105,"NA"
"618","intra-multi-ciliated","3965235",7961,7961,"NA"
"619","intra-multi-ciliated","3965235",8153,8153,"NA"
"620","intra-multi-ciliated","3965235",7360,7360,"NA"
"621","intra-multi-ciliated","3965235",6976,6976,"NA"
"622","intra-multi-ciliated","3965235",8478,8478,"NA"
"623","intra-multi-ciliated","3965235",7706,7706,"NA"
"624","intra-multi-ciliated","3965235",8263,8263,"NA"
"625","intra-multi-ciliated","3965235",8493,8493,"NA"
"626","intra-multi-ciliated","3965235",6510,6510,"NA"
"627","intra-multi-ciliated","3965235",8864,8864,"NA"
"628","intra-multi-ciliated","3965235",8929,8929,"NA"
"629","intra-multi-ciliated","3965235",8427,8427,"NA"
"630","intra-multi-ciliated","3965235",8894,8894,"NA"
"631","intra-multi-ciliated","3965235",8319,8319,"NA"
"632","intra-multi-ciliated","3965235",8505,8505,"NA"
"633","intra-multi-ciliated","3965235",8404,8404,"NA"
"634","intra-multi-ciliated","3965235",8262,8262,"NA"
"635","intra-multi-ciliated","3965235",7598,7598,"NA"
"636","intra-multi-ciliated","3965235",8626,8626,"NA"
"637","intra-multi-ciliated","3965235",8242,8242,"NA"
"638","intra-multi-ciliated","3965235",8239,8239,"NA"
"639","intra-multi-ciliated","3965235",8092,8092,"NA"
"640","intra-multi-ciliated","3965235",8254,8254,"NA"
"641","intra-multi-ciliated","3965237",7826,7826,"NA"
"642","intra-multi-ciliated","3965237",6922,6922,"NA"
"643","intra-multi-ciliated","3965237",8200,8200,"NA"
"644","intra-multi-ciliated","3965237",7296,7296,"NA"
"645","intra-multi-ciliated","3965237",8174,8174,"NA"
"646","intra-multi-ciliated","3965237",6420,6420,"NA"
"647","intra-multi-ciliated","3965237",8179,8179,"NA"
"648","intra-multi-ciliated","3965237",7366,7366,"NA"
"649","intra-multi-ciliated","3965237",6901,6901,"NA"
"650","intra-multi-ciliated","3965237",9849,9849,"NA"
"651","intra-multi-ciliated","3965237",6991,6991,"NA"
"652","intra-multi-ciliated","3965237",7221,6351,"NA"
"653","intra-multi-ciliated","3965237",8376,8376,"NA"
"654","intra-multi-ciliated","3965237",8323,8323,"NA"
"655","lamellate","3964995",5513,5513,"NA"
"656","lamellate","3964995",5390,5390,"NA"
"657","lamellate","3964995",4029,4029,"NA"
"658","lamellate","3964995",4343,4343,"NA"
"659","lamellate","3964995",6256,4434,"NA"
"660","lamellate","3964995",4161,4161,"NA"
"661","lamellate","3964995",4801,4801,"NA"
"662","lamellate","3964995",3094,3094,"NA"
"663","lamellate","3964995",5707,5707,"NA"
"664","lamellate","3964995",4534,4534,"NA"
"665","lamellate","3964995",3310,3310,"NA"
"666","lamellate","3964995",4582,4582,"NA"
"667","lamellate","3964995",3324,3324,"NA"
"668","lamellate","3964995",3930,3930,"NA"
"669","lamellate","3964995",6168,6168,"NA"
"670","lamellate","3964995",4152,4152,"NA"
"671","lamellate","3964995",3299,3299,"NA"
"672","lamellate","3964995",4928,4928,"NA"
"673","lamellate","3964995",5435,5435,"NA"
"674","lamellate","3964995",4458,4458,"NA"
"675","lamellate","3965238",7845,2878,"NA"
"676","lamellate","3965238",7380,2575,"NA"
"677","lamellate","3965234",2749,2749,"NA"
"678","lamellate","3965234",4079,4079,"NA"
"679","lamellate","3965234",2809,2809,"NA"
"680","lamellate","3965234",1056,1056,"NA"
"681","lamellate","3965234",1901,1901,"NA"
"682","lamellate","3965234",3561,3561,"NA"
"683","lamellate","3965234",3978,3978,"NA"
"684","lamellate","3965234",3178,3178,"NA"
"685","lamellate","3965234",2699,2699,"NA"
"686","lamellate","3965234",2772,2772,"NA"
"687","lamellate","3965234",4149,2488,"NA"
"688","lamellate","3965645",7985,3145,"NA"
"689","lamellate","3965645",7653,4247,"NA"
"690","lamellate","3965643",5748,3835,"NA"
"691","lamellate","3965643",5460,5460,"NA"
"692","lamellate","3965643",4005,4005,"NA"
"693","lamellate","3965643",4462,4462,"NA"
"694","lamellate","3965643",3698,3698,"NA"
"695","lamellate","3965643",2931,2931,"NA"
"696","lamellate","3965643",4283,4283,"NA"
"697","lamellate","3965643",3156,3156,"NA"
"698","lamellate","3965643",3126,3126,"NA"
"699","lamellate","3965643",4336,4336,"NA"
"700","lamellate","3965643",4590,4590,"NA"
"701","lamellate","3965643",5005,5005,"NA"
"702","lamellate","3965643",5109,5109,"NA"
"703","lamellate","3965643",4557,4557,"NA"
"704","lamellate","3965643",5280,5280,"NA"
"705","lamellate","3965643",4087,4087,"NA"
"706","lamellate","3965643",5263,5263,"NA"
"707","lamellate","3965643",3936,3936,"NA"
"708","lamellate","3965643",5077,5077,"NA"
"709","lamellate","3965643",4224,4224,"NA"
"710","lamellate","3965643",4808,4808,"NA"
"711","lamellate","3965643",5744,5744,"NA"
"712","lamellate","3965643",4802,4802,"NA"
"713","lamellate","3965215",5129,5129,"9+0"
"714","lamellate","3965215",3517,3517,"NA"
"715","lamellate","3965215",3970,3970,"NA"
"716","lamellate","3965215",4722,4722,"NA"
"717","lamellate","3965215",3055,3055,"NA"
"718","lamellate","3965215",3799,3799,"NA"
"719","lamellate","3965215",3386,3386,"NA"
"720","lamellate","3965215",4661,4661,"NA"
"721","lamellate","3965215",3793,3793,"NA"
"722","lamellate","3965215",4431,4431,"NA"
"723","lamellate","3965215",1437,1437,"NA"
"724","lamellate","3965215",3070,3070,"NA"
"725","lamellate","3965215",4515,4515,"NA"
"726","lamellate","3965215",5510,3028,"9+2"
"727","lamellate","3965215",5503,5503,"NA"
"728","lamellate","3965215",3991,3991,"NA"
"729","lamellate","3965215",4751,4751,"NA"
"730","lamellate","3965215",5013,5013,"NA"
"731","lamellate","3965197",3981,3981,"NA"
"732","lamellate","3965197",3976,3976,"NA"
"733","lamellate","3965197",2537,2537,"NA"
"734","lamellate","3965197",3940,3940,"NA"
"735","lamellate","3965197",4962,4962,"NA"
"736","lamellate","3965197",4704,4704,"NA"
"737","lamellate","3965197",5803,4859,"9+2"
"738","lamellate","3965197",3796,3796,"NA"
"739","lamellate","3965197",4878,4878,"NA"
"740","lamellate","3965197",4128,4128,"NA"
"741","lamellate","3965197",4044,4044,"NA"
"742","lamellate","3965197",4236,4236,"NA"
"743","lamellate","3965197",4806,4806,"NA"
"744","lamellate","3965197",4799,4799,"NA"
"745","lamellate","3965197",4459,4459,"NA"
"746","lamellate","3965197",5068,5068,"NA"
"747","lamellate","3965197",4084,4084,"NA"
"748","lamellate","3965197",3697,3697,"NA"
"749","lamellate","3965004",4843,4843,"NA"
"750","lamellate","3965004",3456,3456,"NA"
"751","lamellate","3965004",3717,3717,"NA"
"752","lamellate","3965004",4036,4036,"NA"
"753","lamellate","3965004",4727,4727,"NA"
"754","lamellate","3965004",4992,4992,"NA"
"755","lamellate","3965004",5459,5459,"NA"
"756","lamellate","3965004",4225,4225,"NA"
"757","lamellate","3965004",4864,4864,"NA"
"758","lamellate","3965004",4555,4555,"NA"
"759","lamellate","3965004",4957,4957,"NA"
"760","lamellate","3965004",6660,6660,"NA"
"761","lamellate","3965004",5119,5119,"NA"
"762","lamellate","3965004",5555,5555,"NA"
"763","lamellate","3965004",4011,4011,"NA"
"764","lamellate","3965004",3213,3213,"NA"
"765","lamellate","3965004",6727,5266,"NA"
"766","lamellate","3965004",2992,2992,"NA"
"767","lamellate","3965004",2587,2587,"NA"
"768","lamellate","3965004",5294,5294,"NA"
"769","lamellate","3965004",5759,5759,"NA"
"770","lamellate","3965004",2933,2933,"NA"
"771","lamellate","3965004",3542,3542,"NA"
"772","lamellate","3965661",6925,2337,"NA"
"773","lamellate","3965661",6163,3531,"NA"
"774","lamellate","3965661",5595,4027,"NA"
"775","lamellate","3965661",7344,3497,"9+0"
"776","lamellate","3965196",6546,4275,"NA"
"777","lamellate","3965196",6699,3586,"NA"
"778","lamellate","3965196",6235,3526,"NA"
"779","lamellate","3965196",7364,3340,"NA"
"780","monociliated","3965332",2102,0,"NA"
"781","monociliated","3965336",851,0,"NA"
"782","monociliated","3965574",1175,0,"NA"
"783","monociliated","3965884",964,0,"NA"
"784","NA","3965889",8467,0,"NA"
"785","plumose","3965428",3044,0,"NA"
"786","plumose","3965428",2769,0,"NA"
"787","plumose","3965428",2514,0,"NA"
"788","plumose","3964947",4489,0,"NA"
"789","plumose","3964947",5469,0,"NA"
"790","plumose","3964947",5313,0,"NA"
"791","multiciliated","3965019",2241,0,"NA"
"792","multiciliated","3965019",807,0,"NA"
"793","multiciliated","3965019",1064,0,"NA"
"794","biciliated","3965250",950,0,"NA"
"795","biciliated","3965250",870,0,"NA"
"796","multiciliated","3965681",1483,0,"NA"
"797","multiciliated","3965681",1238,0,"NA"
"798","multiciliated","3965681",2193,0,"NA"
"799","multiciliated","3965681",1645,0,"NA"
"800","multiciliated","3965681",1860,0,"NA"
"801","multiciliated","3965681",1894,0,"NA"
"802","multiciliated","3965711",1064,0,"NA"
"803","multiciliated","3965711",2480,0,"NA"
"804","multiciliated","3965711",2376,0,"NA"
"805","multiciliated","3965085",859,0,"NA"
"806","multiciliated","3965085",2410,0,"NA"
"807","multiciliated","3965085",1964,0,"NA"
"808","multiciliated","3964938",1319,0,"NA"
"809","multiciliated","3964938",1444,0,"NA"
"810","multiciliated","3964938",2246,0,"NA"
"811","multiciliated","3964938",1439,0,"NA"
"812","multiciliated","3965183",2467,0,"NA"
"813","multiciliated","3965183",2280,0,"NA"
"814","multiciliated","3965183",2018,0,"NA"
"815","multiciliated","3965253",1066,0,"NA"
"816","multiciliated","3965253",1362,0,"NA"
"817","multiciliated","3965253",1335,0,"NA"
"818","multiciliated","3965669",1603,0,"NA"
"819","multiciliated","3965669",942,0,"NA"
"820","multiciliated","3965669",896,0,"NA"
"821","multiciliated","3965669",1728,0,"NA"
"822","multiciliated","3965669",1231,0,"NA"
"823","NA","3965908",1003,0,"NA"
"824","monociliated","3965609",1567,0,"NA"
"825","epithelial_floor","3965615",1218,0,"NA"
"826","epithelial_floor","3965615",1650,0,"NA"
"827","plumose","3965484",3220,0,"NA"
"828","monociliated","3965740",986,0,"NA"
"829","multiciliated","3965613",1764,0,"NA"
"830","multiciliated","3965613",1393,0,"NA"
"831","multiciliated","3965613",1491,0,"NA"
"832","multiciliated","3965527",5020,0,"NA"
"833","multiciliated","3965527",5199,0,"NA"
"834","multiciliated","3965527",4494,0,"NA"
"835","multiciliated","3965527",5011,0,"NA"
"836","multiciliated","3965668",1962,0,"NA"
"837","multiciliated","3965668",2129,0,"NA"
"838","multiciliated","3965668",2720,0,"NA"
"839","multiciliated","3965668",1662,0,"NA"
"840","multiciliated","3965668",2196,0,"NA"
"841","NA","3965018",3082,0,"NA"
"842","NA","3965295",2828,0,"NA"
"843","NA","3965295",1861,0,"NA"
"844","NA","3965295",1647,0,"NA"
"845","NA","3965295",3092,0,"NA"
"846","NA","3965295",2076,0,"NA"
"847","NA","3965295",2870,0,"NA"
"848","NA","3965295",3330,0,"NA"
"849","NA","3965295",1507,0,"NA"
"850","nonciliated","3965133",2090,0,"NA"
"851","multiciliated","3965682",1472,0,"NA"
"852","multiciliated","3965682",1222,0,"NA"
"853","multiciliated","3965682",1509,0,"NA"
"854","multiciliated","3965682",1308,0,"NA"
"855","NA","3965664",1188,0,"NA"
"856","NA","3965664",1368,0,"NA"
"857","NA","3965664",1292,0,"NA"
"858","NA","3965664",1110,0,"NA"
"859","NA","3965664",1491,0,"NA"
"860","NA","3965664",1360,0,"NA"
"861","NA","3965664",1746,0,"NA"
"862","NA","3965664",1890,0,"NA"
"863","NA","3965664",1087,0,"NA"
"864","NA","3965664",1273,0,"NA"
"865","NA","3965419",4131,0,"NA"
"866","NA","3965419",3481,1209,"NA"
"867","NA","3965419",2636,1739,"NA"
"868","multiciliated","3965480",987,0,"NA"
"869","multiciliated","3965480",1334,0,"NA"
"870","multiciliated","3965480",1039,0,"NA"
"871","multiciliated","3965154",1788,0,"NA"
"872","multiciliated","3965154",1570,0,"NA"
"873","multiciliated","3965154",2386,0,"NA"
"874","multiciliated","3965154",2841,0,"NA"
"875","multiciliated","3965154",2546,0,"NA"
"876","multiciliated","3965154",1820,0,"NA"
"877","multiciliated","3965157",1330,0,"NA"
"878","multiciliated","3965157",1025,0,"NA"
"879","multiciliated","3965157",1255,0,"NA"
"880","multiciliated","3965157",720,0,"NA"
"881","multiciliated","3965167",2632,0,"NA"
"882","multiciliated","3965167",3350,0,"NA"
"883","multiciliated","3965167",2583,0,"NA"
"884","multiciliated","3965663",3895,0,"NA"
"885","multiciliated","3965663",1437,0,"NA"
"886","multiciliated","3965663",1496,0,"NA"
"887","multiciliated","3965663",1931,0,"NA"
"888","multiciliated","3965663",1600,1600,"NA"
"889","multiciliated","3965220",1228,0,"NA"
"890","multiciliated","3965220",1308,0,"NA"
"891","multiciliated","3965220",274,0,"NA"
"892","NA","3965416",2388,0,"NA"
"893","NA","3965416",1813,0,"NA"
"894","NA","3965416",798,0,"NA"
"895","NA","3965416",1597,0,"NA"
"896","NA","3965416",2159,0,"9+0"
"897","NA","3965416",1689,0,"NA"
"898","NA","3965416",1640,0,"9+0"
"899","NA","3965416",1132,0,"NA"
"900","multiciliated","3965719",1509,0,"NA"
"901","multiciliated","3965719",1258,0,"NA"
"902","multiciliated","3965719",1282,0,"NA"
"903","multiciliated","3965535",3126,0,"NA"
"904","multiciliated","3965535",1441,0,"NA"
"905","multiciliated","3965714",2391,0,"NA"
"906","multiciliated","3965714",1931,0,"NA"
"907","multiciliated","3965714",2072,0,"NA"
"908","multiciliated","3965760",1110,0,"NA"
"909","multiciliated","3965760",945,0,"NA"
"910","multiciliated","3965760",991,0,"NA"
"911","multiciliated","3965748",1125,0,"NA"
"912","multiciliated","3965748",1327,0,"NA"
"913","multiciliated","3965748",1493,0,"NA"
"914","multiciliated","3965097",961,0,"NA"
"915","multiciliated","3965097",1057,0,"NA"
"916","multiciliated","3965097",924,0,"NA"
"917","multiciliated","3965764",1895,0,"NA"
"918","multiciliated","3965764",2504,0,"NA"
"919","multiciliated","3965764",2065,0,"NA"
"920","multiciliated","3965709",1160,0,"NA"
"921","multiciliated","3965709",2274,0,"NA"
"922","multiciliated","3965709",1016,0,"NA"
"923","multiciliated","3965709",1391,0,"NA"
"924","multiciliated","3964990",1909,0,"9+2"
"925","multiciliated","3964990",1101,0,"NA"
"926","multiciliated","3964990",1369,0,"NA"
"927","multiciliated","3964990",755,0,"NA"
"928","NA","3965010",1962,0,"NA"
"929","NA","3965010",2710,0,"NA"
"930","NA","3965010",2373,0,"NA"
"931","NA","3965010",2800,0,"NA"
"932","NA","3965010",1961,0,"NA"
"933","NA","3965010",2432,0,"NA"
"934","multiciliated","3965059",2454,0,"NA"
"935","multiciliated","3965059",1235,0,"NA"
"936","multiciliated","3965059",1158,0,"NA"
"937","multiciliated","3965272",3356,0,"NA"
"938","multiciliated","3965272",3493,0,"NA"
"939","multiciliated","3965272",1598,0,"NA"
"940","multiciliated","3965520",3373,0,"NA"
"941","multiciliated","3965520",2398,0,"NA"
"942","multiciliated","3965520",5316,0,"NA"
"943","multiciliated","3965520",3330,0,"NA"
"944","multiciliated","3965522",1551,0,"NA"
"945","multiciliated","3965522",1208,0,"NA"
"946","multiciliated","3965522",1607,0,"NA"
"947","multiciliated","3965533",2492,0,"NA"
"948","multiciliated","3965533",810,0,"NA"
"949","multiciliated","3965533",1743,0,"NA"
"950","multiciliated","3965548",1165,0,"NA"
"951","multiciliated","3965548",1728,0,"NA"
"952","multiciliated","3965548",1288,0,"NA"
"953","multiciliated","3965640",1296,0,"NA"
"954","multiciliated","3965640",1330,0,"NA"
"955","multiciliated","3965640",1317,0,"NA"
"956","multiciliated","3965642",1794,0,"NA"
"957","multiciliated","3965642",1865,0,"NA"
"958","multiciliated","3965642",1638,0,"NA"
"959","multiciliated","3965835",1230,0,"NA"
"960","multiciliated","3965835",1223,0,"NA"
"961","multiciliated","3965835",999,0,"NA"
"962","plumose","3964988",3274,0,"NA"
"963","NA","3965422",9373,0,"NA"
"964","plumose","3964943",2090,0,"NA"
"965","plumose","3964943",2995,0,"NA"
"966","nonciliated","3965406",4428,0,"NA"
"967","plumose","3965377",2502,0,"NA"
"968","plumose","3965396",3649,0,"NA"
"969","plumose","3965413",3687,0,"NA"
"970","plumose","3965431",3627,0,"NA"
"971","plumose","3965464",2699,0,"NA"
"972","plumose","3965481",3691,0,"NA"
"973","plumose","3965503",3019,0,"NA"
"974","plumose","3964936",2847,0,"NA"
"975","plumose","3964936",3388,0,"NA"
"976","plumose","3964939",5452,0,"NA"
"977","plumose","3964942",5235,0,"NA"
"978","plumose","3964942",5206,0,"NA"
"979","plumose","3964949",5366,0,"NA"
"980","plumose","3964950",4711,0,"NA"
"981","plumose","3964954",5359,0,"NA"
"982","plumose","3964985",4726,0,"NA"
"983","plumose","3965482",3985,0,"NA"
"984","monociliated","3965525",1836,0,"NA"
"985","NA","3965179",1145,0,"NA"
"986","monociliated","3965817",1395,0,"NA"
"987","balancer","3965176",9274,0,"NA"
"988","balancer","3965176",9522,0,"NA"
"989","balancer","3964998",10005,0,"NA"
"990","balancer","3965368",9755,0,"NA"
"991","balancer","3965226",9441,0,"NA"
"992","balancer","3965229",9660,0,"NA"
"993","balancer","3965158",11418,0,"NA"
"994","NA","3965986",6711,488,"9+2"
"995","NA","3965079",402,0,"NA"
"996","NA","3965079",382,0,"NA"
"997","SNN","3965723",11567,0,"NA"
