"","celltype","skid","mito_type","treenodeid","x","y","z"
"1","monociliated","2436142","vesicles_none","7597263",24244.611,48290.703,17500
"2","monociliated","2436142","vesicles_none","7597285",19792.611,47859.504,24750
"3","monociliated","2436142","vesicles_none","7597300",19070.213,45921.906,27200
"4","monociliated","2436142","vesicles_none","7597310",19333.412,45636.305,27700
"5","monociliated","2436142","vesicles_none","7597324",18767.812,45445.906,28800
"6","monociliated","2436142","vesicles_none","7597334",19383.812,45731.504,29150
"7","SSN","2436172","vesicles_none","7537028",24942.396,43740.67,23050
"8","SSN","2436172","vesicles_none","7542743",14599.201,40896.8,22300
"9","SSN","2436172","vesicles_none","7570691",13832,42193.664,21900
"10","SSN","2436172","vesicles_none","7571713",15136.493,47297.92,24000
"11","SSN","2436172","vesicles_none","7571795",23350.758,50954.72,20250
"12","SSN","2436172","vesicles_none","7571857",22711.428,53963.316,19900
"13","SSN","2436172","vesicles_none","7572044",22270,43634.8,19450
"14","SSN","2436172","vesicles_none","7572054",20018.367,42755.535,22800
"15","SSN","2436172","vesicles_none","7572298",22027.596,42662.67,25300
"16","SSN","2436172","vesicles_none","7573319",14416.27,44427.61,24650
"17","SSN","2436172","vesicles_none","7573391",23302.068,54456.734,24250
"18","SSN","2436172","vesicles_none","7577111",21809.2,41794.668,27250
"19","SSN","2436172","vesicles_unc","7332823",17662.092,43345.25,27150
"20","SSN","2436172","vesicles_unc","7564746",21729.867,43832.137,21400
"21","SSN","2436172","vesicles_unc","7572434",16285.424,40762.72,25150
"22","SSN","2436172","vesicles_unc","7635056",20307.762,35721.484,25250
"23","SSN","2436172","vesicles_syn","7330965",20646.893,45629.117,28600
"24","SSN","2436172","vesicles_syn","7331183",15849.561,45709.387,25700
"25","SSN","2436172","vesicles_syn","7331546",17604.225,47692.72,21400
"26","SSN","2436172","vesicles_syn","7331622",16916.36,50915.52,23000
"27","SSN","2436172","vesicles_syn","7331712",16767.025,47741.254,21450
"28","SSN","2436172","vesicles_syn","7332250",19803.16,49903.785,23100
"29","SSN","2436172","vesicles_syn","7332261",20321.16,49956.984,22400
"30","SSN","2436172","vesicles_syn","7332306",23832.357,51408.32,20700
"31","SSN","2436172","vesicles_syn","7332359",22876.627,49795.984,17900
"32","SSN","2436172","vesicles_syn","7332397",24163.693,49677.453,15950
"33","SSN","2436172","vesicles_syn","7332527",22269.027,53470.516,19900
"34","SSN","2436172","vesicles_syn","7332532",20927.826,53862.984,20200
"35","SSN","2436172","vesicles_syn","7332763",18554.668,41642.535,23900
"36","SSN","2436172","vesicles_syn","7332777",16923.2,40903.336,24700
"37","SSN","2436172","vesicles_syn","7332806",18055.959,41685.785,26500
"38","SSN","2436172","vesicles_syn","7332841",18591.926,42367.816,27000
"39","SSN","2436172","vesicles_syn","7332877",20244.625,40680.586,26950
"40","SSN","2436172","vesicles_syn","7332936",15681.247,39166.406,22850
"41","SSN","2436172","vesicles_syn","7332956",16095.647,38186.406,23000
"42","SSN","2436172","vesicles_syn","7332979",17023.38,36480.273,23700
"43","SSN","2436172","vesicles_syn","7332994",18146.18,35562.81,24600
"44","SSN","2436172","vesicles_syn","7336425",23373.205,53295.094,17600
"45","SSN","2436172","vesicles_syn","7336433",23464.672,53670.293,18650
"46","SSN","2436172","vesicles_syn","7525251",23456.477,51993.99,16400
"47","SSN","2436172","vesicles_syn","7536933",24259.197,45863.07,26050
"48","SSN","2436172","vesicles_syn","7536965",23046.797,43435.47,25100
"49","SSN","2436172","vesicles_syn","7536974",23461.197,43289.87,24850
"50","SSN","2436172","vesicles_syn","7536986",23763.598,43737.87,24000
"51","SSN","2436172","vesicles_syn","7536996",24203.197,43723.87,23400
"52","SSN","2436172","vesicles_syn","7537011",23727.197,45381.47,23600
"53","SSN","2436172","vesicles_syn","7537025",25283.996,43673.47,23150
"54","SSN","2436172","vesicles_syn","7537048",27280.396,43345.87,22850
"55","SSN","2436172","vesicles_syn","7541198",22358.627,52899.316,20550
"56","SSN","2436172","vesicles_syn","7541754",21565.133,41840.4,26800
"57","SSN","2436172","vesicles_syn","7541771",19879.996,42805.47,24900
"58","SSN","2436172","vesicles_syn","7541996",25849.135,44483.133,20550
"59","SSN","2436172","vesicles_syn","7542011",26624.736,44722.996,19350
"60","SSN","2436172","vesicles_syn","7542045",26349.715,45560.2,16300
"61","SSN","2436172","vesicles_syn","7542429",21470.402,41839.47,15700
"62","SSN","2436172","vesicles_syn","7542506",15750.935,40069.867,19100
"63","SSN","2436172","vesicles_syn","7542624",17029.6,44096.266,17300
"64","SSN","2436172","vesicles_syn","7542649",15761.511,42912.8,18350
"65","SSN","2436172","vesicles_syn","7542683",15391.6,43207.266,20300
"66","SSN","2436172","vesicles_syn","7542718",14863.332,43883.457,21850
"67","SSN","2436172","vesicles_syn","7542719",16610.531,45627.855,21850
"68","SSN","2436172","vesicles_syn","7542730",13523.533,41793.266,21050
"69","SSN","2436172","vesicles_syn","7542737",15067.267,41213.664,21900
"70","SSN","2436172","vesicles_syn","7542770",15008.001,41275.734,21300
"71","SSN","2436172","vesicles_syn","7542811",14265.066,40628,19600
"72","SSN","2436172","vesicles_syn","7547302",20428.492,50032.586,25250
"73","SSN","2436172","vesicles_syn","7547310",22304.18,51910.21,25000
"74","SSN","2436172","vesicles_syn","7547319",23617.379,51050.613,25300
"75","SSN","2436172","vesicles_syn","7547326",24026.18,51005.812,25000
"76","SSN","2436172","vesicles_syn","7547387",24647.002,55024.2,23550
"77","SSN","2436172","vesicles_syn","7555758",16568.531,38267.6,22200
"78","SSN","2436172","vesicles_syn","7562858",21111.996,41863.266,26200
"79","SSN","2436172","vesicles_syn","7564681",18061.867,41384.934,23750
"80","SSN","2436172","vesicles_syn","7564704",19417.068,42336.934,23100
"81","SSN","2436172","vesicles_syn","7564730",21444.268,43344.934,22050
"82","SSN","2436172","vesicles_syn","7564760",21822.268,43582.938,20500
"83","SSN","2436172","vesicles_syn","7564776",22096.668,43997.336,19500
"84","SSN","2436172","vesicles_syn","7564785",22113.469,44047.734,19000
"85","SSN","2436172","vesicles_syn","7569256",13275.64,36286.555,19350
"86","SSN","2436172","vesicles_syn","7570642",21584.268,45162.133,13950
"87","SSN","2436172","vesicles_syn","7570678",14988.4,42470.867,20700
"88","SSN","2436172","vesicles_syn","7571568",16918.531,46313.86,22150
"89","SSN","2436172","vesicles_syn","7571573",16235.332,44857.86,22300
"90","SSN","2436172","vesicles_syn","7571582",16582.531,45244.258,22450
"91","SSN","2436172","vesicles_syn","7571592",16716.93,45888.258,22300
"92","SSN","2436172","vesicles_syn","7571604",15683.73,44530.26,22450
"93","SSN","2436172","vesicles_syn","7571614",14765.33,44295.06,22550
"94","SSN","2436172","vesicles_syn","7571630",15185.33,44384.66,22800
"95","SSN","2436172","vesicles_syn","7571648",14552.53,44390.26,23000
"96","SSN","2436172","vesicles_syn","7571661",14804.53,43891.86,23550
"97","SSN","2436172","vesicles_syn","7571672",14983.73,46501.46,23250
"98","SSN","2436172","vesicles_syn","7571686",17537.025,47646.99,21900
"99","SSN","2436172","vesicles_syn","7571756",22944.76,50806.785,19650
"100","SSN","2436172","vesicles_syn","7571776",23966.76,51649.586,20150
"101","SSN","2436172","vesicles_syn","7571784",23832.357,50965.92,20150
"102","SSN","2436172","vesicles_syn","7571895",20023.426,49919.344,24650
"103","SSN","2436172","vesicles_syn","7571907",17830.092,48478.117,24850
"104","SSN","2436172","vesicles_syn","7571912",18148.36,48301.254,24300
"105","SSN","2436172","vesicles_syn","7571926",14932.4,38192.31,18950
"106","SSN","2436172","vesicles_syn","7571941",14719.6,38298.71,18850
"107","SSN","2436172","vesicles_syn","7571966",15184.4,38791.51,18600
"108","SSN","2436172","vesicles_syn","7571976",15808.8,38626.31,18550
"109","SSN","2436172","vesicles_syn","7571992",13338.735,38197.133,18050
"110","SSN","2436172","vesicles_syn","7572004",14114.335,38871.934,17700
"111","SSN","2436172","vesicles_no_syn","7572061",16220.091,42984.055,23800
"112","SSN","2436172","vesicles_syn","7572066",15935.891,43329.85,23800
"113","SSN","2436172","vesicles_no_syn","7572084",15865.891,42629.85,23950
"114","SSN","2436172","vesicles_syn","7572087",16437.092,42638.254,23850
"115","SSN","2436172","vesicles_syn","7572099",14554.092,41600.85,24250
"116","SSN","2436172","vesicles_syn","7572113",14895.692,42634.055,24300
"117","SSN","2436172","vesicles_syn","7572152",26742.334,45241,17400
"118","SSN","2436172","vesicles_syn","7572169",24313.8,43776.6,21600
"119","SSN","2436172","vesicles_syn","7572231",24822.6,44182.6,22200
"120","SSN","2436172","vesicles_syn","7572241",25393.8,44821,22000
"121","SSN","2436172","vesicles_syn","7572253",25147.4,44193.8,22200
"122","SSN","2436172","vesicles_no_syn","7572264",24905.996,43732.27,25200
"123","SSN","2436172","vesicles_syn","7572285",21593.596,42676.67,25250
"124","SSN","2436172","vesicles_syn","7572306",20501.596,42385.47,25400
"125","SSN","2436172","vesicles_syn","7572321",21683.195,42262.27,25900
"126","SSN","2436172","vesicles_syn","7572338",21467.596,41822.67,26400
"127","SSN","2436172","vesicles_syn","7572343",20689.195,41453.07,26200
"128","SSN","2436172","vesicles_syn","7572367",16923.824,40068.316,25950
"129","SSN","2436172","vesicles_syn","7572375",15872.89,40243.785,25150
"130","SSN","2436172","vesicles_syn","7572392",15623.69,40224.19,24750
"131","SSN","2436172","vesicles_syn","7572410",16475.2,40712.934,24600
"132","SSN","2436172","vesicles_syn","7572419",17203.2,40819.336,24500
"133","SSN","2436172","vesicles_syn","7572424",16693.6,41312.133,24100
"134","SSN","2436172","vesicles_syn","7572672",18218.047,37044.008,22600
"135","SSN","2436172","vesicles_syn","7572790",23545.197,45980.67,26750
"136","SSN","2436172","vesicles_syn","7572849",11611.601,38965.734,16250
"137","SSN","2436172","vesicles_syn","7572873",12859.001,38992.336,15400
"138","SSN","2436172","vesicles_syn","7573009",12841.267,39596.2,19250
"139","SSN","2436172","vesicles_syn","7573352",18178.691,40093.05,25550
"140","SSN","2436172","vesicles_syn","7573360",25131.402,55354.6,23800
"141","SSN","2436172","vesicles_syn","7617581",25218.2,50725.266,20800
"142","SSN","2436172","vesicles_syn","7634853",18424,50911.004,24950
"143","SSN","2436172","vesicles_syn","7634916",20277.6,34906.2,24900
"144","SSN","2436172","vesicles_syn","7671447",11475.521,41504.863,17600
"145","nonciliated","2436505","vesicles_none","7599673",30765.467,51377.203,15950
"146","nonciliated","2436505","vesicles_none","7599694",31650.266,53068.402,18900
"147","nonciliated","2436505","vesicles_none","7599710",31303.066,54698.004,23450
"148","nonciliated","2436505","vesicles_none","7599731",31426.266,54406.805,24100
"149","nonciliated","2436505","vesicles_none","7599743",31986.266,56574.004,25300
"150","nonciliated","2436505","vesicles_none","7599753",31224.666,56669.203,25850
"151","nonciliated","2436505","vesicles_none","7599765",30748.666,54569.203,27450
"152","bridge","2436516","vesicles_none","7333491",24220.934,45668.008,10250
"153","bridge","2436516","vesicles_none","7333593",32775.867,50099.938,11750
"154","bridge","2436516","vesicles_none","7599883",33755.863,50646.87,13200
"155","bridge","2436516","vesicles_none","7599901",36208.664,51648.336,14650
"156","bridge","2436516","vesicles_none","7599917",36502.664,51499.938,15150
"157","bridge","2436516","vesicles_none","7599931",36595.062,51313.74,15100
"158","bridge","2436516","vesicles_none","7599940",37947.465,51961.938,16000
"159","bridge","2436516","vesicles_none","7599961",36852.664,52708.137,16850
"160","bridge","2436516","vesicles_none","7599973",37569.465,52535.934,16750
"161","bridge","2436516","vesicles_none","7599979",36802.266,53529.934,16650
"162","bridge","2436516","vesicles_none","7599986",36555.863,52521.47,17200
"163","bridge","2436516","vesicles_none","7600198",40018.53,54684.938,20250
"164","bridge","2436516","vesicles_none","7600289",38460.8,53210.74,19200
"165","bridge","2436516","vesicles_unc","7600077",40629.863,55261.27,20450
"166","bridge","2436516","vesicles_unc","7600216",40121.2,55569.27,19750
"167","bridge","2436516","vesicles_unc","7600250",39561.2,54483.34,19150
"168","bridge","2436516","vesicles_syn","7333741",39777.73,54250.938,20300
"169","bridge","2436516","vesicles_syn","7333752",40280.8,55597.734,20750
"170","bridge","2436516","vesicles_syn","7333776",40211.73,54560.805,20850
"171","bridge","2436516","vesicles_syn","7600044",40080.13,54805.8,21050
"172","bridge","2436516","vesicles_syn","7600164",39946.66,54670.47,20350
"173","bridge","2436516","vesicles_syn","7600281",38276,55025.14,19200
"174","SSN","2436531","vesicles_none","7546768",31539.828,54605.99,15050
"175","SSN","2436531","vesicles_none","7546781",32760.316,59397.414,19100
"176","SSN","2436531","vesicles_none","7547227",38080.78,60169.746,21850
"177","SSN","2436531","vesicles_none","7552037",33773.6,49409.04,22600
"178","SSN","2436531","vesicles_none","7565303",40819.336,60419.098,13850
"179","SSN","2436531","vesicles_none","7565423",39118.336,63172.9,16250
"180","SSN","2436531","vesicles_none","7565446",38890.14,63622.3,17100
"181","SSN","2436531","vesicles_none","7570903",35463.137,52863.637,22500
"182","SSN","2436531","vesicles_none","7571073",39120.66,54923.863,19850
"183","SSN","2436531","vesicles_none","7571224",37050.848,49880.21,20000
"184","SSN","2436531","vesicles_none","7573531",31598.318,57796.742,22350
"185","SSN","2436531","vesicles_none","7573543",33578.85,56805.547,17850
"186","SSN","2436531","vesicles_none","7574993",31456.492,55343.38,16250
"187","SSN","2436531","vesicles_none","7575008",37788.05,62092.24,20500
"188","SSN","2436531","vesicles_unc","7570896",34653.934,52692.836,22400
"189","SSN","2436531","vesicles_unc","7570974",37419.508,52453.18,22100
"190","SSN","2436531","vesicles_unc","7571385",37519.06,54926.043,18600
"191","SSN","2436531","vesicles_unc","7574848",36310.71,61383.54,21250
"192","SSN","2436531","vesicles_unc","7574989",31902.582,54783.945,15350
"193","SSN","2436531","vesicles_syn","7522338",34861.4,61546.344,20700
"194","SSN","2436531","vesicles_syn","7525360",36793.55,52301.82,22250
"195","SSN","2436531","vesicles_syn","7525387",35138.336,52718.035,22600
"196","SSN","2436531","vesicles_syn","7525417",37936.258,55787.82,18200
"197","SSN","2436531","vesicles_syn","7525425",37193.95,54110.465,17950
"198","SSN","2436531","vesicles_syn","7525473",33473.066,49245.465,13800
"199","SSN","2436531","vesicles_syn","7525523",39595.73,48835.97,19450
"200","SSN","2436531","vesicles_syn","7525536",40002.668,48805.633,20400
"201","SSN","2436531","vesicles_syn","7525561",40394.668,49858.434,21600
"202","SSN","2436531","vesicles_syn","7525822",36832.133,50486.098,18700
"203","SSN","2436531","vesicles_syn","7525844",36656.047,50042.61,19900
"204","SSN","2436531","vesicles_syn","7525892",33026.934,49488.367,22650
"205","SSN","2436531","vesicles_syn","7525913",33575.734,50672.766,23800
"206","SSN","2436531","vesicles_syn","7525921",34032.137,50381.566,24400
"207","SSN","2436531","vesicles_syn","7525936",32699.332,49222.367,25000
"208","SSN","2436531","vesicles_syn","7525938",32598.533,49164.965,25350
"209","SSN","2436531","vesicles_syn","7525938",32598.533,49164.965,25350
"210","SSN","2436531","vesicles_syn","7526034",29383.668,54188.63,23500
"211","SSN","2436531","vesicles_syn","7533241",33955.01,59734.77,19900
"212","SSN","2436531","vesicles_syn","7533242",33602.21,59936.37,19900
"213","SSN","2436531","vesicles_syn","7536816",30101.68,51359.84,25150
"214","SSN","2436531","vesicles_syn","7540306",38927.47,50528.1,18350
"215","SSN","2436531","vesicles_syn","7546750",33436.984,57078.08,17950
"216","SSN","2436531","vesicles_syn","7546883",32022.05,58371.68,22300
"217","SSN","2436531","vesicles_syn","7546897",31231.518,57922.746,22700
"218","SSN","2436531","vesicles_syn","7546905",31029.918,57228.344,23050
"219","SSN","2436531","vesicles_syn","7546992",36433.91,61657.94,21700
"220","SSN","2436531","vesicles_syn","7547111",32313.248,58789.812,18150
"221","SSN","2436531","vesicles_syn","7547210",37478.78,58539.21,22300
"222","SSN","2436531","vesicles_syn","7548012",37586.266,62443.73,19350
"223","SSN","2436531","vesicles_syn","7559880",36959.062,65794.63,16450
"224","SSN","2436531","vesicles_syn","7565198",40554.734,60921.7,14400
"225","SSN","2436531","vesicles_syn","7565346",39766.535,62647.9,12250
"226","SSN","2436531","vesicles_syn","7567701",32831.867,56495.598,25400
"227","SSN","2436531","vesicles_syn","7570778",32181.332,49422.566,24950
"228","SSN","2436531","vesicles_syn","7570907",39516.4,54547.734,20350
"229","SSN","2436531","vesicles_syn","7570923",39611.6,55219.734,20600
"230","SSN","2436531","vesicles_syn","7570935",39863.6,55204.336,21100
"231","SSN","2436531","vesicles_syn","7570965",39088.31,55376.38,21750
"232","SSN","2436531","vesicles_syn","7570990",37712.26,52818.266,20900
"233","SSN","2436531","vesicles_syn","7571004",37942.176,53541.914,21550
"234","SSN","2436531","vesicles_syn","7571023",38255.773,52262.312,21600
"235","SSN","2436531","vesicles_no_syn","7571042",38319.86,52647.465,21250
"236","SSN","2436531","vesicles_no_syn","7571052",38048.26,54890.266,20500
"237","SSN","2436531","vesicles_syn","7571064",39070.26,54114.664,19900
"238","SSN","2436531","vesicles_syn","7571079",39235.46,55765.26,19850
"239","SSN","2436531","vesicles_syn","7571095",39406.26,55222.06,20100
"240","SSN","2436531","vesicles_syn","7571101",38773.46,54214.06,19550
"241","SSN","2436531","vesicles_syn","7571180",35846.535,49637.695,18250
"242","SSN","2436531","vesicles_syn","7571207",37347.645,50031.41,19700
"243","SSN","2436531","vesicles_syn","7571230",36444.402,49759.3,20650
"244","SSN","2436531","vesicles_syn","7571257",32623.73,50037.164,25500
"245","SSN","2436531","vesicles_syn","7571303",33277.992,49884.332,15150
"246","SSN","2436531","vesicles_syn","7571310",35811.68,51849.31,17400
"247","SSN","2436531","vesicles_syn","7571323",36176.613,52306.64,17550
"248","SSN","2436531","vesicles_syn","7571332",36859.816,53449.043,17750
"249","SSN","2436531","vesicles_syn","7571402",38109.86,55211.645,18700
"250","SSN","2436531","vesicles_syn","7571413",36494.26,52761.645,17950
"251","SSN","2436531","vesicles_syn","7571435",36861.895,53524.8,22550
"252","SSN","2436531","vesicles_syn","7573526",30534.318,56519.945,22450
"253","SSN","2436531","vesicles_syn","7573578",36109.58,56892.812,22400
"254","SSN","2436531","vesicles_syn","7573586",35789.91,61831.54,21950
"255","SSN","2436531","vesicles_no_syn","7574806",33340.527,58474.98,22150
"256","SSN","2436531","vesicles_syn","7574821",35369.91,61949.14,21600
"257","SSN","2436531","vesicles_syn","7574842",36842.71,61932.34,21450
"258","SSN","2436531","vesicles_syn","7574861",35511,61448.344,20800
"259","SSN","2436531","vesicles_syn","7574922",35201.6,57209.14,17100
"260","SSN","2436531","vesicles_syn","7574929",35632.8,58194.74,17300
"261","SSN","2436531","vesicles_syn","7574939",35392,57388.34,17200
"262","SSN","2436531","vesicles_no_syn","7574947",36369.824,58534.062,17650
"263","SSN","2436531","vesicles_syn","7574957",35042,60088.473,19400
"264","SSN","2436531","vesicles_syn","7595538",39517.33,59487.402,19850
"265","SSN","2436531","vesicles_no_syn","7595554",39430.53,58665.14,19600
"266","intra-multi-ciliated","2436550","vesicles_none","7595713",20142.736,55773.203,10400
"267","intra-multi-ciliated","2436550","vesicles_none","7595747",19101.137,54910.805,11150
"268","intra-multi-ciliated","2436550","vesicles_none","7595763",19929.936,57139.605,11450
"269","intra-multi-ciliated","2436550","vesicles_none","7595801",19274.736,56193.203,13600
"270","intra-multi-ciliated","2436550","vesicles_none","7595834",18518.736,58164.402,13700
"271","intra-multi-ciliated","2436550","vesicles_none","7595855",18843.535,60466.004,14600
"272","intra-multi-ciliated","2436550","vesicles_none","7595872",17902.736,58522.805,15900
"273","intra-multi-ciliated","2436550","vesicles_none","7595895",17925.137,61608.402,16000
"274","intra-multi-ciliated","2436550","vesicles_none","7595907",16178.324,59993.36,16050
"275","intra-multi-ciliated","2436550","vesicles_none","7595924",14839.924,61678.96,17000
"276","intra-multi-ciliated","2436550","vesicles_none","7595935",15444.724,62322.96,17200
"277","intra-multi-ciliated","2436550","vesicles_none","7595957",14369.524,60312.56,17400
"278","intra-multi-ciliated","2436550","vesicles_none","7595979",16396.725,60015.76,17400
"279","intra-multi-ciliated","2436550","vesicles_none","7595991",17522.324,60514.16,16950
"280","intra-multi-ciliated","2436550","vesicles_none","7596018",17236.725,62927.76,17750
"281","intra-multi-ciliated","2436550","vesicles_none","7596030",17331.924,61583.76,17650
"282","intra-multi-ciliated","2436550","vesicles_none","7596063",16447.123,61964.56,19000
"283","intra-multi-ciliated","2436550","vesicles_none","7596083",15243.124,61085.36,19150
"284","plumose","2436590","vesicles_none","7600989",26288.209,34127.184,6350
"285","plumose","2436590","vesicles_none","7601004",26198.61,34799.184,6550
"286","plumose","2436590","vesicles_none","7601018",26949.01,28695.186,5900
"287","plumose","2436590","vesicles_none","7601029",26389.01,28303.186,6200
"288","plumose","2436590","vesicles_none","7601046",26646.61,27384.785,6850
"289","plumose","2436590","vesicles_none","7601056",26691.408,25357.586,7200
"290","plumose","2436590","vesicles_none","7601072",27217.809,26130.385,10600
"291","plumose","2436590","vesicles_none","7601087",26484.209,33275.984,7750
"292","lamellate","2436675","vesicles_none","7596105",27914.13,41405.465,11900
"293","lamellate","2436675","vesicles_none","7596134",27270.13,41943.066,12500
"294","lamellate","2436675","vesicles_none","7596160",27471.73,41293.465,12700
"295","lamellate","2436675","vesicles_none","7596171",27594.93,41875.867,12250
"296","lamellate","2436675","vesicles_none","7596196",27796.53,42654.266,12900
"297","lamellate","2436675","vesicles_none","7596213",27505.33,40403.066,13250
"298","lamellate","2436675","vesicles_none","7596231",27645.33,42413.465,13600
"299","lamellate","2436675","vesicles_none","7596248",28608.53,42497.465,13950
"300","lamellate","2436675","vesicles_none","7596263",28177.33,42508.664,12050
"301","lamellate","2436675","vesicles_none","7596302",27572.53,40447.867,14150
"302","lamellate","2436675","vesicles_none","7596318",27611.73,40543.066,14900
"303","lamellate","2436675","vesicles_none","7596347",28804.53,38129.465,15600
"304","lamellate","2436675","vesicles_none","7596364",27107.73,38667.066,16400
"305","lamellate","2436675","vesicles_none","7596379",26844.53,38347.867,16800
"306","lamellate","2436675","vesicles_none","7596393",27018.13,39697.465,16650
"307","lamellate","2436675","vesicles_none","7596409",28350.93,38023.066,16500
"308","lamellate","2436675","vesicles_none","7596429",27432.53,36471.867,17200
"309","lamellate","2436675","vesicles_none","7596440",28894.13,36998.266,17150
"310","lamellate","2436675","vesicles_none","7596449",27813.33,37328.664,17400
"311","lamellate","2436675","vesicles_none","7596460",27337.33,38090.266,17550
"312","lamellate","2436675","vesicles_none","7596479",27975.73,37765.465,18000
"313","lamellate","2436675","vesicles_none","7596509",28804.53,36735.066,18900
"314","lamellate","2436675","vesicles_none","7596529",26956.53,36583.867,19050
"315","lamellate","2436675","vesicles_none","7596548",28468.53,36051.867,20100
"316","lamellate","2436675","vesicles_none","7596565",28446.13,35687.867,21200
"317","lamellate","2436675","vesicles_none","7596586",29123.73,35766.266,21400
"318","lamellate","2436675","vesicles_none","7596606",27930.93,33963.066,22800
"319","lamellate","2436675","vesicles_none","7596634",28854.93,36981.465,24900
"320","bristle","2436684","vesicles_none","7601097",33575.73,41605.203,1700
"321","bristle","2436684","vesicles_none","7601109",35882.93,43419.605,3600
"322","bristle","2436684","vesicles_none","7601131",32690.93,41482.004,4050
"323","bristle","2436684","vesicles_none","7601146",34326.13,42792.406,4200
"324","bristle","2436684","vesicles_none","7601160",34774.13,45581.203,4650
"325","bristle","2436684","vesicles_none","7601169",35311.73,42602.004,4650
"326","biciliated","2436698","vesicles_none","7593956",29297.8,49744.8,15700
"327","biciliated","2436698","vesicles_none","7593977",29913.8,51055.2,17900
"328","biciliated","2436698","vesicles_none","7593993",30574.6,52276,20200
"329","biciliated","2436698","vesicles_none","7594010",31039.4,52931.2,21500
"330","biciliated","2436698","vesicles_none","7594067",28928.2,51660,22650
"331","biciliated","2436698","vesicles_none","7594082",27326.6,50271.2,26450
"332","biciliated","2436698","vesicles_none","7594099",27645.8,51665.6,27100
"333","balancer","2436802","vesicles_none","7603076",19996.389,45920.93,12500
"334","balancer","2436802","vesicles_none","7603099",18316.389,45629.73,15050
"335","balancer","2436802","vesicles_none","7603130",14961.988,45484.13,17100
"336","balancer","2436802","vesicles_none","7603157",15118.788,44582.53,18000
"337","balancer","2436802","vesicles_none","7603175",13897.988,45842.53,18350
"338","balancer","2436802","vesicles_none","7603185",12301.988,45377.73,19000
"339","balancer","2436802","vesicles_none","7603197",12251.588,43462.53,20050
"340","balancer","2436802","vesicles_none","7603213",12531.588,44733.73,20750
"341","bridge","2437047","vesicles_none","7600339",22656.354,46344.664,14500
"342","bridge","2437047","vesicles_none","7600352",22745.955,46064.664,14900
"343","bridge","2437047","vesicles_none","7600415",20701.465,46169.477,17650
"344","bridge","2437047","vesicles_none","7600428",20086.287,46565.016,18100
"345","bridge","2437047","vesicles_none","7600474",18974.555,44468.44,19350
"346","bridge","2437047","vesicles_none","7600486",19612.691,43827.46,19950
"347","bridge","2437047","vesicles_none","7600497",18330.666,45847.195,20700
"348","bridge","2437047","vesicles_none","7600513",17289.066,44925.996,21000
"349","bridge","2437047","vesicles_none","7600532",18870.133,46586.39,21850
"350","bridge","2437047","vesicles_none","7600551",18203.73,46323.19,22100
"351","bridge","2437047","vesicles_none","7600576",16758.93,44839.19,22000
"352","bridge","2437047","vesicles_none","7600705",15612.532,40437.395,23700
"353","bridge","2437047","vesicles_none","7600726",15368.932,40858.797,23600
"354","bridge","2437047","vesicles_none","7600745",15195.332,41520.996,23550
"355","bridge","2437047","vesicles_none","7601178",15262.532,42325.996,23550
"356","bridge","2437047","vesicles_none","7601187",15430.532,42972.797,23450
"357","bridge","2437047","vesicles_none","7601195",15083.332,43140.797,23400
"358","bridge","2437047","vesicles_none","7601209",17088.13,43844.996,23100
"359","bridge","2437047","vesicles_none","7601222",17709.73,42617.195,22950
"360","bridge","2437047","vesicles_none","7601238",17998.133,43634.992,22550
"361","bridge","2437047","vesicles_none","7601243",16833.33,44861.395,22600
"362","bridge","2437047","vesicles_none","7601336",14218.131,42932.195,23850
"363","bridge","2437047","vesicles_none","7601342",18162.088,45386.375,19200
"364","bridge","2437047","vesicles_unc","7337259",15234.532,39138.195,24100
"365","bridge","2437047","vesicles_unc","7600376",22785.154,46052.066,15700
"366","bridge","2437047","vesicles_unc","7600387",21443.52,46559.395,16250
"367","bridge","2437047","vesicles_unc","7600392",21462.932,46705.582,16650
"368","bridge","2437047","vesicles_unc","7600408",20659.426,46392.06,17300
"369","bridge","2437047","vesicles_unc","7600440",20251.488,45979.816,18100
"370","bridge","2437047","vesicles_unc","7600680",15847.732,40167.195,24000
"371","bridge","2437047","vesicles_unc","7600719",15556.532,39719.195,23400
"372","bridge","2437047","vesicles_no_syn","7600405",21311.826,46571.26,17150
"373","bridge","2437047","vesicles_no_syn","7600460",18960.555,45916.04,19900
"374","bridge","2437047","vesicles_syn","7600626",15888.133,39380.594,24800
"375","bridge","2437047","vesicles_no_syn","7601224",17076.932,40253.992,22700
"376","bridge","2437047","vesicles_syn","7601301",14341.331,42218.195,23950
"377","bridge","2437047","vesicles_syn","7601312",14304.931,42598.992,24150
"378","bridge","2437047","vesicles_syn","7601323",14643.731,42927.996,23900
"379","bridge","2437072","vesicles_none","7337439",28501.2,49151.2,8100
"380","bridge","2437072","vesicles_none","7341461",32269.068,53519.016,11900
"381","bridge","2437072","vesicles_none","7341474",35825.535,56930.816,14600
"382","bridge","2437072","vesicles_none","7601346",32301.684,52873.613,11350
"383","bridge","2437072","vesicles_none","7601356",37261.47,58505.812,15800
"384","bridge","2437072","vesicles_none","7601371",36256.266,58508.613,15900
"385","bridge","2437072","vesicles_none","7601379",37697.65,61053.19,16550
"386","bridge","2437072","vesicles_none","7601448",37521.56,63432.88,19550
"387","bridge","2437072","vesicles_none","7627671",38116.4,61950.75,17800
"388","bridge","2437072","vesicles_none","7627725",36526,59090.55,17200
"389","bridge","2437072","vesicles_none","7627748",36273.066,59107.812,15600
"390","bridge","2437072","vesicles_unc","7627680",37438.8,61502.75,17650
"391","bridge","2437072","vesicles_syn","7341501",37991.957,63707.28,18800
"392","bridge","2437072","vesicles_syn","7341507",37227.555,62814.08,19000
"393","bridge","2437072","vesicles_syn","7341564",37171.56,63357.28,19550
"394","bridge","2437072","vesicles_syn","7577762",37585.02,62282.03,16900
"395","bridge","2437072","vesicles_no_syn","7601350",34104,55865.414,14150
"396","bridge","2437072","vesicles_syn","7601462",36972.76,63841.68,19300
"397","bridge","2437072","vesicles_no_syn","7627694",37654.4,62946.15,17300
"398","bridge","2437072","vesicles_no_syn","7627713",37690.8,61975.95,17300
"399","bridge","2437077","vesicles_none","7602933",38472,57280.54,16050
"400","bridge","2437077","vesicles_none","7602937",37923.82,57481.93,16600
"401","bridge","2437077","vesicles_none","7602948",37674.934,57904.004,17200
"402","bridge","2437077","vesicles_none","7602963",40204.266,58421.07,17800
"403","bridge","2437077","vesicles_none","7627785",39380.48,60262.164,19150
"404","bridge","2437077","vesicles_none","7627796",40478.08,60434.363,18850
"405","bridge","2437077","vesicles_none","7643010",32670.4,51612.4,12150
"406","bridge","2437077","vesicles_none","7643012",34165.6,52838.8,14000
"407","bridge","2437077","vesicles_unc","7603060",40000.8,59160.27,19500
"408","bridge","2437077","vesicles_syn","7575827",39370.8,59140.44,16850
"409","bridge","2437077","vesicles_syn","7602976",39390.4,60278.406,19500
"410","bridge","2437083","vesicles_none","7627804",20941.197,43720.594,16300
"411","bridge","2437083","vesicles_none","7627821",21744.932,44117.16,16050
"412","bridge","2437083","vesicles_none","7627828",20844.94,43407.51,16600
"413","bridge","2437083","vesicles_none","7627841",17539.197,41255.2,20100
"414","bridge","2437083","vesicles_none","7627857",15750.309,40680.266,21450
"415","bridge","2437083","vesicles_none","7627963",14231.465,40279.863,24200
"416","bridge","2437083","vesicles_none","7627978",14640.265,40400.266,23850
"417","bridge","2437083","vesicles_unc","7627835",20125.713,43363.13,17300
"418","bridge","2437083","vesicles_syn","7348871",14653.8,39999.87,24150
"419","bridge","2437083","vesicles_syn","7576470",14200.665,40738.13,24000
"420","bridge","2437083","vesicles_syn","7627884",17918.13,40946.26,22100
"421","bridge","2437089","vesicles_none","7341644",34969.2,54354.35,14450
"422","bridge","2437089","vesicles_none","7627987",32701.838,52724.51,12300
"423","bridge","2437089","vesicles_none","7627994",32640.238,52444.51,12350
"424","bridge","2437089","vesicles_none","7627999",33544.637,52648.91,12500
"425","bridge","2437089","vesicles_none","7628010",33480.24,52707.71,12750
"426","bridge","2437089","vesicles_none","7628025",33798.8,52910.76,13500
"427","bridge","2437089","vesicles_none","7628054",40378.176,60732.6,16650
"428","bridge","2437089","vesicles_none","7628135",40068.934,62308.22,17350
"429","bridge","2437089","vesicles_syn","7628044",39084.58,59723.2,16350
"430","bridge","2437089","vesicles_syn","7628069",40426.4,60133.086,17200
"431","bridge","2437089","vesicles_no_syn","7628081",38497.2,59718.688,16750
"432","bridge","2437089","vesicles_syn","7628091",38206,59672.484,16900
"433","bridge","2437089","vesicles_syn","7628098",37982,59013.086,16700
"434","bridge","2437089","vesicles_syn","7628122",38521.156,60135.105,17100
"435","bridge","2437100","vesicles_none","7337686",35453.6,53282.6,13600
"436","bridge","2437100","vesicles_none","7337689",36246,54523,14300
"437","bridge","2437100","vesicles_none","7628156",38691.145,56696.855,15000
"438","bridge","2437100","vesicles_none","7628176",38598.746,57207.855,15350
"439","bridge","2437100","vesicles_none","7628202",38629.547,56262.855,15150
"440","bridge","2437100","vesicles_none","7628268",40276.137,57944.6,16300
"441","bridge","2437100","vesicles_none","7628279",39746.938,57999.2,16200
"442","bridge","2437100","vesicles_syn","7628234",40579,58148.07,16950
"443","balancer","2437106","vesicles_none","7603285",35111.824,48665.312,11750
"444","balancer","2437106","vesicles_none","7603306",38656.625,49113.312,14800
"445","balancer","2437106","vesicles_none","7603318",39440.625,49214.113,16250
"446","balancer","2437106","vesicles_none","7603346",38623.023,48922.914,16600
"447","balancer","2437106","vesicles_none","7603360",40476.625,47046.914,19250
"448","balancer","2437106","vesicles_none","7603378",40459.824,46962.914,19750
"449","balancer","2437106","vesicles_none","7603387",40801.426,46800.51,20600
"450","balancer","2437297","vesicles_none","7603224",33747.465,54698,10750
"451","balancer","2437297","vesicles_none","7603233",36480.266,57873.2,12500
"452","balancer","2437297","vesicles_none","7603264",38961.062,60589.2,14500
"453","balancer","2437663","vesicles_none","7594310",24322.668,40389.066,14700
"454","balancer","2437663","vesicles_none","7594329",21942.668,38451.47,16650
"455","balancer","2437663","vesicles_none","7594362",21057.867,35147.47,21350
"456","balancer","2437663","vesicles_none","7594374",21410.668,35119.47,23400
"457","balancer","2437663","vesicles_none","7594389",21802.668,33781.066,24050
"458","NA","2438567","vesicles_none","7348560",14828.798,38973.67,21950
"459","NA","2438567","vesicles_none","7638056",23625.932,44895.67,10900
"460","NA","2438567","vesicles_none","7638057",22959.82,44224.85,13600
"461","NA","2438567","vesicles_none","7638061",22555.9,43998.63,13950
"462","NA","2438567","vesicles_none","7638083",17957.955,39942.625,18750
"463","bridge","2438600","vesicles_none","7348783",13859.064,40741.4,23250
"464","bridge","2438600","vesicles_none","7638122",15431.731,41856.266,20700
"465","bridge","2438600","vesicles_none","7638136",16593.357,44150.32,20250
"466","bridge","2438600","vesicles_none","7643027",21905.057,45001.074,15650
"467","bridge","2438600","vesicles_none","7643045",22057.938,45664.625,14600
"468","bridge","2438600","vesicles_none","7643062",19730.662,44768.26,17700
"469","intra-multi-ciliated","2438653","vesicles_none","7606555",25908.162,38551.094,12850
"470","intra-multi-ciliated","2438653","vesicles_none","7606575",25482.562,37190.297,14400
"471","intra-multi-ciliated","2438653","vesicles_none","7606587",27464.963,36260.695,15400
"472","intra-multi-ciliated","2438653","vesicles_none","7606605",26053.762,35823.895,16250
"473","intra-multi-ciliated","2438653","vesicles_none","7606617",24149.762,35107.094,17100
"474","intra-multi-ciliated","2438653","vesicles_none","7606629",26916.162,34575.094,17400
"475","intra-multi-ciliated","2438653","vesicles_none","7606651",26367.361,35398.297,17800
"476","intra-multi-ciliated","2438653","vesicles_none","7606670",24726.562,34076.695,17850
"477","intra-multi-ciliated","2438653","vesicles_none","7606684",25359.361,33029.496,18300
"478","intra-multi-ciliated","2438653","vesicles_none","7606721",27179.361,33522.297,18850
"479","intra-multi-ciliated","2438653","vesicles_none","7606735",23813.762,32127.895,19400
"480","intra-multi-ciliated","2438653","vesicles_none","7606747",24872.162,33505.496,19700
"481","intra-multi-ciliated","2438653","vesicles_none","7606772",23180.963,31427.895,20950
"482","intra-multi-ciliated","2438653","vesicles_none","7606785",25611.361,30862.295,20950
"483","intra-multi-ciliated","2438653","vesicles_none","7606796",27330.562,31791.895,21300
"484","intra-multi-ciliated","2438653","vesicles_none","7606817",25135.361,32939.895,23050
"485","intra-multi-ciliated","2438653","vesicles_none","7606829",24160.963,33113.496,23600
"486","lamellate","2438673","vesicles_none","7703672",26142.17,41545.035,12350
"487","lamellate","2438673","vesicles_none","7703688",26916.09,41470,14250
"488","lamellate","2438673","vesicles_none","7703707",25885.69,38910.8,16150
"489","lamellate","2438673","vesicles_none","7703716",26070.49,38325.6,15600
"490","lamellate","2438673","vesicles_none","7703722",25510.49,37704,17750
"491","lamellate","2438673","vesicles_none","7703737",26798.49,36192,20200
"492","lamellate","2438673","vesicles_none","7703750",26370.09,34554,19950
"493","lamellate","2438673","vesicles_none","7703760",26910.49,35066.4,22150
"494","lamellate","2438673","vesicles_none","7703769",25485.29,35343.6,22300
"495","lamellate","2438673","vesicles_none","7703778",26039.69,33518,23000
"496","lamellate","2438673","vesicles_none","7703791",27739.29,34808.8,25000
"497","lamellate","2438673","vesicles_none","7703803",27408.8,35878.2,25050
"498","intra-multi-ciliated","2438810","vesicles_none","7606847",30088.8,57968.402,9100
"499","intra-multi-ciliated","2438810","vesicles_none","7606859",29372,55577.203,9500
"500","intra-multi-ciliated","2438810","vesicles_none","7606869",29612.8,56098.004,9650
"501","intra-multi-ciliated","2438810","vesicles_none","7606882",29260,58965.203,10350
"502","intra-multi-ciliated","2438810","vesicles_none","7606913",30408,58310.004,11300
"503","intra-multi-ciliated","2438810","vesicles_none","7606926",29904,60152.402,11950
"504","intra-multi-ciliated","2438810","vesicles_none","7606946",31729.6,65371.6,14650
"505","intra-multi-ciliated","2438810","vesicles_none","7606964",31315.2,66474.805,15100
"506","intra-multi-ciliated","2438810","vesicles_none","7606978",32088,67202.805,15350
"507","intra-multi-ciliated","2438810","vesicles_none","7606991",33219.2,67494,15550
"508","intra-multi-ciliated","2438810","vesicles_none","7607006",30150.4,67930.805,15800
"509","intra-multi-ciliated","2438810","vesicles_none","7607022",31752,68490.805,16350
"510","intra-multi-ciliated","2438810","vesicles_none","7607036",30811.2,68434.805,17450
"511","intra-multi-ciliated","2438810","vesicles_none","7607065",32172,68177.2,17850
"512","bristle","2438853","vesicles_none","7600932",22618.4,33096,6350
"513","bristle","2438853","vesicles_none","7600946",23996,31696,6450
"514","bristle","2438853","vesicles_none","7600956",23895.2,29780.8,5800
"515","bristle","2438853","vesicles_none","7600977",24231.2,33689.6,5350
"516","multiciliated","2438926","vesicles_none","7598630",26441.334,36607.195,12050
"517","multiciliated","2438926","vesicles_none","7598642",26060.533,33056.797,15400
"518","multiciliated","2438926","vesicles_none","7598683",24509.334,32138.395,16700
"519","multiciliated","2438926","vesicles_none","7598731",25450.135,30295.994,20000
"520","biciliated","2457192","vesicles_none","7603476",32563.074,47306.004,23950
"521","biciliated","2457192","vesicles_none","7603489",31532.674,46460.402,24100
"522","biciliated","2457192","vesicles_none","7603503",32210.273,46589.203,24600
"523","biciliated","2457192","vesicles_none","7603521",30950.273,46057.203,24150
"524","biciliated","2457192","vesicles_none","7603535",31157.475,46191.6,24800
"525","biciliated","2457192","vesicles_none","7603542",30155.074,46331.6,25850
"526","biciliated","2457192","vesicles_none","7603551",32579.873,47496.402,22600
"527","biciliated","2457192","vesicles_none","7603595",34864.676,48734.004,21150
"528","biciliated","2457192","vesicles_none","7603646",32495.873,48924.402,17550
"529","nonciliated","2457796","vesicles_none","7600593",28869.865,52394.08,12900
"530","nonciliated","2457796","vesicles_none","7600618",30101.865,55306.08,16650
"531","nonciliated","2457796","vesicles_none","7600647",31367.465,58570.88,18350
"532","nonciliated","2457796","vesicles_none","7600678",31429.064,60161.277,19850
"533","nonciliated","2457796","vesicles_none","7600700",31921.865,61074.08,20200
"534","nonciliated","2457796","vesicles_none","7600739",32773.066,63106.88,22050
"535","nonciliated","2457796","vesicles_none","7600761",28634.664,61236.477,22450
"536","nonciliated","2457796","vesicles_none","7600769",27537.064,60575.676,22400
"537","nonciliated","2457796","vesicles_none","7600783",29317.865,61292.477,22850
"538","nonciliated","2457796","vesicles_none","7600793",28601.064,60956.477,22950
"539","nonciliated","2457796","vesicles_none","7600801",29597.865,61124.477,23050
"540","nonciliated","2457796","vesicles_none","7600815",29077.064,60200.477,23200
"541","nonciliated","2457796","vesicles_none","7600824",28388.266,60256.477,23050
"542","biciliated","2457895","vesicles_none","7604087",25952.89,54614.31,9700
"543","biciliated","2457895","vesicles_none","7604124",25728.89,57907.11,12400
"544","biciliated","2457895","vesicles_none","7604147",26154.49,62039.91,14450
"545","biciliated","2457895","vesicles_none","7604158",23976.09,64044.71,17000
"546","biciliated","2457895","vesicles_none","7604173",24362.49,64548.71,17750
"547","biciliated","2457895","vesicles_none","7604180",24496.89,64907.11,18200
"548","biciliated","2457895","vesicles_none","7604200",24695.69,65607.11,20300
"549","dense_vesicle","2457945","vesicles_none","7594408",22536.268,50828.4,13150
"550","dense_vesicle","2457945","vesicles_none","7594429",21959.469,51248.4,14100
"551","dense_vesicle","2457945","vesicles_none","7594448",20525.867,53258.8,17850
"552","dense_vesicle","2457945","vesicles_none","7594479",18635.867,54042.8,23850
"553","bridge","2458237","vesicles_none","7606011",31235.36,51256.223,8900
"554","bridge","2458237","vesicles_none","7606023",35911.36,53529.824,11350
"555","bridge","2458237","vesicles_none","7606036",39209.76,57181.023,14400
"556","bridge","2458237","vesicles_none","7606051",41998.56,58323.42,14900
"557","bridge","2458237","vesicles_none","7606063",40615.36,56525.824,16250
"558","dense_vesicle","2458342","vesicles_none","7604562",31077.074,57503.56,10500
"559","dense_vesicle","2458342","vesicles_none","7604589",31356.998,59269.5,12200
"560","dense_vesicle","2458342","vesicles_none","7604604",34100.176,67848.07,15800
"561","dense_vesicle","2458342","vesicles_none","7604612",33004.305,64625.93,14700
"562","dense_vesicle","2458350","vesicles_none","7393169",32779.367,61002.727,11750
"563","dense_vesicle","2458350","vesicles_none","7604474",31210.125,58942.863,9100
"564","dense_vesicle","2458350","vesicles_none","7604488",31887.781,58404.133,9400
"565","dense_vesicle","2458350","vesicles_none","7604497",31271.781,58275.332,9500
"566","dense_vesicle","2458350","vesicles_none","7604505",31619.047,58054.516,10100
"567","epithelial_floor","2458401","vesicles_none","7600306",37051.344,56868.45,9350
"568","epithelial_floor","2458401","vesicles_none","7600316",39868.145,58632.45,8850
"569","epithelial_floor","2458401","vesicles_none","7600327",40657.746,59416.45,9350
"570","biciliated","2462187","vesicles_none","7603989",30525.6,43884.4,11800
"571","biciliated","2462187","vesicles_none","7604008",33163.2,42702.8,15550
"572","biciliated","2462187","vesicles_none","7604019",32804.8,42915.6,16600
"573","biciliated","2462187","vesicles_none","7604033",34188,40311.6,20450
"574","biciliated","2462187","vesicles_none","7604050",34697.6,41258,20800
"575","biciliated","2462187","vesicles_none","7604071",32748.8,39964.4,24300
"576","NA","2472607","vesicles_none","7598347",25892.54,37013.664,22350
"577","NA","2472607","vesicles_none","7598357",25965.34,37293.664,23000
"578","NA","2472607","vesicles_none","7598371",25450.14,37276.867,23150
"579","NA","2472607","vesicles_none","7598382",25198.14,36240.867,23400
"580","NA","2472607","vesicles_none","7598393",25797.34,36694.465,23200
"581","NA","2472607","vesicles_none","7598473",26446.94,37164.867,25950
"582","nonciliated","2473250","vesicles_none","7599781",26866.812,44944.953,13700
"583","nonciliated","2473250","vesicles_none","7599796",24582.012,42150.555,19050
"584","nonciliated","2473250","vesicles_none","7599808",23887.611,43186.555,22300
"585","nonciliated","2473250","vesicles_none","7599820",22818.012,40324.953,24300
"586","nonciliated","2473250","vesicles_none","7599836",24800.412,42408.156,24700
"587","nonciliated","2473250","vesicles_none","7599848",23316.412,41310.555,25100
"588","nonciliated","2473250","vesicles_none","7599857",23988.412,39725.754,25700
"589","nonciliated","2473250","vesicles_none","7599867",23730.812,39742.555,26050
"590","nonciliated","2473250","vesicles_none","7599875",24369.213,39804.156,26300
"591","bridge","2473306","vesicles_none","7643081",24743.623,46284.2,8250
"592","bridge","2473306","vesicles_unc","7473518",17516.21,39334.69,25250
"593","bridge","2473306","vesicles_unc","7643082",22078.076,43563.15,17650
"594","bridge","2473306","vesicles_unc","7643120",21219.61,43553.156,19500
"595","bridge","2473306","vesicles_unc","7643130",21265.1,42909.824,20000
"596","bridge","2473306","vesicles_unc","7643146",20824.877,42200.957,20400
"597","bridge","2473306","vesicles_unc","7643622",17652.633,38869.426,25600
"598","bridge","2473306","vesicles_unc","7643710",18341.125,41176.934,22950
"599","bridge","2473306","vesicles_unc","7643729",18234.725,42504.137,22850
"600","bridge","2473306","vesicles_no_syn","7643086",20439.904,43152.41,19000
"601","bridge","2473306","vesicles_no_syn","7643104",21487.104,43166.41,19350
"602","bridge","2473306","vesicles_syn","7643585",17360.031,39164.824,25850
"603","bridge","2473306","vesicles_syn","7643599",18030.633,39110.227,25950
"604","bridge","2473306","vesicles_no_syn","7643613",16987.633,38968.824,25600
"605","bridge","2473306","vesicles_syn","7643636",16632.81,39576.895,25150
"606","bridge","2473306","vesicles_syn","7643649",17159.213,39570.355,24750
"607","bridge","2473306","vesicles_syn","7643662",17045.81,39804.156,24450
"608","bridge","2473306","vesicles_syn","7643669",16833.012,40491.09,23750
"609","bridge","2473306","vesicles_syn","7643689",18055.213,40341.29,23550
"610","bridge","2473306","vesicles_syn","7643735",18098.926,40318.734,22800
"611","monociliated","2473363","vesicles_none","7598213",29875.998,43287.07,12850
"612","monociliated","2473363","vesicles_none","7598230",29965.598,43382.27,13300
"613","monociliated","2473363","vesicles_none","7598241",30223.197,41847.87,14900
"614","monociliated","2473363","vesicles_none","7598253",31040.799,42587.07,14900
"615","monociliated","2473363","vesicles_none","7598267",30805.598,42155.87,16800
"616","monociliated","2473363","vesicles_none","7598283",32530.398,40638.27,20450
"617","monociliated","2473363","vesicles_none","7598295",31449.598,39591.07,20650
"618","monociliated","2473363","vesicles_none","7598309",30150.398,37614.27,24100
"619","monociliated","2473363","vesicles_none","7598320",30497.598,37860.67,24550
"620","monociliated","2473363","vesicles_none","7598328",31175.197,38840.67,24500
"621","monociliated","2473363","vesicles_none","7598340",30939.998,38728.67,24600
"622","dome","2473440","vesicles_none","7594609",17910.662,58774.8,3750
"623","dome","2473440","vesicles_none","7594626",15620.263,58836.402,3950
"624","dome","2473440","vesicles_none","7594656",16986.662,57710.8,4350
"625","dome","2473440","vesicles_none","7594677",14735.463,58623.6,5100
"626","dome","2473440","vesicles_none","7594696",13940.263,60975.6,7500
"627","dome","2473471","vesicles_none","7606132",14640.264,52598.008,3450
"628","dome","2473471","vesicles_none","7606145",13363.464,54737.207,4400
"629","dome","2473471","vesicles_none","7606163",13710.664,52945.207,4650
"630","dome","2473471","vesicles_none","7606185",12669.064,52396.406,5500
"631","dome","2473471","vesicles_none","7606197",12646.664,55174.008,7050
"632","epithelial_floor","2473599","vesicles_none","7600074",10098.29,42777.848,9550
"633","epithelial_floor","2473599","vesicles_none","7600104",11184.69,42789.047,8300
"634","epithelial_floor","2473599","vesicles_none","7600140",11397.49,42318.65,8200
"635","epithelial_floor","2473599","vesicles_none","7600204",12226.29,44161.047,7100
"636","epithelial_floor","2473599","vesicles_none","7600233",12948.69,42979.445,6200
"637","dome","2473903","vesicles_none","7485336",16940.943,60734.1,2850
"638","dome","2473903","vesicles_none","7605130",18571.096,60529.28,2500
"639","dome","2473903","vesicles_none","7605133",18123.096,58502.08,2500
"640","dome","2473903","vesicles_none","7735210",18458.543,61664.664,2150
"641","dome","2473903","vesicles_none","7735211",17814.543,58836.664,2050
"642","epithelial_floor","2473954","vesicles_none","7606323",25214.436,60033.63,50
"643","epithelial_floor","2473954","vesicles_none","7606333",28540.836,64608.83,1050
"644","epithelial_floor","2473954","vesicles_none","7606350",27846.436,64272.83,1350
"645","epithelial_floor","2473954","vesicles_none","7606378",29929.637,67252.03,2450
"646","plumose","2474066","vesicles_none","7703611",34609.53,42134.96,4950
"647","plumose","2474066","vesicles_none","7703615",40279.875,39793.6,4200
"648","plumose","2474066","vesicles_none","7703622",40103.477,40054,4050
"649","plumose","2474066","vesicles_none","7703630",40783.875,39088,4000
"650","plumose","2474066","vesicles_none","7703640",40464.676,39642.4,3750
"651","plumose","2474066","vesicles_none","7703651",42203.477,40681.2,5350
"652","bristle","2474122","vesicles_none","7735187",13881.791,49956.418,5850
"653","bristle","2474122","vesicles_none","7735195",16092.546,52628.863,7050
"654","plumose","2474196","vesicles_none","7479082",27624.236,59683.95,4400
"655","plumose","2474196","vesicles_none","7735212",26625.527,64070.566,2200
"656","plumose","2474196","vesicles_none","7735214",28986.86,66599.9,2600
"657","plumose","2474196","vesicles_none","7735216",28874.86,68895.9,3500
"658","plumose","2474196","vesicles_none","7735218",28921.527,64583.9,4100
"659","plumose","2474196","vesicles_none","7735220",28594.86,65218.566,3900
"660","plumose","2474196","vesicles_none","7735221",29276.193,68541.234,4150
"661","plumose","2474196","vesicles_none","7735222",28837.527,69651.9,4350
"662","plumose","2474196","vesicles_none","7735223",27950.86,69521.234,4350
"663","plumose","2474196","vesicles_none","7735225",29257.527,66609.234,4550
"664","Cgroove","2474482","vesicles_none","7606077",31018.4,58741.2,5900
"665","Cgroove","2474482","vesicles_none","7606087",30682.4,58864.4,6450
"666","Cgroove","2474482","vesicles_none","7606096",30973.6,57374.8,6650
"667","Cgroove","2474482","vesicles_none","7606105",30413.6,57184.4,6900
"668","Cgroove","2474482","vesicles_none","7606112",32765.6,62616.4,6800
"669","Cgroove","2474482","vesicles_none","7606119",35722.4,61552.4,7250
"670","Cgroove","2474529","vesicles_none","7735198",11846.985,45858.805,13450
"671","Cgroove","2474529","vesicles_none","7735199",11156.318,46213.473,13500
"672","Cgroove","2474529","vesicles_none","7735201",13274.984,46997.473,13200
"673","Cgroove","2474529","vesicles_none","7735202",13396.318,46297.473,13300
"674","Cgroove","2474529","vesicles_none","7735203",11977.651,46717.473,11700
"675","Cgroove","2474529","vesicles_none","7735204",16261.651,47044.14,10600
"676","Cgroove","2474529","vesicles_none","7735205",14385.651,47324.14,10600
"677","Cgroove","2474529","vesicles_none","7735206",15253.651,47333.473,10400
"678","Cgroove","2474529","vesicles_none","7735208",15598.984,45933.473,10250
"679","multiciliated","2474824","vesicles_none","7599283",21578.668,56686.004,9950
"680","multiciliated","2474824","vesicles_none","7599312",21231.469,58153.203,11250
"681","multiciliated","2474824","vesicles_none","7599328",22194.668,57940.406,11400
"682","multiciliated","2474824","vesicles_none","7599345",19764.268,62694.805,14600
"683","multiciliated","2474824","vesicles_none","7599370",19411.469,64890.004,18250
"684","multiciliated","2474824","vesicles_none","7599387",18980.268,64716.406,19450
"685","multiciliated","2474824","vesicles_none","7599407",18991.469,64884.406,20050
"686","lamellate","2474905","vesicles_none","7703809",23007.605,51721.6,8850
"687","lamellate","2474905","vesicles_none","7703811",22649.205,51626.4,9900
"688","lamellate","2474905","vesicles_none","7703812",21781.205,51570.4,10100
"689","lamellate","2474905","vesicles_none","7703814",22139.605,52063.2,10750
"690","lamellate","2474905","vesicles_none","7703816",22190.006,52903.2,11400
"691","lamellate","2474905","vesicles_none","7703817",21999.605,53323.2,12450
"692","lamellate","2474905","vesicles_none","7703819",21658.006,53687.2,13200
"693","lamellate","2474905","vesicles_none","7703820",20538.006,55916,16100
"694","lamellate","2474905","vesicles_none","7703823",20017.205,56604.8,17100
"695","lamellate","2474905","vesicles_none","7703825",19367.605,58945.6,18400
"696","lamellate","2474905","vesicles_none","7703826",17934.006,58324,22400
"697","epithelial_floor","2475261","vesicles_none","7606223",15310.397,58216.67,6650
"698","epithelial_floor","2475261","vesicles_none","7606233",17023.996,59213.47,7200
"699","epithelial_floor","2475261","vesicles_none","7606245",15377.597,60938.27,7100
"700","epithelial_floor","2475261","vesicles_none","7606257",14100.797,59661.47,7200
"701","epithelial_floor","2475261","vesicles_none","7606268",16956.797,57175.07,7200
"702","epithelial_floor","2475261","vesicles_none","7606279",17348.797,58306.27,7300
"703","epithelial_floor","2475261","vesicles_none","7606295",16732.797,56816.67,7600
"704","epithelial_floor","2475261","vesicles_none","7606309",14649.597,59515.87,7950
"705","epithelial_floor","2475261","vesicles_none","7606319",12655.997,63234.27,12650
"706","monociliated","2475269","vesicles_none","7575488",21630,70515.9,13850
"707","monociliated","2475269","vesicles_none","7597350",21919.328,59564.402,8800
"708","monociliated","2475269","vesicles_none","7597372",21140.93,61614.004,10700
"709","monociliated","2475269","vesicles_none","7597399",18346.53,66435.6,13450
"710","monociliated","2475269","vesicles_none","7597415",17842.53,67186,13800
"711","monociliated","2475269","vesicles_none","7597438",17752.93,66743.6,14350
"712","biciliated","2475366","vesicles_none","7604304",21794.832,57916.15,9650
"713","biciliated","2475366","vesicles_none","7604330",20047.633,65576.945,16000
"714","biciliated","2475366","vesicles_none","7604344",19207.633,65403.348,16000
"715","biciliated","2475366","vesicles_none","7604360",18126.832,66260.15,16850
"716","biciliated","2475366","vesicles_none","7604383",17930.832,65778.55,16950
"717","biciliated","2475366","vesicles_none","7604394",18440.434,66405.75,17900
"718","biciliated","2475366","vesicles_none","7604403",18490.832,65946.55,18350
"719","biciliated","2475366","vesicles_none","7604414",19314.033,66506.55,18750
"720","lithocyte","2475939","vesicles_none","7708189",38167.73,59135.08,6350
"721","lithocyte","2475939","vesicles_none","7708193",38254.53,58437.88,6350
"722","lithocyte","2475939","vesicles_none","7708202",37652.53,58827.08,6400
"723","lithocyte","2475939","vesicles_none","7708212",37985.73,58258.68,6650
"724","lithocyte","2475939","vesicles_none","7708221",38682.93,58636.68,6600
"725","lithocyte","2475939","vesicles_none","7708229",39268.13,57077.08,6000
"726","lithocyte","2475939","vesicles_none","7708238",37854.13,58563.88,5950
"727","lithocyte","2475939","vesicles_none","7708252",39301.73,56573.08,5250
"728","lithocyte","2475939","vesicles_none","7708260",38918.13,57544.68,5100
"729","lithocyte","2475939","vesicles_none","7708267",37170.93,59347.88,5350
"730","lithocyte","2475939","vesicles_none","7708272",37490.13,59112.68,5400
"731","lithocyte","2475939","vesicles_none","7708279",37064.53,59034.28,5400
"732","lithocyte","2475939","vesicles_none","7708289",36666.93,59319.88,5400
"733","lithocyte","2475939","vesicles_none","7708298",38427.6,53715.6,5100
"734","lithocyte","2475939","vesicles_none","7708307",38657.2,53648.4,4950
"735","lithocyte","2475939","vesicles_none","7708317",38164.4,53486,4700
"736","lithocyte","2475939","vesicles_none","7708325",39066,53732.4,4600
"737","lithocyte","2475939","vesicles_none","7708335",38881.2,55406.8,4350
"738","lithocyte","2475939","vesicles_none","7708343",36523.6,55681.2,4300
"739","lithocyte","2475939","vesicles_none","7708355",36490,55955.6,4150
"740","lithocyte","2475939","vesicles_none","7708362",38850.4,54379.2,4050
"741","lithocyte","2475939","vesicles_none","7708368",38399.6,53374,4100
"742","lithocyte","2475939","vesicles_none","7708376",37002.4,54412.8,5300
"743","lithocyte","2475939","vesicles_none","7708383",36848.4,54712.4,5700
"744","lithocyte","2475939","vesicles_none","7708714",41840.8,54676,7100
"745","lithocyte","2475939","vesicles_none","7708744",41712,56988.8,7200
"746","lithocyte","2475939","vesicles_none","7708752",40891.6,58346.8,7050
"747","lithocyte","2475939","vesicles_none","7708763",40645.2,58324.4,7400
"748","lithocyte","2475939","vesicles_none","7708820",41286.4,58848,7900
"749","biciliated","2476064","vesicles_none","7604219",32582.67,57188.137,5900
"750","biciliated","2476064","vesicles_none","7604227",35237.07,59450.535,4750
"751","biciliated","2476064","vesicles_none","7604236",35091.47,61091.336,5350
"752","biciliated","2476064","vesicles_none","7604246",35533.87,60805.74,5500
"753","biciliated","2477131","vesicles_none","7594117",25389.104,60377.984,9000
"754","biciliated","2477131","vesicles_none","7594143",25293.904,63502.785,10700
"755","biciliated","2477131","vesicles_none","7594159",25103.504,63793.984,11100
"756","biciliated","2477131","vesicles_none","7594172",24437.104,68178.79,13250
"757","epithelial_floor","2477784","vesicles_none","7606423",31533.705,35721.37,3200
"758","epithelial_floor","2477784","vesicles_none","7606433",31533.705,36908.574,3200
"759","epithelial_floor","2477784","vesicles_none","7606447",31903.305,36908.574,3900
"760","epithelial_floor","2477784","vesicles_none","7606459",31522.506,36146.973,3600
"761","epithelial_floor","2477784","vesicles_none","7606470",33325.703,34489.37,3600
"762","epithelial_floor","2477784","vesicles_none","7606481",34591.305,34231.773,4050
"763","epithelial_floor","2477784","vesicles_none","7606494",35632.906,34545.37,3900
"764","epithelial_floor","2477784","vesicles_none","7606518",35946.504,32014.174,6150
"765","biciliated","2477884","vesicles_none","7604255",35199.586,39750.516,6000
"766","biciliated","2477884","vesicles_none","7604265",33799.586,40758.516,6250
"767","biciliated","2477884","vesicles_none","7604276",38884.383,38753.715,7550
"768","biciliated","2477884","vesicles_none","7604284",38559.586,38272.113,7650
"769","biciliated","2477884","vesicles_none","7604290",41202.785,37353.715,9500
"770","multiciliated","2478544","vesicles_none","7599056",37220.035,34371.25,16850
"771","multiciliated","2478544","vesicles_none","7599069",37528.035,34752.05,16400
"772","multiciliated","2478544","vesicles_none","7599086",36525.633,36941.65,16300
"773","multiciliated","2478544","vesicles_none","7599095",36710.434,37098.45,16100
"774","multiciliated","2478544","vesicles_none","7599103",33804.035,38291.25,13400
"775","multiciliated","2478544","vesicles_none","7599123",34117.633,39685.65,11200
"776","multiciliated","2478544","vesicles_none","7599134",31883.234,41136.05,10200
"777","biciliated","2478701","vesicles_none","7603966",24228.355,34614.113,17400
"778","biciliated","2478701","vesicles_none","7603979",24543.23,36064.625,14200
"779","biciliated","2478701","vesicles_syn","7603925",23477.975,31151.01,22300
"780","epithelial_floor","2478824","vesicles_none","7594717",26258.398,32023.604,8350
"781","epithelial_floor","2478824","vesicles_none","7594722",26247.197,26871.604,8500
"782","epithelial_floor","2478824","vesicles_none","7594736",26896.799,26082.004,12950
"783","multiciliated","2479027","vesicles_none","7598818",31121.074,29468.137,17300
"784","multiciliated","2479027","vesicles_none","7598912",31367.475,32492.137,14250
"785","multiciliated","2479027","vesicles_none","7598958",30006.377,38355.973,9500
"786","multiciliated","2479027","vesicles_none","7598982",32694.676,30798.137,15000
"787","multiciliated","2479027","vesicles_none","7598995",33041.875,32332.537,15950
"788","multiciliated","2479027","vesicles_none","7599017",33053.074,30725.338,16000
"789","multiciliated","2479027","vesicles_none","7599026",30079.475,29050.938,16050
"790","Cgroove","2479866","vesicles_none","7703574",15681.402,34409.914,8000
"791","Cgroove","2479866","vesicles_none","7703576",16689.402,36369.914,8300
"792","Cgroove","2479866","vesicles_none","7703580",16958.201,35482.316,8950
"793","Cgroove","2479866","vesicles_none","7703582",16504.602,35644.715,8750
"794","Cgroove","2479866","vesicles_none","7703583",15143.802,32858.715,8750
"795","Cgroove","2479866","vesicles_none","7703584",14595.002,32500.316,8750
"796","Cgroove","2479866","vesicles_none","7703600",14147.002,33651.117,9350
"797","lithocyte","2480142","vesicles_none","7596643",16035.602,40265.863,8500
"798","lithocyte","2480142","vesicles_none","7596657",15374.802,39756.266,8800
"799","lithocyte","2480142","vesicles_none","7596664",14949.202,39767.465,8850
"800","lithocyte","2480142","vesicles_none","7596674",15464.402,39913.066,9050
"801","lithocyte","2480142","vesicles_none","7596684",15531.602,39470.664,9100
"802","lithocyte","2480142","vesicles_none","7596700",14366.802,38748.266,9550
"803","lithocyte","2480142","vesicles_none","7596706",13084.402,40327.465,9300
"804","lithocyte","2480142","vesicles_none","7596713",14131.602,38412.266,9250
"805","lithocyte","2480142","vesicles_none","7596811",14021.8,38087.4,9650
"806","lithocyte","2480142","vesicles_none","7596834",12201.8,39649.8,9650
"807","lithocyte","2480142","vesicles_none","7596845",11938.6,39605,9950
"808","lithocyte","2480142","vesicles_none","7596855",11910.6,39000.2,9950
"809","lithocyte","2480142","vesicles_none","7596865",12162.6,40853.8,9850
"810","lithocyte","2480142","vesicles_none","7596875",12420.2,39862.6,10100
"811","lithocyte","2480142","vesicles_none","7596882",12862.6,41105.8,10100
"812","lithocyte","2480142","vesicles_none","7596890",13153.8,40719.4,10150
"813","lithocyte","2480142","vesicles_none","7596898",12985.8,40943.4,10350
"814","lithocyte","2480142","vesicles_none","7596906",13288.2,37729,9900
"815","lithocyte","2480142","vesicles_none","7596914",13069.8,37073.8,10100
"816","lithocyte","2480142","vesicles_none","7596921",14481,38552.2,10000
"817","lithocyte","2480142","vesicles_none","7596931",12890.6,37029,10450
"818","lithocyte","2480142","vesicles_none","7596951",12957.8,36653.8,11350
"819","lithocyte","2480142","vesicles_none","7596961",12504.2,36625.8,11050
"820","lithocyte","2480142","vesicles_none","7596981",13221,36793.8,11050
"821","lithocyte","2480142","vesicles_none","7596992",12168.2,41570.6,10800
"822","lithocyte","2480142","vesicles_none","7597003",11513,42864.2,10950
"823","lithocyte","2480142","vesicles_none","7597015",12319.4,37073.8,12350
"824","lithocyte","2480142","vesicles_none","7597025",12974.6,36838.6,12450
"825","lithocyte","2480142","vesicles_none","7597033",12717,37124.2,12600
"826","lithocyte","2480142","vesicles_none","7597043",12980.2,36877.8,12900
"827","lithocyte","2480142","vesicles_none","7597056",12498.6,36967.4,12900
"828","lithocyte","2480142","vesicles_none","7597069",12722.6,37533,13000
"829","lithocyte","2480142","vesicles_none","7597082",13680.2,37034.6,13450
"830","lithocyte","2480142","vesicles_none","7597104",13747.4,36603.4,13800
"831","lithocyte","2480142","vesicles_none","7597114",13125.8,36760.2,14000
"832","lithocyte","2480142","vesicles_none","7597127",12291.4,38737,13600
"833","lithocyte","2480142","vesicles_none","7597140",12369.8,38076.2,13500
"834","lithocyte","2480142","vesicles_none","7597151",13433.8,39801,12900
"835","lithocyte","2480142","vesicles_none","7597161",13809,39694.6,12600
"836","lithocyte","2480142","vesicles_none","7597171",13209.8,40646.6,12350
"837","lithocyte","2480142","vesicles_none","7597181",13585,40489.8,12150
"838","lithocyte","2480142","vesicles_none","7597190",14458.6,40529,11750
"839","lithocyte","2480142","vesicles_none","7597205",15556.2,40993.8,11300
"840","bridge","2480205","vesicles_none","7520929",15669.738,39061.4,22100
"841","bridge","2480205","vesicles_none","7625655",21773.738,43558.66,13400
"842","bridge","2480205","vesicles_none","7625668",20638.246,41147.582,16100
"843","bridge","2480205","vesicles_none","7625684",20156.646,41360.383,15950
"844","bridge","2480205","vesicles_none","7625697",18593.756,40401.9,17150
"845","bridge","2480205","vesicles_unc","7625816",13347.916,38392.04,20950
"846","bridge","2480205","vesicles_syn","7520935",14856.138,37884.2,21400
"847","bridge","2480205","vesicles_syn","7625728",15798.014,39427.93,18900
"848","bridge","2480221","vesicles_none","7627181",21088.207,44428.523,13300
"849","bridge","2480221","vesicles_none","7627222",15426.139,41390.996,17000
"850","bridge","2480221","vesicles_none","7627240",15232.628,41842.26,17200
"851","bridge","2480221","vesicles_none","7627249",15529.428,42161.46,17450
"852","bridge","2480221","vesicles_none","7627272",15033.205,40419.16,17500
"853","bridge","2480221","vesicles_none","7627297",13285.072,38521.74,18800
"854","bridge","2480221","vesicles_syn","7627325",13158.139,39919.13,19800
"855","bridge","2480239","vesicles_none","7521098",20619.762,44226.24,19700
"856","bridge","2480239","vesicles_none","7643746",14932.313,38567.477,23750
"857","bridge","2480239","vesicles_none","7643759",18896.207,42741.934,19150
"858","bridge","2480239","vesicles_none","7643788",23667.686,45618.996,15300
"859","bridge","2480239","vesicles_none","7643800",23338.846,44999.074,15600
"860","bridge","2480239","vesicles_none","7643815",21049.94,46080.37,17300
"861","bridge","2480248","vesicles_none","7643826",21664.066,44304.4,14600
"862","bridge","2480248","vesicles_none","7643839",21522.674,43482.133,15150
"863","bridge","2480248","vesicles_none","7643848",21686.012,43857.805,15500
"864","bridge","2480248","vesicles_none","7643860",20320.027,41517.316,17100
"865","bridge","2480248","vesicles_none","7643865",19012.428,44112.914,17100
"866","bridge","2480248","vesicles_none","7643881",15629.509,40506.34,22200
"867","bridge","2480248","vesicles_none","7643882",16749.799,41287.586,19150
"868","bridge","2480248","vesicles_none","7643890",16537.56,41577.48,18900
"869","bridge","2480248","vesicles_none","7643898",16324.76,40944.68,18900
"870","bridge","2480248","vesicles_none","7643915",18323.176,40364.934,18650
"871","bridge","2480254","vesicles_none","7643935",21240.092,46156.766,15300
"872","bridge","2480254","vesicles_none","7643951",20954.492,45663.965,15800
"873","bridge","2480254","vesicles_none","7643966",13991.692,41990.54,22300
"874","bridge","2480254","vesicles_none","7643985",16930.14,44767.4,19250
"875","NA","2480302","vesicles_none","7627362",22202.504,42364.27,16350
"876","NA","2480302","vesicles_none","7627378",21815.02,42191.7,16950
"877","NA","2480302","vesicles_none","7627397",22169.479,42011.67,17450
"878","NA","2480302","vesicles_none","7627414",19855.578,39862.48,22200
"879","NA","2480302","vesicles_none","7627420",19332.146,40621.938,20700
"880","NA","2480313","vesicles_none","7627440",26535.361,44783.445,14650
"881","NA","2480313","vesicles_none","7627463",24496.695,43396.117,18300
"882","biciliated","2480943","vesicles_none","7603410",31264.807,42499.8,11400
"883","biciliated","2480943","vesicles_none","7603437",34960.81,38103.8,19950
"884","biciliated","2480943","vesicles_none","7603450",35711.207,36743,21400
"885","monociliated","2487643","vesicles_none","7597216",36996.395,53084.273,9100
"886","monociliated","2487643","vesicles_none","7597228",39320.395,54299.477,9050
"887","monociliated","2487643","vesicles_none","7597237",42254.797,55789.074,8800
"888","monociliated","2487643","vesicles_none","7597250",42310.797,54893.074,9550
"889","SSN","2496955","vesicles_none","7334779",26575.73,52013.74,25750
"890","SSN","2496955","vesicles_none","7334873",30460.264,53278.87,26600
"891","SSN","2496955","vesicles_none","7525659",37891.465,50855.234,18350
"892","SSN","2496955","vesicles_none","7525783",40223.867,47424.3,20250
"893","SSN","2496955","vesicles_none","7526092",28651.465,55159.297,24550
"894","SSN","2496955","vesicles_none","7529249",23434.135,44011.094,27500
"895","SSN","2496955","vesicles_none","7532859",32191.598,47442.035,25150
"896","SSN","2496955","vesicles_none","7532870",34384,52568.84,25500
"897","SSN","2496955","vesicles_none","7532987",22551.2,40008.035,22900
"898","SSN","2496955","vesicles_none","7532996",23156,40215.234,22450
"899","SSN","2496955","vesicles_none","7533089",16472.4,36408.633,24000
"900","SSN","2496955","vesicles_none","7540140",29142.396,55607.066,25200
"901","SSN","2496955","vesicles_none","7540144",28777.467,55569.496,25450
"902","SSN","2496955","vesicles_none","7540263",40601.395,56315,16900
"903","SSN","2496955","vesicles_none","7540284",38670.797,54984.066,13450
"904","SSN","2496955","vesicles_none","7541569",17429.064,52369.8,23200
"905","SSN","2496955","vesicles_none","7547182",32828.445,62654.746,19700
"906","SSN","2496955","vesicles_none","7547655",31971.334,53312,26250
"907","SSN","2496955","vesicles_none","7559870",37054.266,65461.43,16900
"908","SSN","2496955","vesicles_none","7560269",38931.82,62499.03,17700
"909","SSN","2496955","vesicles_none","7560378",39875.42,61297.83,15150
"910","SSN","2496955","vesicles_none","7566309",41291.01,53249.97,19650
"911","SSN","2496955","vesicles_none","7566341",40348.47,50632.633,21050
"912","SSN","2496955","vesicles_none","7566379",38563,49873.836,21250
"913","SSN","2496955","vesicles_none","7566410",39046.465,49287.7,22000
"914","SSN","2496955","vesicles_none","7566563",38210.668,47507.367,21500
"915","SSN","2496955","vesicles_none","7566630",18728.266,46725,27150
"916","SSN","2496955","vesicles_none","7567697",31931.2,55208.53,24850
"917","SSN","2496955","vesicles_none","7567850",28901.598,54958.17,24100
"918","SSN","2496955","vesicles_none","7567860",31165.865,53871.766,24200
"919","SSN","2496955","vesicles_none","7567955",25432.398,43030.637,25800
"920","SSN","2496955","vesicles_none","7567964",25200,43447.6,25600
"921","SSN","2496955","vesicles_none","7568997",17920.934,39694.902,24550
"922","SSN","2496955","vesicles_none","7569018",29329.996,46525.266,25050
"923","SSN","2496955","vesicles_none","7569037",21140.932,54384.863,24500
"924","SSN","2496955","vesicles_none","7569046",21021.902,54919.418,24200
"925","SSN","2496955","vesicles_none","7569666",36424.734,52931.43,22550
"926","SSN","2496955","vesicles_none","7569693",36375.734,51538.43,22650
"927","SSN","2496955","vesicles_none","7569751",21573.07,32160.8,22200
"928","SSN","2496955","vesicles_none","7569908",26928.062,43139.133,26300
"929","SSN","2496955","vesicles_none","7569946",15767.732,48018.41,24550
"930","SSN","2496955","vesicles_none","7569955",15636.133,47685.21,24550
"931","SSN","2496955","vesicles_none","7569968",14997.732,46934.81,24650
"932","SSN","2496955","vesicles_none","7569984",14465.732,45988.41,24350
"933","SSN","2496955","vesicles_none","7570006",14087.733,44288.81,23250
"934","SSN","2496955","vesicles_none","7570071",13194.533,41673.61,21750
"935","SSN","2496955","vesicles_none","7570184",11307.333,44218.81,14000
"936","SSN","2496955","vesicles_none","7570267",11865.933,43129.61,19650
"937","SSN","2496955","vesicles_none","7570352",11340.933,46113.01,17200
"938","SSN","2496955","vesicles_none","7570522",13450.64,37609.56,19900
"939","SSN","2496955","vesicles_none","7575318",31532.98,59171.547,17350
"940","SSN","2496955","vesicles_none","7575596",17479.465,48063.4,26350
"941","SSN","2496955","vesicles_none","7576182",12389.533,42337.21,11850
"942","SSN","2496955","vesicles_none","7645945",34774.91,54997.94,15150
"943","SSN","2496955","vesicles_none","7645949",36786.4,58672.29,19000
"944","SSN","2496955","vesicles_unc","7526157",33284.887,51441.453,26650
"945","SSN","2496955","vesicles_unc","7528741",31618.533,64005.895,22050
"946","SSN","2496955","vesicles_unc","7528882",22582,51812.824,25700
"947","SSN","2496955","vesicles_unc","7541302",17901.334,50649.2,22500
"948","SSN","2496955","vesicles_unc","7547975",36580.133,62653.266,20150
"949","SSN","2496955","vesicles_unc","7559872",36975.867,65405.43,16800
"950","SSN","2496955","vesicles_unc","7565512",40510.4,59727.496,13300
"951","SSN","2496955","vesicles_unc","7567430",17738,34795.836,22250
"952","SSN","2496955","vesicles_unc","7576107",11795.933,42544.41,12300
"953","SSN","2496955","vesicles_unc","7576185",12494.533,41950.81,11850
"954","SSN","2496955","vesicles_unc","7577145",23412.979,51585.414,25450
"955","SSN","2496955","vesicles_unc","7645935",39403.81,55816.17,14350
"956","SSN","2496955","vesicles_syn","7329529",40865.066,55510,15300
"957","SSN","2496955","vesicles_syn","7329967",38204.13,53618.6,14150
"958","SSN","2496955","vesicles_syn","7334589",41533.332,55708.805,16000
"959","SSN","2496955","vesicles_syn","7334757",27660.264,51558.27,23450
"960","SSN","2496955","vesicles_syn","7334773",26622.398,51759.867,25150
"961","SSN","2496955","vesicles_syn","7334966",30641.332,52425.336,23750
"962","SSN","2496955","vesicles_syn","7335072",30038.396,53003.07,26250
"963","SSN","2496955","vesicles_syn","7525584",32563.066,45641.164,22800
"964","SSN","2496955","vesicles_syn","7525595",34441.867,47851.766,22650
"965","SSN","2496955","vesicles_syn","7525610",38984.867,49352.098,21800
"966","SSN","2496955","vesicles_syn","7525627",40295.266,50722.234,21150
"967","SSN","2496955","vesicles_syn","7525649",37992.266,50845.434,18900
"968","SSN","2496955","vesicles_syn","7525668",36582.934,49730.566,17900
"969","SSN","2496955","vesicles_syn","7525691",40144.535,48175.633,20850
"970","SSN","2496955","vesicles_syn","7525708",40193.066,48474.3,21250
"971","SSN","2496955","vesicles_syn","7525795",39208.402,48271.766,18900
"972","SSN","2496955","vesicles_syn","7525984",36273.535,52321.03,22400
"973","SSN","2496955","vesicles_syn","7526298",40439,59188.496,13250
"974","SSN","2496955","vesicles_syn","7526304",39620.465,56737.56,13500
"975","SSN","2496955","vesicles_syn","7526340",40527.2,58701.297,11050
"976","SSN","2496955","vesicles_syn","7526392",31320.799,56757.63,16700
"977","SSN","2496955","vesicles_syn","7528138",41691.41,52859.37,19450
"978","SSN","2496955","vesicles_syn","7528368",42355.01,54760.57,14200
"979","SSN","2496955","vesicles_no_syn","7528562",35106.4,63389.01,18250
"980","SSN","2496955","vesicles_syn","7528568",35938.93,64207.03,18350
"981","SSN","2496955","vesicles_syn","7528666",30630.133,62603.094,20200
"982","SSN","2496955","vesicles_syn","7528671",30943.732,62283.895,20550
"983","SSN","2496955","vesicles_syn","7528681",30890.533,62729.094,20750
"984","SSN","2496955","vesicles_syn","7528716",33164.133,63524.293,21850
"985","SSN","2496955","vesicles_syn","7528746",32940.133,64285.895,22150
"986","SSN","2496955","vesicles_no_syn","7529111",31803.33,53523.63,27000
"987","SSN","2496955","vesicles_syn","7532812",26843.598,42938.234,23850
"988","SSN","2496955","vesicles_syn","7532963",25331.6,40787.836,22100
"989","SSN","2496955","vesicles_syn","7532977",23088.8,39722.434,22600
"990","SSN","2496955","vesicles_syn","7533005",19961.2,37994.836,23900
"991","SSN","2496955","vesicles_syn","7533022",18365.2,39674.836,24100
"992","SSN","2496955","vesicles_syn","7533032",19009.2,39194.633,24200
"993","SSN","2496955","vesicles_syn","7533037",18460.4,39406.035,24800
"994","SSN","2496955","vesicles_syn","7533151",16304.4,33436.434,22400
"995","SSN","2496955","vesicles_syn","7533156",17166.8,34366.035,22200
"996","SSN","2496955","vesicles_syn","7540061",27829.197,47937.867,26300
"997","SSN","2496955","vesicles_syn","7540084",28212.797,48909.47,26000
"998","SSN","2496955","vesicles_syn","7540152",29140.996,55398.47,24950
"999","SSN","2496955","vesicles_no_syn","7540163",28100.797,55058.266,25000
"1000","SSN","2496955","vesicles_syn","7540172",27201.996,54506.664,24900
"1001","SSN","2496955","vesicles_no_syn","7540181",27733.996,55027.465,25250
"1002","SSN","2496955","vesicles_no_syn","7540187",27061.996,55094.664,25000
"1003","SSN","2496955","vesicles_syn","7540193",27095.596,54937.863,24550
"1004","SSN","2496955","vesicles_syn","7540215",27641.596,42046.664,24950
"1005","SSN","2496955","vesicles_syn","7540224",28011.195,41842.26,24300
"1006","SSN","2496955","vesicles_syn","7540231",27168.398,42778.633,23850
"1007","SSN","2496955","vesicles_syn","7540275",38995.598,55325.668,13400
"1008","SSN","2496955","vesicles_syn","7540303",40258.402,47282.9,20750
"1009","SSN","2496955","vesicles_syn","7541268",20339.2,51578.8,20850
"1010","SSN","2496955","vesicles_syn","7541311",17778.133,51048.668,23300
"1011","SSN","2496955","vesicles_syn","7541362",27281.332,59510.266,21350
"1012","SSN","2496955","vesicles_syn","7541459",23760.799,57253.465,20500
"1013","SSN","2496955","vesicles_syn","7541465",22162.932,55731.2,20950
"1014","SSN","2496955","vesicles_syn","7541468",25478.133,59208.797,20200
"1015","SSN","2496955","vesicles_syn","7541500",28623.467,62007.4,22100
"1016","SSN","2496955","vesicles_syn","7541531",19983.6,53811.332,23500
"1017","SSN","2496955","vesicles_syn","7541802",22818.17,40389.33,26200
"1018","SSN","2496955","vesicles_syn","7542150",24944.27,43016.4,17950
"1019","SSN","2496955","vesicles_syn","7542268",20833.87,37132.664,22950
"1020","SSN","2496955","vesicles_syn","7542276",21232.87,35449.4,23200
"1021","SSN","2496955","vesicles_syn","7547189",32516.09,62953.41,19200
"1022","SSN","2496955","vesicles_syn","7547535",33796,61391.867,21900
"1023","SSN","2496955","vesicles_syn","7547588",33496.4,62307.934,22100
"1024","SSN","2496955","vesicles_syn","7551333",21672.004,39447.332,22450
"1025","SSN","2496955","vesicles_syn","7551340",22545.604,39403.465,24350
"1026","SSN","2496955","vesicles_syn","7555785",38010.06,54281.527,13100
"1027","SSN","2496955","vesicles_syn","7555798",35724.695,54888.76,11350
"1028","SSN","2496955","vesicles_syn","7555824",36553.96,55736.695,11900
"1029","SSN","2496955","vesicles_syn","7559759",32305.156,59382.164,17600
"1030","SSN","2496955","vesicles_syn","7559842",32016.133,63942.895,18950
"1031","SSN","2496955","vesicles_syn","7560217",36922.668,64255.098,17500
"1032","SSN","2496955","vesicles_syn","7560236",38464.22,63165.43,17350
"1033","SSN","2496955","vesicles_syn","7560248",38383.02,62387.03,17550
"1034","SSN","2496955","vesicles_syn","7560291",38427.82,61860.63,17150
"1035","SSN","2496955","vesicles_syn","7560300",38352.22,61530.23,16850
"1036","SSN","2496955","vesicles_syn","7560307",38030.22,62179.83,16750
"1037","SSN","2496955","vesicles_no_syn","7560325",38122.62,63214.43,16950
"1038","SSN","2496955","vesicles_syn","7560331",37988.22,61219.43,16450
"1039","SSN","2496955","vesicles_syn","7560337",37545.82,62238.63,16300
"1040","SSN","2496955","vesicles_syn","7560349",38643.42,62161.63,16200
"1041","SSN","2496955","vesicles_no_syn","7560353",37772.62,61537.23,16250
"1042","SSN","2496955","vesicles_syn","7560358",41040.22,60271.63,16000
"1043","SSN","2496955","vesicles_no_syn","7560369",41348.22,61601.63,15800
"1044","SSN","2496955","vesicles_syn","7565184",30498.531,62983.89,21050
"1045","SSN","2496955","vesicles_syn","7565529",39241.53,57286.36,13100
"1046","SSN","2496955","vesicles_syn","7565616",39247.133,57966.76,12950
"1047","SSN","2496955","vesicles_syn","7565639",38220.934,56929.36,12900
"1048","SSN","2496955","vesicles_syn","7565944",43475.883,53478.17,15350
"1049","SSN","2496955","vesicles_syn","7565991",42322.81,53140.77,17400
"1050","SSN","2496955","vesicles_syn","7566101",40420.21,53273.77,19200
"1051","SSN","2496955","vesicles_syn","7566335",39994.63,50716.168,20750
"1052","SSN","2496955","vesicles_no_syn","7566347",39445,50585.965,20400
"1053","SSN","2496955","vesicles_syn","7566384",38619,49288.633,21450
"1054","SSN","2496955","vesicles_syn","7566405",36291.266,48668.9,22350
"1055","SSN","2496955","vesicles_syn","7566420",33037.668,46859.164,23000
"1056","SSN","2496955","vesicles_no_syn","7566518",32490.268,46192.766,22950
"1057","SSN","2496955","vesicles_syn","7566574",24186.4,40594.633,22350
"1058","SSN","2496955","vesicles_syn","7566586",23184,39970.234,22900
"1059","SSN","2496955","vesicles_syn","7566649",17827.443,48896.867,25350
"1060","SSN","2496955","vesicles_syn","7566720",18044.29,51349.98,23400
"1061","SSN","2496955","vesicles_syn","7566750",23994.133,58265.668,21450
"1062","SSN","2496955","vesicles_syn","7566767",25313.4,58695.934,21050
"1063","SSN","2496955","vesicles_syn","7567441",17110.8,34205.035,22700
"1064","SSN","2496955","vesicles_syn","7567544",17379.6,38874.035,25000
"1065","SSN","2496955","vesicles_syn","7567660",25228.002,43262.8,18800
"1066","SSN","2496955","vesicles_syn","7568037",35499.33,64757.93,18700
"1067","SSN","2496955","vesicles_syn","7568830",35941.73,62390.066,21550
"1068","SSN","2496955","vesicles_syn","7568842",35572.133,62530.066,21400
"1069","SSN","2496955","vesicles_syn","7568854",35461.996,63320.598,21850
"1070","SSN","2496955","vesicles_no_syn","7568996",15865.731,37121,23650
"1071","SSN","2496955","vesicles_syn","7569023",30687.996,46830.465,25150
"1072","SSN","2496955","vesicles_syn","7569031",17432.799,51736.996,22600
"1073","SSN","2496955","vesicles_syn","7569113",33848.266,46486.766,24700
"1074","SSN","2496955","vesicles_syn","7569186",30799.068,56928.9,16750
"1075","SSN","2496955","vesicles_syn","7569516",37161.56,56025.094,11900
"1076","SSN","2496955","vesicles_syn","7569545",21826.236,40499.9,20350
"1077","SSN","2496955","vesicles_syn","7569568",33929,51455.84,25650
"1078","SSN","2496955","vesicles_syn","7569585",34126.4,51720.44,25200
"1079","SSN","2496955","vesicles_syn","7569704",36646.402,52749.9,23050
"1080","SSN","2496955","vesicles_syn","7569720",20096.07,31717,22900
"1081","SSN","2496955","vesicles_syn","7569725",20362.07,31960.6,23050
"1082","SSN","2496955","vesicles_no_syn","7569993",14040.133,45513.81,23850
"1083","SSN","2496955","vesicles_syn","7570018",13751.733,43856.21,22800
"1084","SSN","2496955","vesicles_syn","7570114",12281.733,41704.41,18350
"1085","SSN","2496955","vesicles_syn","7570227",10643.733,46184.41,11650
"1086","SSN","2496955","vesicles_syn","7570276",11696.533,43166.01,19250
"1087","SSN","2496955","vesicles_syn","7570296",14329.469,43469.523,22350
"1088","SSN","2496955","vesicles_syn","7570414",12805.333,44882.41,21600
"1089","SSN","2496955","vesicles_syn","7570453",11391.333,44949.61,14500
"1090","SSN","2496955","vesicles_syn","7570537",13789.44,37664.156,21100
"1091","SSN","2496955","vesicles_syn","7575173",38393.01,64330.97,13500
"1092","SSN","2496955","vesicles_syn","7575303",32697.78,60157.145,18000
"1093","SSN","2496955","vesicles_syn","7575333",30471.78,57681.945,16600
"1094","SSN","2496955","vesicles_syn","7575547",13275.58,47871.21,22550
"1095","SSN","2496955","vesicles_syn","7575555",13510.78,48084.01,22950
"1096","SSN","2496955","vesicles_syn","7575655",17757.6,33559.633,14600
"1097","SSN","2496955","vesicles_syn","7575854",39992.4,58919.24,16800
"1098","SSN","2496955","vesicles_syn","7575881",39754.4,58978.04,16450
"1099","SSN","2496955","vesicles_syn","7575893",39802,57964.44,17050
"1100","SSN","2496955","vesicles_syn","7575983",28783.996,48507.664,25800
"1101","SSN","2496955","vesicles_syn","7576046",11535.533,45912.81,14000
"1102","SSN","2496955","vesicles_syn","7576066",11479.533,45000.01,13400
"1103","SSN","2496955","vesicles_syn","7576087",11406.733,42821.61,13200
"1104","SSN","2496955","vesicles_syn","7576100",11387.133,42446.41,12850
"1105","SSN","2496955","vesicles_syn","7576112",11392.733,43014.81,12800
"1106","SSN","2496955","vesicles_no_syn","7576194",13020.933,42314.81,11850
"1107","SSN","2496955","vesicles_no_syn","7576205",13296.733,41852.81,11650
"1108","SSN","2496955","vesicles_syn","7576227",13835.733,41857.01,11200
"1109","SSN","2496955","vesicles_syn","7576301",11902.333,46414.01,15700
"1110","SSN","2496955","vesicles_syn","7576329",11700.733,46134.01,17100
"1111","SSN","2496955","vesicles_syn","7577419",37412.598,62120.574,19000
"1112","SSN","2496955","vesicles_syn","7596755",39137.81,55974.37,14200
"1113","SSN","2496955","vesicles_syn","7601544",34706,64369.016,19000
"1114","SSN","2496955","vesicles_syn","7601567",34977.6,63377.812,18350
"1115","SSN","2496955","vesicles_syn","7635193",34970.52,52920.758,10450
"1116","SSN","2496955","vesicles_syn","7650849",40700.21,54992.97,19000
"1117","SSN","2496955","vesicles_syn","7650877",41001.21,55512.37,17950
"1118","SSN","2496955","vesicles_syn","7672656",14884.521,51206.87,23300
"1119","SSN","2496955","vesicles_syn","7691290",42246.875,51057.535,10850
"1120","NA","2497202","vesicles_none","7600836",21055.07,39326,30600
"1121","NA","2497202","vesicles_none","7600868",23093.47,40188.4,29850
"1122","NA","2497202","vesicles_none","7600891",25635.87,36274,28100
"1123","NA","2497202","vesicles_none","7600907",23754.27,32802,26050
"1124","SNN","2559176","vesicles_none","7710045",43763.96,46482.23,7550
"1125","SNN","2559176","vesicles_none","7710212",38687.8,60381.6,6200
"1126","SNN","2559176","vesicles_none","7710233",38451.2,61539.4,6900
"1127","SNN","2559176","vesicles_none","7710261",39932.4,61925.8,7200
"1128","SNN","2559176","vesicles_none","7710273",39600.6,61484.8,7300
"1129","SNN","2559176","vesicles_none","7710289",39883.4,61686.4,7600
"1130","SNN","2559176","vesicles_none","7710302",40575,61540.8,8100
"1131","SNN","2559176","vesicles_none","7710326",41027.2,60934.6,8450
"1132","SNN","2559176","vesicles_none","7710330",40643.6,60268.2,7350
