"","celltype","skid","mito_type","treenodeid","x","y","z"
"1","bridge","3885795","vesicles_none","24776371",38116.4,61950.75,17800
"2","bridge","3885795","vesicles_none","24777990",36526,59090.55,17200
"3","bridge","3885795","vesicles_none","24778580",36273.066,59107.812,15600
"4","bridge","3885795","vesicles_none","24802943",32269.068,53519.016,11900
"5","bridge","3885795","vesicles_none","24803262",35825.535,56930.816,14600
"6","bridge","3885795","vesicles_none","24803359",28501.2,49151.2,8100
"7","bridge","3885795","vesicles_none","24812115",32301.684,52873.613,11350
"8","bridge","3885795","vesicles_none","24812412",37261.47,58505.812,15800
"9","bridge","3885795","vesicles_none","24812828",36256.266,58508.613,15900
"10","bridge","3885795","vesicles_none","24813050",37697.65,61053.19,16550
"11","bridge","3885795","vesicles_none","24815033",37521.56,63432.88,19550
"12","bridge","3885795","vesicles_unc","24776674",37438.8,61502.75,17650
"13","bridge","3885795","vesicles_syn","24763325",37585.02,62282.03,16900
"14","bridge","3885795","vesicles_no_syn","24777160",37654.4,62946.15,17300
"15","bridge","3885795","vesicles_no_syn","24777624",37690.8,61975.95,17300
"16","bridge","3885795","vesicles_no_syn","24812248",34104,55865.414,14150
"17","bridge","3885795","vesicles_syn","24813623",37227.555,62814.08,19000
"18","bridge","3885795","vesicles_syn","24814311",37991.957,63707.28,18800
"19","bridge","3885795","vesicles_syn","24814704",37171.56,63357.28,19550
"20","bridge","3885795","vesicles_syn","24815424",36972.76,63841.68,19300
"21","balancer","3885513","vesicles_none","24864470",19996.389,45920.93,12500
"22","balancer","3885513","vesicles_none","24865158",18316.389,45629.73,15050
"23","balancer","3885513","vesicles_none","24866041",14961.988,45484.13,17100
"24","balancer","3885513","vesicles_none","24866768",15118.788,44582.53,18000
"25","balancer","3885513","vesicles_none","24867242",13897.988,45842.53,18350
"26","balancer","3885513","vesicles_none","24867516",12301.988,45377.73,19000
"27","balancer","3885513","vesicles_none","24867806",12251.588,43462.53,20050
"28","balancer","3885513","vesicles_none","24868220",12531.588,44733.73,20750
"29","biciliated","3885533","vesicles_none","24767630",32563.074,47306.004,23950
"30","biciliated","3885533","vesicles_none","24768054",31532.674,46460.402,24100
"31","biciliated","3885533","vesicles_none","24768454",32210.273,46589.203,24600
"32","biciliated","3885533","vesicles_none","24768936",30950.273,46057.203,24150
"33","biciliated","3885533","vesicles_none","24769336",31157.475,46191.6,24800
"34","biciliated","3885533","vesicles_none","24769543",30155.074,46331.6,25850
"35","biciliated","3885533","vesicles_none","24769816",32579.873,47496.402,22600
"36","biciliated","3885533","vesicles_none","24771072",34864.676,48734.004,21150
"37","biciliated","3885533","vesicles_none","24772582",32495.873,48924.402,17550
"38","biciliated","3885549","vesicles_none","24790884",21794.832,57916.15,9650
"39","biciliated","3885549","vesicles_none","24791792",20047.633,65576.945,16000
"40","biciliated","3885549","vesicles_none","24792244",19207.633,65403.348,16000
"41","biciliated","3885549","vesicles_none","24792813",18126.832,66260.15,16850
"42","biciliated","3885549","vesicles_none","24793560",17930.832,65778.55,16950
"43","biciliated","3885549","vesicles_none","24793972",18440.434,66405.75,17900
"44","biciliated","3885549","vesicles_none","24794312",18490.832,65946.55,18350
"45","biciliated","3885549","vesicles_none","24794677",19314.033,66506.55,18750
"46","multiciliated","3885614","vesicles_none","24857332",21578.668,56686.004,9950
"47","multiciliated","3885614","vesicles_none","24858201",21231.469,58153.203,11250
"48","multiciliated","3885614","vesicles_none","24858680",22194.668,57940.406,11400
"49","multiciliated","3885614","vesicles_none","24859207",19764.268,62694.805,14600
"50","multiciliated","3885614","vesicles_none","24860009",19411.469,64890.004,18250
"51","multiciliated","3885614","vesicles_none","24860598",18980.268,64716.406,19450
"52","multiciliated","3885614","vesicles_none","24861232",18991.469,64884.406,20050
"53","bridge","3885625","vesicles_none","24822329",13859.064,40741.4,23250
"54","bridge","3885625","vesicles_none","24823882",15431.731,41856.266,20700
"55","bridge","3885625","vesicles_none","24824442",16593.357,44150.32,20250
"56","bridge","3885625","vesicles_none","24881899",21905.057,45001.074,15650
"57","bridge","3885625","vesicles_none","24882000",22057.938,45664.625,14600
"58","bridge","3885625","vesicles_none","24882090",19730.662,44768.26,17700
"59","nonciliated","3885630","vesicles_none","24764422",26866.812,44944.953,13700
"60","nonciliated","3885630","vesicles_none","24764752",24582.012,42150.555,19050
"61","nonciliated","3885630","vesicles_none","24765006",23887.611,43186.555,22300
"62","nonciliated","3885630","vesicles_none","24765258",22818.012,40324.953,24300
"63","nonciliated","3885630","vesicles_none","24765608",24800.412,42408.156,24700
"64","nonciliated","3885630","vesicles_none","24765905",23316.412,41310.555,25100
"65","nonciliated","3885630","vesicles_none","24766131",23988.412,39725.754,25700
"66","nonciliated","3885630","vesicles_none","24766398",23730.812,39742.555,26050
"67","nonciliated","3885630","vesicles_none","24766588",24369.213,39804.156,26300
"68","SNN","3885661","vesicles_none","24874269",43763.96,46482.23,7550
"69","SNN","3885661","vesicles_none","24875131",38687.8,60381.6,6200
"70","SNN","3885661","vesicles_none","24875233",38451.2,61539.4,6900
"71","SNN","3885661","vesicles_none","24875381",39932.4,61925.8,7200
"72","SNN","3885661","vesicles_none","24875453",39600.6,61484.8,7300
"73","SNN","3885661","vesicles_none","24875548",39883.4,61686.4,7600
"74","SNN","3885661","vesicles_none","24875628",40575,61540.8,8100
"75","SNN","3885661","vesicles_none","24875772",41027.2,60934.6,8450
"76","SNN","3885661","vesicles_none","24875797",40643.6,60268.2,7350
"77","dome","3885676","vesicles_none","24825172",17910.662,58774.8,3750
"78","dome","3885676","vesicles_none","24825695",15620.263,58836.402,3950
"79","dome","3885676","vesicles_none","24827233",16986.662,57710.8,4350
"80","dome","3885676","vesicles_none","24827930",14735.463,58623.6,5100
"81","dome","3885676","vesicles_none","24828506",13940.263,60975.6,7500
"82","multiciliated","3885713","vesicles_none","24838213",26441.334,36607.195,12050
"83","multiciliated","3885713","vesicles_none","24838630",26060.533,33056.797,15400
"84","multiciliated","3885713","vesicles_none","24839871",24509.334,32138.395,16700
"85","multiciliated","3885713","vesicles_none","24841148",25450.135,30295.994,20000
"86","bridge","3885781","vesicles_none","24778782",22656.354,46344.664,14500
"87","bridge","3885781","vesicles_none","24779099",22745.955,46064.664,14900
"88","bridge","3885781","vesicles_none","24780870",20701.465,46169.477,17650
"89","bridge","3885781","vesicles_none","24781234",20086.287,46565.016,18100
"90","bridge","3885781","vesicles_none","24782598",18974.555,44468.44,19350
"91","bridge","3885781","vesicles_none","24783038",19612.691,43827.46,19950
"92","bridge","3885781","vesicles_none","24783367",18330.666,45847.195,20700
"93","bridge","3885781","vesicles_none","24783822",17289.066,44925.996,21000
"94","bridge","3885781","vesicles_none","24784359",18870.133,46586.39,21850
"95","bridge","3885781","vesicles_none","24784866",18203.73,46323.19,22100
"96","bridge","3885781","vesicles_none","24785567",16758.93,44839.19,22000
"97","bridge","3885781","vesicles_none","24789449",15612.532,40437.395,23700
"98","bridge","3885781","vesicles_none","24790098",15368.932,40858.797,23600
"99","bridge","3885781","vesicles_none","24790622",15195.332,41520.996,23550
"100","bridge","3885781","vesicles_none","24805692",15262.532,42325.996,23550
"101","bridge","3885781","vesicles_none","24806075",15430.532,42972.797,23450
"102","bridge","3885781","vesicles_none","24806349",15083.332,43140.797,23400
"103","bridge","3885781","vesicles_none","24807000",17088.13,43844.996,23100
"104","bridge","3885781","vesicles_none","24807403",17709.73,42617.195,22950
"105","bridge","3885781","vesicles_none","24807889",17998.133,43634.992,22550
"106","bridge","3885781","vesicles_none","24808187",16833.33,44861.395,22600
"107","bridge","3885781","vesicles_none","24811841",14218.131,42932.195,23850
"108","bridge","3885781","vesicles_none","24812002",18162.088,45386.375,19200
"109","bridge","3885781","vesicles_unc","24779753",22785.154,46052.066,15700
"110","bridge","3885781","vesicles_unc","24780056",21443.52,46559.395,16250
"111","bridge","3885781","vesicles_unc","24780194",21462.932,46705.582,16650
"112","bridge","3885781","vesicles_unc","24780657",20659.426,46392.06,17300
"113","bridge","3885781","vesicles_unc","24781582",20251.488,45979.816,18100
"114","bridge","3885781","vesicles_unc","24788719",15847.732,40167.195,24000
"115","bridge","3885781","vesicles_unc","24789887",15556.532,39719.195,23400
"116","bridge","3885781","vesicles_unc","24798652",15234.532,39138.195,24100
"117","bridge","3885781","vesicles_no_syn","24780570",21311.826,46571.26,17150
"118","bridge","3885781","vesicles_no_syn","24782136",18960.555,45916.04,19900
"119","bridge","3885781","vesicles_syn","24786948",15888.133,39380.594,24800
"120","bridge","3885781","vesicles_no_syn","24807505",17076.932,40253.992,22700
"121","bridge","3885781","vesicles_syn","24809885",14341.331,42218.195,23950
"122","bridge","3885781","vesicles_syn","24810395",14304.931,42598.992,24150
"123","bridge","3885781","vesicles_syn","24811477",14643.731,42927.996,23900
"124","epithelial_floor","3885798","vesicles_none","24855817",25214.436,60033.63,50
"125","epithelial_floor","3885798","vesicles_none","24856106",28540.836,64608.83,1050
"126","epithelial_floor","3885798","vesicles_none","24856596",27846.436,64272.83,1350
"127","epithelial_floor","3885798","vesicles_none","24857393",29929.637,67252.03,2450
"128","bridge","3885804","vesicles_none","24780276",20941.197,43720.594,16300
"129","bridge","3885804","vesicles_none","24780745",21744.932,44117.16,16050
"130","bridge","3885804","vesicles_none","24780980",20844.94,43407.51,16600
"131","bridge","3885804","vesicles_none","24781355",17539.197,41255.2,20100
"132","bridge","3885804","vesicles_none","24781933",15750.309,40680.266,21450
"133","bridge","3885804","vesicles_none","24785172",14231.465,40279.863,24200
"134","bridge","3885804","vesicles_none","24785544",14640.265,40400.266,23850
"135","bridge","3885804","vesicles_unc","24781178",20125.713,43363.13,17300
"136","bridge","3885804","vesicles_syn","24782900",17918.13,40946.26,22100
"137","bridge","3885804","vesicles_syn","24785773",14653.8,39999.87,24150
"138","bridge","3885804","vesicles_syn","24833888",14200.665,40738.13,24000
"139","bridge","3885808","vesicles_none","24785836",32701.838,52724.51,12300
"140","bridge","3885808","vesicles_none","24786033",32640.238,52444.51,12350
"141","bridge","3885808","vesicles_none","24786176",33544.637,52648.91,12500
"142","bridge","3885808","vesicles_none","24786493",33480.24,52707.71,12750
"143","bridge","3885808","vesicles_none","24786896",33798.8,52910.76,13500
"144","bridge","3885808","vesicles_none","24787242",34969.2,54354.35,14450
"145","bridge","3885808","vesicles_none","24787775",40378.176,60732.6,16650
"146","bridge","3885808","vesicles_none","24790493",40068.934,62308.22,17350
"147","bridge","3885808","vesicles_syn","24787515",39084.58,59723.2,16350
"148","bridge","3885808","vesicles_syn","24788609",40426.4,60133.086,17200
"149","bridge","3885808","vesicles_no_syn","24788930",38497.2,59718.688,16750
"150","bridge","3885808","vesicles_syn","24789221",38206,59672.484,16900
"151","bridge","3885808","vesicles_syn","24789396",37982,59013.086,16700
"152","bridge","3885808","vesicles_syn","24790163",38521.156,60135.105,17100
"153","bridge","3885821","vesicles_none","24791185",36246,54523,14300
"154","bridge","3885821","vesicles_none","24791437",38691.145,56696.855,15000
"155","bridge","3885821","vesicles_none","24792566",38598.746,57207.855,15350
"156","bridge","3885821","vesicles_none","24794191",38629.547,56262.855,15150
"157","bridge","3885821","vesicles_none","24799741",40276.137,57944.6,16300
"158","bridge","3885821","vesicles_none","24800379",39746.938,57999.2,16200
"159","bridge","3885821","vesicles_none","24809085",35453.6,53282.6,13600
"160","bridge","3885821","vesicles_syn","24796155",40579,58148.07,16950
"161","balancer","3885827","vesicles_none","24763032",35111.824,48665.312,11750
"162","balancer","3885827","vesicles_none","24763506",38656.625,49113.312,14800
"163","balancer","3885827","vesicles_none","24763776",39440.625,49214.113,16250
"164","balancer","3885827","vesicles_none","24764468",38623.023,48922.914,16600
"165","balancer","3885827","vesicles_none","24764773",40476.625,47046.914,19250
"166","balancer","3885827","vesicles_none","24765150",40459.824,46962.914,19750
"167","balancer","3885827","vesicles_none","24765347",40801.426,46800.51,20600
"168","SSN","3885605","vesicles_none","24763903",14599.201,40896.8,22300
"169","SSN","3885605","vesicles_none","24779878",13832,42193.664,21900
"170","SSN","3885605","vesicles_none","24807021",15136.493,47297.92,24000
"171","SSN","3885605","vesicles_none","24808868",23350.758,50954.72,20250
"172","SSN","3885605","vesicles_none","24810679",22711.428,53963.316,19900
"173","SSN","3885605","vesicles_none","24815834",22270,43634.8,19450
"174","SSN","3885605","vesicles_none","24816127",20018.367,42755.535,22800
"175","SSN","3885605","vesicles_none","24822752",22027.596,42662.67,25300
"176","SSN","3885605","vesicles_none","24823687",24942.396,43740.67,23050
"177","SSN","3885605","vesicles_none","24852144",21809.2,41794.668,27250
"178","SSN","3885605","vesicles_none","24852402",14416.27,44427.61,24650
"179","SSN","3885605","vesicles_none","24854488",23302.068,54456.734,24250
"180","SSN","3885605","vesicles_unc","24789823",17662.092,43345.25,27150
"181","SSN","3885605","vesicles_unc","24827462",16285.424,40762.72,25150
"182","SSN","3885605","vesicles_unc","24831399",21729.867,43832.137,21400
"183","SSN","3885605","vesicles_unc","24841884",20307.762,35721.484,25250
"184","SSN","3885605","vesicles_syn","24763346",14863.332,43883.457,21850
"185","SSN","3885605","vesicles_syn","24763367",16610.531,45627.855,21850
"186","SSN","3885605","vesicles_syn","24763611",13523.533,41793.266,21050
"187","SSN","3885605","vesicles_syn","24763770",15067.267,41213.664,21900
"188","SSN","3885605","vesicles_syn","24764441",15008.001,41275.734,21300
"189","SSN","3885605","vesicles_syn","24765248",14265.066,40628,19600
"190","SSN","3885605","vesicles_syn","24775076",19803.16,49903.785,23100
"191","SSN","3885605","vesicles_syn","24775293",20321.16,49956.984,22400
"192","SSN","3885605","vesicles_syn","24775846",21111.996,41863.266,26200
"193","SSN","3885605","vesicles_syn","24776335",23832.357,51408.32,20700
"194","SSN","3885605","vesicles_syn","24777402",23373.205,53295.094,17600
"195","SSN","3885605","vesicles_syn","24777533",22876.627,49795.984,17900
"196","SSN","3885605","vesicles_syn","24777588",23464.672,53670.293,18650
"197","SSN","3885605","vesicles_syn","24778436",24163.693,49677.453,15950
"198","SSN","3885605","vesicles_syn","24778663",21584.268,45162.133,13950
"199","SSN","3885605","vesicles_syn","24778896",20428.492,50032.586,25250
"200","SSN","3885605","vesicles_syn","24779044",22304.18,51910.21,25000
"201","SSN","3885605","vesicles_syn","24779259",23617.379,51050.613,25300
"202","SSN","3885605","vesicles_syn","24779371",24026.18,51005.812,25000
"203","SSN","3885605","vesicles_syn","24779565",14988.4,42470.867,20700
"204","SSN","3885605","vesicles_syn","24780946",24647.002,55024.2,23550
"205","SSN","3885605","vesicles_syn","24781790",22269.027,53470.516,19900
"206","SSN","3885605","vesicles_syn","24781896",20927.826,53862.984,20200
"207","SSN","3885605","vesicles_syn","24788146",18552.799,41644.4,23900
"208","SSN","3885605","vesicles_syn","24788485",16923.2,40903.336,24700
"209","SSN","3885605","vesicles_syn","24789314",18055.959,41685.785,26500
"210","SSN","3885605","vesicles_syn","24790358",18591.926,42367.816,27000
"211","SSN","3885605","vesicles_syn","24791331",20244.625,40680.586,26950
"212","SSN","3885605","vesicles_syn","24792833",15681.247,39166.406,22850
"213","SSN","3885605","vesicles_syn","24793242",16095.647,38186.406,23000
"214","SSN","3885605","vesicles_syn","24793676",17023.38,36480.273,23700
"215","SSN","3885605","vesicles_syn","24793980",18146.18,35562.81,24600
"216","SSN","3885605","vesicles_syn","24795104",16568.531,38267.6,22200
"217","SSN","3885605","vesicles_syn","24803556",16918.531,46313.86,22150
"218","SSN","3885605","vesicles_syn","24803680",16235.332,44857.86,22300
"219","SSN","3885605","vesicles_syn","24803858",16582.531,45244.258,22450
"220","SSN","3885605","vesicles_syn","24804069",16716.93,45888.258,22300
"221","SSN","3885605","vesicles_syn","24804385",15683.73,44530.26,22450
"222","SSN","3885605","vesicles_syn","24804624",14765.33,44295.06,22550
"223","SSN","3885605","vesicles_syn","24805250",15185.33,44384.66,22800
"224","SSN","3885605","vesicles_syn","24805473",14552.53,44390.26,23000
"225","SSN","3885605","vesicles_syn","24805822",14804.53,43891.86,23550
"226","SSN","3885605","vesicles_syn","24806094",14983.73,46501.46,23250
"227","SSN","3885605","vesicles_syn","24806428",17537.025,47646.99,21900
"228","SSN","3885605","vesicles_syn","24808037",22944.76,50806.785,19650
"229","SSN","3885605","vesicles_syn","24808454",23966.76,51649.586,20150
"230","SSN","3885605","vesicles_syn","24808653",23832.357,50965.92,20150
"231","SSN","3885605","vesicles_syn","24811970",20023.426,49919.344,24650
"232","SSN","3885605","vesicles_syn","24812269",17830.092,48478.117,24850
"233","SSN","3885605","vesicles_syn","24812376",18148.36,48301.254,24300
"234","SSN","3885605","vesicles_syn","24812741",14932.4,38192.31,18950
"235","SSN","3885605","vesicles_syn","24813131",14719.6,38298.71,18850
"236","SSN","3885605","vesicles_syn","24813783",15184.4,38791.51,18600
"237","SSN","3885605","vesicles_syn","24814032",15808.8,38626.31,18550
"238","SSN","3885605","vesicles_syn","24814450",13338.735,38197.133,18050
"239","SSN","3885605","vesicles_syn","24814783",14114.335,38871.934,17700
"240","SSN","3885605","vesicles_no_syn","24816325",16220.091,42984.055,23800
"241","SSN","3885605","vesicles_syn","24816463",15935.891,43329.85,23800
"242","SSN","3885605","vesicles_no_syn","24817185",15865.891,42629.85,23950
"243","SSN","3885605","vesicles_syn","24817268",16437.092,42638.254,23850
"244","SSN","3885605","vesicles_syn","24817559",14554.092,41600.85,24250
"245","SSN","3885605","vesicles_syn","24817946",14895.692,42634.055,24300
"246","SSN","3885605","vesicles_syn","24818994",26742.334,45241,17400
"247","SSN","3885605","vesicles_syn","24819387",24313.8,43776.6,21600
"248","SSN","3885605","vesicles_syn","24821074",24822.6,44182.6,22200
"249","SSN","3885605","vesicles_syn","24821320",25393.8,44821,22000
"250","SSN","3885605","vesicles_syn","24821540",24259.197,45863.07,26050
"251","SSN","3885605","vesicles_syn","24821623",25147.4,44193.8,22200
"252","SSN","3885605","vesicles_no_syn","24821869",24905.996,43732.27,25200
"253","SSN","3885605","vesicles_syn","24822397",23046.797,43435.47,25100
"254","SSN","3885605","vesicles_syn","24822421",21593.596,42676.67,25250
"255","SSN","3885605","vesicles_syn","24822607",23461.197,43289.87,24850
"256","SSN","3885605","vesicles_syn","24822923",23763.598,43737.87,24000
"257","SSN","3885605","vesicles_syn","24822980",20501.596,42385.47,25400
"258","SSN","3885605","vesicles_syn","24823094",24203.197,43723.87,23400
"259","SSN","3885605","vesicles_syn","24823297",23727.197,45381.47,23600
"260","SSN","3885605","vesicles_syn","24823613",25283.996,43673.47,23150
"261","SSN","3885605","vesicles_syn","24823667",21683.195,42262.27,25900
"262","SSN","3885605","vesicles_syn","24824188",21467.596,41822.67,26400
"263","SSN","3885605","vesicles_syn","24824252",27280.396,43345.87,22850
"264","SSN","3885605","vesicles_syn","24824339",20689.195,41453.07,26200
"265","SSN","3885605","vesicles_syn","24824945",16923.824,40068.316,25950
"266","SSN","3885605","vesicles_syn","24825198",15872.89,40243.785,25150
"267","SSN","3885605","vesicles_syn","24825719",15623.69,40224.19,24750
"268","SSN","3885605","vesicles_syn","24826510",16475.2,40712.934,24600
"269","SSN","3885605","vesicles_syn","24826948",17203.2,40819.336,24500
"270","SSN","3885605","vesicles_syn","24827106",16693.6,41312.133,24100
"271","SSN","3885605","vesicles_syn","24829055",22358.627,52899.316,20550
"272","SSN","3885605","vesicles_syn","24829585",18061.867,41384.934,23750
"273","SSN","3885605","vesicles_syn","24830249",19417.068,42336.934,23100
"274","SSN","3885605","vesicles_syn","24830960",21444.268,43344.934,22050
"275","SSN","3885605","vesicles_syn","24831797",21822.268,43582.938,20500
"276","SSN","3885605","vesicles_syn","24832216",22096.668,43997.336,19500
"277","SSN","3885605","vesicles_syn","24832441",22113.469,44047.734,19000
"278","SSN","3885605","vesicles_syn","24832604",23456.477,51993.99,16400
"279","SSN","3885605","vesicles_syn","24834429",18218.047,37044.008,22600
"280","SSN","3885605","vesicles_syn","24834621",18424,50911.004,24950
"281","SSN","3885605","vesicles_syn","24837348",20277.6,34906.2,24900
"282","SSN","3885605","vesicles_syn","24837768",23545.197,45980.67,26750
"283","SSN","3885605","vesicles_syn","24839521",11611.601,38965.734,16250
"284","SSN","3885605","vesicles_syn","24840165",12859.001,38992.336,15400
"285","SSN","3885605","vesicles_syn","24843749",12841.267,39596.2,19250
"286","SSN","3885605","vesicles_syn","24844433",21565.133,41840.4,26800
"287","SSN","3885605","vesicles_syn","24844757",19879.996,42805.47,24900
"288","SSN","3885605","vesicles_syn","24847264",20646.893,45629.117,28600
"289","SSN","3885605","vesicles_syn","24848818",13275.64,36286.555,19350
"290","SSN","3885605","vesicles_syn","24850812",25849.135,44483.133,20550
"291","SSN","3885605","vesicles_syn","24851215",26624.736,44722.996,19350
"292","SSN","3885605","vesicles_syn","24851928",26349.715,45560.2,16300
"293","SSN","3885605","vesicles_syn","24853387",18178.691,40093.05,25550
"294","SSN","3885605","vesicles_syn","24853420",15849.561,45709.387,25700
"295","SSN","3885605","vesicles_syn","24853616",25131.402,55354.6,23800
"296","SSN","3885605","vesicles_syn","24862995",21470.402,41839.47,15700
"297","SSN","3885605","vesicles_syn","24863843",17604.225,47692.72,21400
"298","SSN","3885605","vesicles_syn","24865119",15750.935,40069.867,19100
"299","SSN","3885605","vesicles_syn","24865992",16916.36,50915.52,23000
"300","SSN","3885605","vesicles_syn","24868209",17029.6,44096.266,17300
"301","SSN","3885605","vesicles_syn","24868348",16767.025,47741.254,21450
"302","SSN","3885605","vesicles_syn","24868764",15761.511,42912.8,18350
"303","SSN","3885605","vesicles_syn","24869589",15391.6,43207.266,20300
"304","SSN","3885605","vesicles_syn","24873915",25218.2,50725.266,20800
"305","SSN","3885605","vesicles_syn","24882704",11475.521,41504.863,17600
"306","dense_vesicle","3885878","vesicles_none","24819182",22536.268,50828.4,13150
"307","dense_vesicle","3885878","vesicles_none","24819728",21959.469,51248.4,14100
"308","dense_vesicle","3885878","vesicles_none","24820242",20525.867,53258.8,17850
"309","dense_vesicle","3885878","vesicles_none","24821109",18635.867,54042.8,23850
"310","nonciliated","3885894","vesicles_none","24786030",28869.865,52394.08,12900
"311","nonciliated","3885894","vesicles_none","24786728",30101.865,55306.08,16650
"312","nonciliated","3885894","vesicles_none","24787569",31367.465,58570.88,18350
"313","nonciliated","3885894","vesicles_none","24788662",31429.064,60161.277,19850
"314","nonciliated","3885894","vesicles_none","24789303",31921.865,61074.08,20200
"315","nonciliated","3885894","vesicles_none","24790460",32773.066,63106.88,22050
"316","nonciliated","3885894","vesicles_none","24791211",28634.664,61236.477,22450
"317","nonciliated","3885894","vesicles_none","24791521",27537.064,60575.676,22400
"318","nonciliated","3885894","vesicles_none","24791935",29317.865,61292.477,22850
"319","nonciliated","3885894","vesicles_none","24792264",28601.064,60956.477,22950
"320","nonciliated","3885894","vesicles_none","24792587",29597.865,61124.477,23050
"321","nonciliated","3885894","vesicles_none","24793088",29077.064,60200.477,23200
"322","nonciliated","3885894","vesicles_none","24793382",28388.266,60256.477,23050
"323","bridge","3885918","vesicles_none","24846750",31235.36,51256.223,8900
"324","bridge","3885918","vesicles_none","24847110",35911.36,53529.824,11350
"325","bridge","3885918","vesicles_none","24847496",39209.76,57181.023,14400
"326","bridge","3885918","vesicles_none","24847962",41998.56,58323.42,14900
"327","bridge","3885918","vesicles_none","24848312",40615.36,56525.824,16250
"328","dense_vesicle","3885921","vesicles_none","24801019",31077.074,57503.56,10500
"329","dense_vesicle","3885921","vesicles_none","24801796",31356.998,59269.5,12200
"330","dense_vesicle","3885921","vesicles_none","24802218",34100.176,67848.07,15800
"331","dense_vesicle","3885921","vesicles_none","24802438",33004.305,64625.93,14700
"332","dense_vesicle","3885938","vesicles_none","24748495",32779.367,61002.727,11750
"333","dense_vesicle","3885938","vesicles_none","24797597",31210.125,58942.863,9100
"334","dense_vesicle","3885938","vesicles_none","24798105",31887.781,58404.133,9400
"335","dense_vesicle","3885938","vesicles_none","24798539",31271.781,58275.332,9500
"336","dense_vesicle","3885938","vesicles_none","24798802",31619.047,58054.516,10100
"337","plumose","3885942","vesicles_none","24883270",34609.53,42134.96,4950
"338","plumose","3885942","vesicles_none","24883294",40279.875,39793.6,4200
"339","plumose","3885942","vesicles_none","24883338",40103.477,40054,4050
"340","plumose","3885942","vesicles_none","24883386",40783.875,39088,4000
"341","plumose","3885942","vesicles_none","24883446",40464.676,39642.4,3750
"342","plumose","3885942","vesicles_none","24883512",42203.477,40681.2,5350
"343","SNN","3885955","vesicles_none","24873623",10789.521,45112.66,13600
"344","SNN","3885955","vesicles_none","24873664",10632.721,44698.26,13450
"345","SNN","3885955","vesicles_none","24873711",10949.121,44773.86,13350
"346","SNN","3885955","vesicles_none","24873766",10722.321,44821.46,12900
"347","SNN","3885955","vesicles_none","24873953",10725.121,44645.06,13100
"348","SNN","3885955","vesicles_none","24874030",10999.521,45837.86,14150
"349","SNN","3885955","vesicles_none","24874076",10495.521,45709.06,14500
"350","SNN","3885955","vesicles_none","24874118",10512.321,46509.86,14750
"351","SNN","3885955","vesicles_none","24874160",9761.921,46672.26,14850
"352","SNN","3885955","vesicles_none","24874224",9456.721,45599.86,12350
"353","SNN","3885955","vesicles_none","24874337",9823.521,45109.86,11950
"354","SNN","3885955","vesicles_none","24874343",10008.321,45513.06,11950
"355","SNN","3885955","vesicles_none","24874393",9943.921,46260.66,11750
"356","SNN","3885955","vesicles_none","24874433",9924.321,45440.26,11500
"357","SNN","3885955","vesicles_none","24874438",9761.921,45479.46,11500
"358","SNN","3885955","vesicles_none","24874953",13028.74,33290.6,9400
"359","SNN","3885955","vesicles_none","24876657",19006.74,31556.006,16150
"360","SNN","3885955","vesicles_none","24881724",17274.32,50946.47,24500
"361","SNN","3885955","vesicles_syn","24874953",13028.74,33290.6,9400
"362","nonciliated","3885790","vesicles_none","24763243",31426.266,54406.805,24100
"363","nonciliated","3885790","vesicles_none","24763505",31986.266,56574.004,25300
"364","nonciliated","3885790","vesicles_none","24763728",31224.666,56669.203,25850
"365","nonciliated","3885790","vesicles_none","24764032",30748.666,54569.203,27450
"366","nonciliated","3885790","vesicles_none","24868799",30765.467,51377.203,15950
"367","nonciliated","3885790","vesicles_none","24869323",31650.266,53068.402,18900
"368","nonciliated","3885790","vesicles_none","24869706",31303.066,54698.004,23450
"369","epithelial_floor","3886062","vesicles_none","24858774",31533.705,35721.37,3200
"370","epithelial_floor","3886062","vesicles_none","24859083",31533.705,36908.574,3200
"371","epithelial_floor","3886062","vesicles_none","24859520",31903.305,36908.574,3900
"372","epithelial_floor","3886062","vesicles_none","24859915",31522.506,36146.973,3600
"373","epithelial_floor","3886062","vesicles_none","24860264",33325.703,34489.37,3600
"374","epithelial_floor","3886062","vesicles_none","24860695",34591.305,34231.773,4050
"375","epithelial_floor","3886062","vesicles_none","24861110",35632.906,34545.37,3900
"376","epithelial_floor","3886062","vesicles_none","24861959",35946.504,32014.174,6150
"377","multiciliated","3886129","vesicles_none","24850790",37220.035,34371.25,16850
"378","multiciliated","3886129","vesicles_none","24851142",37528.035,34752.05,16400
"379","multiciliated","3886129","vesicles_none","24851579",36525.633,36941.65,16300
"380","multiciliated","3886129","vesicles_none","24851808",36710.434,37098.45,16100
"381","multiciliated","3886129","vesicles_none","24852015",33804.035,38291.25,13400
"382","multiciliated","3886129","vesicles_none","24852586",34117.633,39685.65,11200
"383","multiciliated","3886129","vesicles_none","24852908",31883.234,41136.05,10200
"384","intra-multi-ciliated","3885648","vesicles_none","24763223",25135.361,32939.895,23050
"385","intra-multi-ciliated","3885648","vesicles_none","24763483",24160.963,33113.496,23600
"386","intra-multi-ciliated","3885648","vesicles_none","24863090",25908.162,38551.094,12850
"387","intra-multi-ciliated","3885648","vesicles_none","24863655",25482.562,37190.297,14400
"388","intra-multi-ciliated","3885648","vesicles_none","24864098",27464.963,36260.695,15400
"389","intra-multi-ciliated","3885648","vesicles_none","24864618",26053.762,35823.895,16250
"390","intra-multi-ciliated","3885648","vesicles_none","24864976",24149.762,35107.094,17100
"391","intra-multi-ciliated","3885648","vesicles_none","24865341",26916.162,34575.094,17400
"392","intra-multi-ciliated","3885648","vesicles_none","24865964",26367.361,35398.297,17800
"393","intra-multi-ciliated","3885648","vesicles_none","24866481",24726.562,34076.695,17850
"394","intra-multi-ciliated","3885648","vesicles_none","24866849",25359.361,33029.496,18300
"395","intra-multi-ciliated","3885648","vesicles_none","24867807",27179.361,33522.297,18850
"396","intra-multi-ciliated","3885648","vesicles_none","24868168",23813.762,32127.895,19400
"397","intra-multi-ciliated","3885648","vesicles_none","24868470",24872.162,33505.496,19700
"398","intra-multi-ciliated","3885648","vesicles_none","24869103",23180.963,31427.895,20950
"399","intra-multi-ciliated","3885648","vesicles_none","24869423",25611.361,30862.295,20950
"400","intra-multi-ciliated","3885648","vesicles_none","24869686",27330.562,31791.895,21300
"401","multiciliated","3886170","vesicles_none","24843456",31121.074,29468.137,17300
"402","multiciliated","3886170","vesicles_none","24846598",31367.475,32492.137,14250
"403","multiciliated","3886170","vesicles_none","24847965",30006.377,38355.973,9500
"404","multiciliated","3886170","vesicles_none","24848648",32694.676,30798.137,15000
"405","multiciliated","3886170","vesicles_none","24849030",33041.875,32332.537,15950
"406","multiciliated","3886170","vesicles_none","24849638",33053.074,30725.338,16000
"407","multiciliated","3886170","vesicles_none","24849890",30079.475,29050.938,16050
"408","epithelial_floor","3886147","vesicles_none","24829123",26258.398,32023.604,8350
"409","epithelial_floor","3886147","vesicles_none","24829274",26247.197,26871.604,8500
"410","epithelial_floor","3886147","vesicles_none","24829715",26896.799,26082.004,12950
"411","SNN","3886184","vesicles_none","24872990",27425.064,44200.8,29750
"412","SNN","3886184","vesicles_none","24873044",26419.863,42999.6,30200
"413","SNN","3886184","vesicles_none","24873100",24507.463,43467.2,30800
"414","SNN","3886184","vesicles_none","24873124",26750.264,44881.2,30950
"415","SNN","3886184","vesicles_none","24873139",25053.463,42014,30050
"416","SNN","3886184","vesicles_none","24873216",25341.863,40846.4,30000
"417","SNN","3886184","vesicles_none","24873276",26151.064,40748.4,29200
"418","SNN","3886184","vesicles_none","24873332",26265.863,40538.4,28900
"419","SNN","3886184","vesicles_none","24873374",28497.465,39734.8,28350
"420","SNN","3886184","vesicles_none","24873462",30695.465,38852.8,27400
"421","SNN","3886184","vesicles_none","24874947",26579.465,43999.2,30250
"422","SNN","3886184","vesicles_none","24875038",31199.465,39278.4,26600
"423","SNN","3886184","vesicles_none","24875098",30365.064,39508,26650
"424","SNN","3886184","vesicles_none","24875210",31249.863,34759.2,24900
"425","SNN","3886184","vesicles_none","24875309",32924.26,35464.8,23450
"426","SNN","3886184","vesicles_none","24875327",34755.46,36327.2,23000
"427","SNN","3886184","vesicles_none","24875413",36362.66,36702.4,22250
"428","SNN","3886184","vesicles_none","24875437",36161.06,37038.4,22300
"429","SNN","3886184","vesicles_none","24875550",38110.98,37245.6,20950
"430","SNN","3886184","vesicles_none","24875562",38804.26,37632,20250
"431","Cgroove","3886234","vesicles_none","24883069",15681.402,34409.914,8000
"432","Cgroove","3886234","vesicles_none","24883079",16689.402,36369.914,8300
"433","Cgroove","3886234","vesicles_none","24883101",16958.201,35482.316,8950
"434","Cgroove","3886234","vesicles_none","24883112",16504.602,35644.715,8750
"435","Cgroove","3886234","vesicles_none","24883118",15143.802,32858.715,8750
"436","Cgroove","3886234","vesicles_none","24883123",14595.002,32500.316,8750
"437","Cgroove","3886234","vesicles_none","24883212",14147.002,33651.117,9350
"438","bridge","3886267","vesicles_none","24828451",20619.762,44226.24,19700
"439","bridge","3886267","vesicles_none","24885849",14932.313,38567.477,23750
"440","bridge","3886267","vesicles_none","24885939",18896.207,42741.934,19150
"441","bridge","3886267","vesicles_none","24886136",23667.686,45618.996,15300
"442","bridge","3886267","vesicles_none","24886209",23338.846,44999.074,15600
"443","bridge","3886267","vesicles_none","24886300",21049.94,46080.37,17300
"444","bridge","3886268","vesicles_none","24886362",21664.066,44304.4,14600
"445","bridge","3886268","vesicles_none","24886439",21522.674,43482.133,15150
"446","bridge","3886268","vesicles_none","24886492",21686.012,43857.805,15500
"447","bridge","3886268","vesicles_none","24886624",20320.027,41517.316,17100
"448","bridge","3886268","vesicles_none","24886660",19012.428,44112.914,17100
"449","bridge","3886268","vesicles_none","24886773",15629.509,40506.34,22200
"450","bridge","3886268","vesicles_none","24886781",16749.799,41287.586,19150
"451","bridge","3886268","vesicles_none","24886839",16537.56,41577.48,18900
"452","bridge","3886268","vesicles_none","24886893",16324.76,40944.68,18900
"453","bridge","3886268","vesicles_none","24887005",18323.176,40364.934,18650
"454","bridge","3886269","vesicles_none","24887142",21240.092,46156.766,15300
"455","bridge","3886269","vesicles_none","24887275",20954.492,45663.965,15800
"456","bridge","3886269","vesicles_none","24887410",13991.692,41990.54,22300
"457","bridge","3886269","vesicles_none","24887579",16930.14,44767.4,19250
"458","lithocyte","3886254","vesicles_none","24776597",16035.602,40265.863,8500
"459","lithocyte","3886254","vesicles_none","24776948",15374.802,39756.266,8800
"460","lithocyte","3886254","vesicles_none","24777111",14949.202,39767.465,8850
"461","lithocyte","3886254","vesicles_none","24777337",15464.402,39913.066,9050
"462","lithocyte","3886254","vesicles_none","24777570",15531.602,39470.664,9100
"463","lithocyte","3886254","vesicles_none","24777960",14366.802,38748.266,9550
"464","lithocyte","3886254","vesicles_none","24778110",13084.402,40327.465,9300
"465","lithocyte","3886254","vesicles_none","24778273",14131.602,38412.266,9250
"466","lithocyte","3886254","vesicles_none","24780681",14021.8,38087.4,9650
"467","lithocyte","3886254","vesicles_none","24781351",12201.8,39649.8,9650
"468","lithocyte","3886254","vesicles_none","24781667",11938.6,39605,9950
"469","lithocyte","3886254","vesicles_none","24781930",11910.6,39000.2,9950
"470","lithocyte","3886254","vesicles_none","24782221",12162.6,40853.8,9850
"471","lithocyte","3886254","vesicles_none","24782571",12420.2,39862.6,10100
"472","lithocyte","3886254","vesicles_none","24782868",12862.6,41105.8,10100
"473","lithocyte","3886254","vesicles_none","24783097",13153.8,40719.4,10150
"474","lithocyte","3886254","vesicles_none","24783336",12985.8,40943.4,10350
"475","lithocyte","3886254","vesicles_none","24783566",13288.2,37729,9900
"476","lithocyte","3886254","vesicles_none","24783791",13069.8,37073.8,10100
"477","lithocyte","3886254","vesicles_none","24783991",14481,38552.2,10000
"478","lithocyte","3886254","vesicles_none","24784275",12890.6,37029,10450
"479","lithocyte","3886254","vesicles_none","24784810",12957.8,36653.8,11350
"480","lithocyte","3886254","vesicles_none","24785083",12504.2,36625.8,11050
"481","lithocyte","3886254","vesicles_none","24785643",13221,36793.8,11050
"482","lithocyte","3886254","vesicles_none","24785945",12168.2,41570.6,10800
"483","lithocyte","3886254","vesicles_none","24786257",11513,42864.2,10950
"484","lithocyte","3886254","vesicles_none","24786595",12319.4,37073.8,12350
"485","lithocyte","3886254","vesicles_none","24786865",12974.6,36838.6,12450
"486","lithocyte","3886254","vesicles_none","24787094",12717,37124.2,12600
"487","lithocyte","3886254","vesicles_none","24787385",12980.2,36877.8,12900
"488","lithocyte","3886254","vesicles_none","24787800",12498.6,36967.4,12900
"489","lithocyte","3886254","vesicles_none","24788354",12722.6,37533,13000
"490","lithocyte","3886254","vesicles_none","24788748",13680.2,37034.6,13450
"491","lithocyte","3886254","vesicles_none","24789388",13747.4,36603.4,13800
"492","lithocyte","3886254","vesicles_none","24789708",13125.8,36760.2,14000
"493","lithocyte","3886254","vesicles_none","24790097",12291.4,38737,13600
"494","lithocyte","3886254","vesicles_none","24790459",12369.8,38076.2,13500
"495","lithocyte","3886254","vesicles_none","24790828",13433.8,39801,12900
"496","lithocyte","3886254","vesicles_none","24791180",13809,39694.6,12600
"497","lithocyte","3886254","vesicles_none","24791546",13209.8,40646.6,12350
"498","lithocyte","3886254","vesicles_none","24791847",13585,40489.8,12150
"499","lithocyte","3886254","vesicles_none","24792126",14458.6,40529,11750
"500","lithocyte","3886254","vesicles_none","24792556",15556.2,40993.8,11300
"501","NA","3886271","vesicles_none","24767272",22202.504,42364.27,16350
"502","NA","3886271","vesicles_none","24767774",21815.02,42191.7,16950
"503","NA","3886271","vesicles_none","24768432",22169.479,42011.67,17450
"504","NA","3886271","vesicles_none","24768940",19855.578,39862.48,22200
"505","NA","3886271","vesicles_none","24769112",19332.146,40621.938,20700
"506","NA","3886272","vesicles_none","24769701",26535.361,44783.445,14650
"507","NA","3886272","vesicles_none","24770370",24496.695,43396.117,18300
"508","bridge","3886263","vesicles_none","24822646",21773.738,43558.66,13400
"509","bridge","3886263","vesicles_none","24823766",20638.246,41147.582,16100
"510","bridge","3886263","vesicles_none","24823819",15669.738,39061.4,22100
"511","bridge","3886263","vesicles_none","24824346",20156.646,41360.383,15950
"512","bridge","3886263","vesicles_none","24824743",18593.756,40401.9,17150
"513","bridge","3886263","vesicles_unc","24829186",13347.916,38392.04,20950
"514","bridge","3886263","vesicles_syn","24823988",14856.138,37884.2,21400
"515","bridge","3886263","vesicles_syn","24825698",15798.014,39427.93,18900
"516","biciliated","3885967","vesicles_none","24788330",32582.67,57188.137,5900
"517","biciliated","3885967","vesicles_none","24788579",35237.07,59450.535,4750
"518","biciliated","3885967","vesicles_none","24788837",35091.47,61091.336,5350
"519","biciliated","3885967","vesicles_none","24789128",35533.87,60805.74,5500
"520","SSN","3885801","vesicles_none","24765606",31539.828,54605.99,15050
"521","SSN","3885801","vesicles_none","24765929",32760.316,59397.414,19100
"522","SSN","3885801","vesicles_none","24777176",38080.78,60169.746,21850
"523","SSN","3885801","vesicles_none","24785859",35463.137,52863.637,22500
"524","SSN","3885801","vesicles_none","24790877",39120.66,54923.863,19850
"525","SSN","3885801","vesicles_none","24791636",31456.492,55343.38,16250
"526","SSN","3885801","vesicles_none","24792094",37788.05,62092.24,20500
"527","SSN","3885801","vesicles_none","24794775",37050.848,49880.21,20000
"528","SSN","3885801","vesicles_none","24799760",33773.6,49409.04,22600
"529","SSN","3885801","vesicles_none","24847170",40819.336,60419.098,13850
"530","SSN","3885801","vesicles_none","24850595",39118.336,63172.9,16250
"531","SSN","3885801","vesicles_none","24851224",38890.14,63622.3,17100
"532","SSN","3885801","vesicles_none","24858456",31598.318,57796.742,22350
"533","SSN","3885801","vesicles_none","24858832",33578.85,56805.547,17850
"534","SSN","3885801","vesicles_unc","24785665",34653.934,52692.836,22400
"535","SSN","3885801","vesicles_unc","24787148",36310.71,61383.54,21250
"536","SSN","3885801","vesicles_unc","24787860",37419.508,52453.18,22100
"537","SSN","3885801","vesicles_unc","24791519",31902.582,54783.945,15350
"538","SSN","3885801","vesicles_unc","24798764",37519.06,54926.043,18600
"539","SSN","3885801","vesicles_syn","24765232",33436.984,57078.08,17950
"540","SSN","3885801","vesicles_syn","24768689",32022.05,58371.68,22300
"541","SSN","3885801","vesicles_syn","24768906",31231.518,57922.746,22700
"542","SSN","3885801","vesicles_syn","24769106",31029.918,57228.344,23050
"543","SSN","3885801","vesicles_syn","24771521",36433.91,61657.94,21700
"544","SSN","3885801","vesicles_syn","24774527",32313.248,58789.812,18150
"545","SSN","3885801","vesicles_syn","24776819",37478.78,58539.21,22300
"546","SSN","3885801","vesicles_syn","24782241",32181.332,49422.566,24950
"547","SSN","3885801","vesicles_syn","24785972",39516.4,54547.734,20350
"548","SSN","3885801","vesicles_no_syn","24786084",33340.527,58474.98,22150
"549","SSN","3885801","vesicles_syn","24786426",39611.6,55219.734,20600
"550","SSN","3885801","vesicles_syn","24786430",35369.91,61949.14,21600
"551","SSN","3885801","vesicles_syn","24786723",39863.6,55204.336,21100
"552","SSN","3885801","vesicles_syn","24786976",36842.71,61932.34,21450
"553","SSN","3885801","vesicles_syn","24787538",35511,61448.344,20800
"554","SSN","3885801","vesicles_syn","24787594",39088.31,55376.38,21750
"555","SSN","3885801","vesicles_syn","24788459",37712.26,52818.266,20900
"556","SSN","3885801","vesicles_syn","24788858",37942.176,53541.914,21550
"557","SSN","3885801","vesicles_syn","24789384",38255.773,52262.312,21600
"558","SSN","3885801","vesicles_syn","24789447",35201.6,57209.14,17100
"559","SSN","3885801","vesicles_syn","24789614",35632.8,58194.74,17300
"560","SSN","3885801","vesicles_syn","24789913",35392,57388.34,17200
"561","SSN","3885801","vesicles_no_syn","24789942",38319.86,52647.465,21250
"562","SSN","3885801","vesicles_no_syn","24790156",36369.824,58534.062,17650
"563","SSN","3885801","vesicles_no_syn","24790236",38048.26,54890.266,20500
"564","SSN","3885801","vesicles_syn","24790430",35042,60088.473,19400
"565","SSN","3885801","vesicles_syn","24790562",39070.26,54114.664,19900
"566","SSN","3885801","vesicles_syn","24791111",39235.46,55765.26,19850
"567","SSN","3885801","vesicles_syn","24791632",39406.26,55222.06,20100
"568","SSN","3885801","vesicles_syn","24791784",38773.46,54214.06,19550
"569","SSN","3885801","vesicles_syn","24793782",35846.535,49637.695,18250
"570","SSN","3885801","vesicles_syn","24794404",37347.645,50031.41,19700
"571","SSN","3885801","vesicles_syn","24794912",36444.402,49759.3,20650
"572","SSN","3885801","vesicles_syn","24795569",32623.73,50037.164,25500
"573","SSN","3885801","vesicles_syn","24796577",33277.992,49884.332,15150
"574","SSN","3885801","vesicles_syn","24796758",35811.68,51849.31,17400
"575","SSN","3885801","vesicles_syn","24797088",37586.266,62443.73,19350
"576","SSN","3885801","vesicles_syn","24797107",36176.613,52306.64,17550
"577","SSN","3885801","vesicles_syn","24797320",36859.816,53449.043,17750
"578","SSN","3885801","vesicles_syn","24799259",38109.86,55211.645,18700
"579","SSN","3885801","vesicles_syn","24799529",36494.26,52761.645,17950
"580","SSN","3885801","vesicles_syn","24800004",36861.895,53524.8,22550
"581","SSN","3885801","vesicles_syn","24800317",36959.062,65794.63,16450
"582","SSN","3885801","vesicles_syn","24804308",32831.867,56495.598,25400
"583","SSN","3885801","vesicles_syn","24804734",38927.47,50528.1,18350
"584","SSN","3885801","vesicles_syn","24818356",30101.68,51359.84,25150
"585","SSN","3885801","vesicles_syn","24829383",33955.01,59734.77,19900
"586","SSN","3885801","vesicles_syn","24829416",33602.21,59936.37,19900
"587","SSN","3885801","vesicles_syn","24835343",36793.55,52301.82,22250
"588","SSN","3885801","vesicles_syn","24836022",35138.336,52718.035,22600
"589","SSN","3885801","vesicles_syn","24836875",37936.258,55787.82,18200
"590","SSN","3885801","vesicles_syn","24837052",37193.95,54110.465,17950
"591","SSN","3885801","vesicles_syn","24838360",33473.066,49245.465,13800
"592","SSN","3885801","vesicles_syn","24839693",39595.73,48835.97,19450
"593","SSN","3885801","vesicles_syn","24840002",40002.668,48805.633,20400
"594","SSN","3885801","vesicles_syn","24840642",40394.668,49858.434,21600
"595","SSN","3885801","vesicles_syn","24844058",40554.734,60921.7,14400
"596","SSN","3885801","vesicles_syn","24846834",36832.133,50486.098,18700
"597","SSN","3885801","vesicles_syn","24847372",36656.047,50042.61,19900
"598","SSN","3885801","vesicles_syn","24848429",39766.535,62647.9,12250
"599","SSN","3885801","vesicles_syn","24848642",33026.934,49488.367,22650
"600","SSN","3885801","vesicles_syn","24849185",33575.734,50672.766,23800
"601","SSN","3885801","vesicles_syn","24849351",34032.137,50381.566,24400
"602","SSN","3885801","vesicles_syn","24849686",32699.332,49222.367,25000
"603","SSN","3885801","vesicles_syn","24853154",39517.33,59487.402,19850
"604","SSN","3885801","vesicles_no_syn","24853861",39430.53,58665.14,19600
"605","SSN","3885801","vesicles_syn","24858315",30534.318,56519.945,22450
"606","SSN","3885801","vesicles_syn","24859939",36109.58,56892.812,22400
"607","SSN","3885801","vesicles_syn","24860199",35789.91,61831.54,21950
"608","SSN","3885801","vesicles_syn","24863622",34861.4,61546.344,20700
"609","SSN","3885801","vesicles_syn","24872421",32598.533,49164.965,25350
"610","SSN","3885801","vesicles_syn","24872421",32598.533,49164.965,25350
"611","SSN","3885801","vesicles_syn","24876947",29383.668,54188.63,23500
"612","Cgroove","3885472","vesicles_none","24848709",31018.4,58741.2,5900
"613","Cgroove","3885472","vesicles_none","24849003",30682.4,58864.4,6450
"614","Cgroove","3885472","vesicles_none","24849247",30973.6,57374.8,6650
"615","Cgroove","3885472","vesicles_none","24849497",30413.6,57184.4,6900
"616","Cgroove","3885472","vesicles_none","24849694",32765.6,62616.4,6800
"617","Cgroove","3885472","vesicles_none","24849891",35722.4,61552.4,7250
"618","Cgroove","3885481","vesicles_none","24880445",11846.985,45858.805,13450
"619","Cgroove","3885481","vesicles_none","24880451",11156.318,46213.473,13500
"620","Cgroove","3885481","vesicles_none","24880463",13274.984,46997.473,13200
"621","Cgroove","3885481","vesicles_none","24880469",13396.318,46297.473,13300
"622","Cgroove","3885481","vesicles_none","24880475",11977.651,46717.473,11700
"623","Cgroove","3885481","vesicles_none","24880481",16261.651,47044.14,10600
"624","Cgroove","3885481","vesicles_none","24880487",14385.651,47324.14,10600
"625","Cgroove","3885481","vesicles_none","24880493",15253.651,47333.473,10400
"626","Cgroove","3885481","vesicles_none","24880505",15598.984,45933.473,10250
"627","monociliated","3885667","vesicles_none","24825173",29875.998,43287.07,12850
"628","monociliated","3885667","vesicles_none","24825696",29965.598,43382.27,13300
"629","monociliated","3885667","vesicles_none","24826102",30223.197,41847.87,14900
"630","monociliated","3885667","vesicles_none","24826984",31040.799,42587.07,14900
"631","monociliated","3885667","vesicles_none","24827532",30805.598,42155.87,16800
"632","monociliated","3885667","vesicles_none","24828023",32530.398,40638.27,20450
"633","monociliated","3885667","vesicles_none","24828390",31449.598,39591.07,20650
"634","monociliated","3885667","vesicles_none","24828800",30150.398,37614.27,24100
"635","monociliated","3885667","vesicles_none","24829124",30497.598,37860.67,24550
"636","monociliated","3885667","vesicles_none","24829384",31175.197,38840.67,24500
"637","monociliated","3885667","vesicles_none","24829778",30939.998,38728.67,24600
"638","balancer","3885686","vesicles_none","24868493",33747.465,54698,10750
"639","balancer","3885686","vesicles_none","24868723",36480.266,57873.2,12500
"640","balancer","3885686","vesicles_none","24869495",38961.062,60589.2,14500
"641","monociliated","3885436","vesicles_none","24797739",21919.328,59564.402,8800
"642","monociliated","3885436","vesicles_none","24798489",21140.93,61614.004,10700
"643","monociliated","3885436","vesicles_none","24799345",18346.53,66435.6,13450
"644","monociliated","3885436","vesicles_none","24799874",17842.53,67186,13800
"645","monociliated","3885436","vesicles_none","24800695",17752.93,66743.6,14350
"646","monociliated","3885436","vesicles_none","24806626",21630,70515.9,13850
"647","intra-multi-ciliated","3885812","vesicles_none","24858316",20142.736,55773.203,10400
"648","intra-multi-ciliated","3885812","vesicles_none","24859363",19101.137,54910.805,11150
"649","intra-multi-ciliated","3885812","vesicles_none","24859878",19929.936,57139.605,11450
"650","intra-multi-ciliated","3885812","vesicles_none","24861137",19274.736,56193.203,13600
"651","intra-multi-ciliated","3885812","vesicles_none","24862255",18518.736,58164.402,13700
"652","intra-multi-ciliated","3885812","vesicles_none","24862898",18843.535,60466.004,14600
"653","intra-multi-ciliated","3885812","vesicles_none","24863366",17902.736,58522.805,15900
"654","intra-multi-ciliated","3885812","vesicles_none","24864041",17925.137,61608.402,16000
"655","intra-multi-ciliated","3885812","vesicles_none","24864381",16178.324,59993.36,16050
"656","intra-multi-ciliated","3885812","vesicles_none","24864880",14839.924,61678.96,17000
"657","intra-multi-ciliated","3885812","vesicles_none","24865218",15444.724,62322.96,17200
"658","intra-multi-ciliated","3885812","vesicles_none","24865856",14369.524,60312.56,17400
"659","intra-multi-ciliated","3885812","vesicles_none","24866454",16396.725,60015.76,17400
"660","intra-multi-ciliated","3885812","vesicles_none","24866767",17522.324,60514.16,16950
"661","intra-multi-ciliated","3885812","vesicles_none","24867490",17236.725,62927.76,17750
"662","intra-multi-ciliated","3885812","vesicles_none","24867778",17331.924,61583.76,17650
"663","intra-multi-ciliated","3885812","vesicles_none","24868618",16447.123,61964.56,19000
"664","intra-multi-ciliated","3885812","vesicles_none","24869123",15243.124,61085.36,19150
"665","NA","3886329","vesicles_none","24793789",21055.07,39326,30600
"666","NA","3886329","vesicles_none","24794918",23093.47,40188.4,29850
"667","NA","3886329","vesicles_none","24795786",25635.87,36274,28100
"668","NA","3886329","vesicles_none","24796764",23754.27,32802,26050
"669","biciliated","3886305","vesicles_none","24765881",31264.807,42499.8,11400
"670","biciliated","3886305","vesicles_none","24766566",34960.81,38103.8,19950
"671","biciliated","3886305","vesicles_none","24766909",35711.207,36743,21400
"672","monociliated","3885590","vesicles_none","24794407",24244.611,48290.703,17500
"673","monociliated","3885590","vesicles_none","24795228",19792.611,47859.504,24750
"674","monociliated","3885590","vesicles_none","24795785",19070.213,45921.906,27200
"675","monociliated","3885590","vesicles_none","24796258",19333.412,45636.305,27700
"676","monociliated","3885590","vesicles_none","24796850",18767.812,45445.906,28800
"677","monociliated","3885590","vesicles_none","24797270",19383.812,45731.504,29150
"678","balancer","3885516","vesicles_none","24816163",24322.668,40389.066,14700
"679","balancer","3885516","vesicles_none","24816690",21942.668,38451.47,16650
"680","balancer","3885516","vesicles_none","24817866",21057.867,35147.47,21350
"681","balancer","3885516","vesicles_none","24818222",21410.668,35119.47,23400
"682","balancer","3885516","vesicles_none","24818655",21802.668,33781.066,24050
"683","SSN","3886336","vesicles_none","24764240",13194.533,41673.61,21750
"684","SSN","3886336","vesicles_none","24766844",11307.333,44218.81,14000
"685","SSN","3886336","vesicles_none","24767457",41291.01,53249.97,19650
"686","SSN","3886336","vesicles_none","24768261",40348.47,50632.633,21050
"687","SSN","3886336","vesicles_none","24769128",11865.933,43129.61,19650
"688","SSN","3886336","vesicles_none","24769270",38563,49873.836,21250
"689","SSN","3886336","vesicles_none","24770141",39046.465,49287.7,22000
"690","SSN","3886336","vesicles_none","24771547",11340.933,46113.01,17200
"691","SSN","3886336","vesicles_none","24774260",38210.668,47507.367,21500
"692","SSN","3886336","vesicles_none","24775772",18728.266,46725,27150
"693","SSN","3886336","vesicles_none","24775799",13450.64,37609.56,19900
"694","SSN","3886336","vesicles_none","24776206",32828.445,62654.746,19700
"695","SSN","3886336","vesicles_none","24788265",31971.334,53312,26250
"696","SSN","3886336","vesicles_none","24800022",37054.266,65461.43,16900
"697","SSN","3886336","vesicles_none","24800482",31532.98,59171.547,17350
"698","SSN","3886336","vesicles_none","24800773",29142.396,55607.066,25200
"699","SSN","3886336","vesicles_none","24800895",28777.467,55569.496,25450
"700","SSN","3886336","vesicles_none","24803801",40601.395,56315,16900
"701","SSN","3886336","vesicles_none","24804204",31931.2,55208.53,24850
"702","SSN","3886336","vesicles_none","24804229",38670.797,54984.066,13450
"703","SSN","3886336","vesicles_none","24808035",28901.598,54958.17,24100
"704","SSN","3886336","vesicles_none","24808146",17479.465,48063.4,26350
"705","SSN","3886336","vesicles_none","24808250",31165.865,53871.766,24200
"706","SSN","3886336","vesicles_none","24809627",40223.867,47424.3,20250
"707","SSN","3886336","vesicles_none","24809783",38931.82,62499.03,17700
"708","SSN","3886336","vesicles_none","24810854",25432.398,43030.637,25800
"709","SSN","3886336","vesicles_none","24813129",39875.42,61297.83,15150
"710","SSN","3886336","vesicles_none","24819204",32191.598,47442.035,25150
"711","SSN","3886336","vesicles_none","24819488",34384,52568.84,25500
"712","SSN","3886336","vesicles_none","24822586",22551.2,40008.035,22900
"713","SSN","3886336","vesicles_none","24822837",23156,40215.234,22450
"714","SSN","3886336","vesicles_none","24824864",12389.533,42337.21,11850
"715","SSN","3886336","vesicles_none","24825041",16472.4,36408.633,24000
"716","SSN","3886336","vesicles_none","24829829",23434.135,44011.094,27500
"717","SSN","3886336","vesicles_none","24839607",17429.064,52369.8,23200
"718","SSN","3886336","vesicles_none","24840376",26575.73,52013.74,25750
"719","SSN","3886336","vesicles_none","24841828",17920.934,39694.902,24550
"720","SSN","3886336","vesicles_none","24842324",29329.996,46525.266,25050
"721","SSN","3886336","vesicles_none","24842735",21140.932,54384.863,24500
"722","SSN","3886336","vesicles_none","24842782",30460.264,53278.87,26600
"723","SSN","3886336","vesicles_none","24842861",37891.465,50855.234,18350
"724","SSN","3886336","vesicles_none","24842970",21021.902,54919.418,24200
"725","SSN","3886336","vesicles_none","24853933",28651.465,55159.297,24550
"726","SSN","3886336","vesicles_none","24860390",36424.734,52931.43,22550
"727","SSN","3886336","vesicles_none","24861226",36375.734,51538.43,22650
"728","SSN","3886336","vesicles_none","24862866",21573.07,32160.8,22200
"729","SSN","3886336","vesicles_none","24867291",26928.062,43139.133,26300
"730","SSN","3886336","vesicles_none","24868214",15767.732,48018.41,24550
"731","SSN","3886336","vesicles_none","24868440",15636.133,47685.21,24550
"732","SSN","3886336","vesicles_none","24868769",14997.732,46934.81,24650
"733","SSN","3886336","vesicles_none","24869169",14465.732,45988.41,24350
"734","SSN","3886336","vesicles_none","24869679",14087.733,44288.81,23250
"735","SSN","3886336","vesicles_none","24872009",25200,43447.6,25600
"736","SSN","3886336","vesicles_none","24875277",34774.91,54997.94,15150
"737","SSN","3886336","vesicles_none","24875296",36786.4,58672.29,19000
"738","SSN","3886336","vesicles_unc","24796274",36580.133,62653.266,20150
"739","SSN","3886336","vesicles_unc","24797236",17738,34795.836,22250
"740","SSN","3886336","vesicles_unc","24800073",36975.867,65405.43,16800
"741","SSN","3886336","vesicles_unc","24815716",31618.533,64005.895,22050
"742","SSN","3886336","vesicles_unc","24819671",22582,51812.824,25700
"743","SSN","3886336","vesicles_unc","24822381",11795.933,42544.41,12300
"744","SSN","3886336","vesicles_unc","24824955",12494.533,41950.81,11850
"745","SSN","3886336","vesicles_unc","24832048",17901.334,50649.2,22500
"746","SSN","3886336","vesicles_unc","24852993",40510.4,59727.496,13300
"747","SSN","3886336","vesicles_unc","24853146",23412.979,51585.414,25450
"748","SSN","3886336","vesicles_unc","24855698",33284.887,51441.453,26650
"749","SSN","3886336","vesicles_unc","24875227",39403.81,55816.17,14350
"750","SSN","3886336","vesicles_syn","24763005",13751.733,43856.21,22800
"751","SSN","3886336","vesicles_syn","24765167",12281.733,41704.41,18350
"752","SSN","3886336","vesicles_syn","24768073",10643.733,46184.41,11650
"753","SSN","3886336","vesicles_syn","24768126",39994.63,50716.168,20750
"754","SSN","3886336","vesicles_no_syn","24768420",39445,50585.965,20400
"755","SSN","3886336","vesicles_syn","24769386",11696.533,43166.01,19250
"756","SSN","3886336","vesicles_syn","24769415",38619,49288.633,21450
"757","SSN","3886336","vesicles_syn","24769990",14329.469,43469.523,22350
"758","SSN","3886336","vesicles_syn","24770020",36291.266,48668.9,22350
"759","SSN","3886336","vesicles_syn","24770387",33037.668,46859.164,23000
"760","SSN","3886336","vesicles_no_syn","24773156",32490.268,46192.766,22950
"761","SSN","3886336","vesicles_syn","24773297",12805.333,44882.41,21600
"762","SSN","3886336","vesicles_syn","24774214",11391.333,44949.61,14500
"763","SSN","3886336","vesicles_syn","24774496",24186.4,40594.633,22350
"764","SSN","3886336","vesicles_syn","24774746",23184,39970.234,22900
"765","SSN","3886336","vesicles_syn","24776182",13789.44,37664.156,21100
"766","SSN","3886336","vesicles_syn","24776259",17827.443,48896.867,25350
"767","SSN","3886336","vesicles_syn","24776360",32516.09,62953.41,19200
"768","SSN","3886336","vesicles_syn","24777928",18044.29,51349.98,23400
"769","SSN","3886336","vesicles_syn","24778638",23994.133,58265.668,21450
"770","SSN","3886336","vesicles_syn","24779019",25313.4,58695.934,21050
"771","SSN","3886336","vesicles_syn","24781115",21672.004,39447.332,22450
"772","SSN","3886336","vesicles_syn","24781285",22545.604,39403.465,24350
"773","SSN","3886336","vesicles_syn","24784968",33796,61391.867,21900
"774","SSN","3886336","vesicles_syn","24786365",33496.4,62307.934,22100
"775","SSN","3886336","vesicles_syn","24795683",38010.06,54281.527,13100
"776","SSN","3886336","vesicles_syn","24796373",38393.01,64330.97,13500
"777","SSN","3886336","vesicles_syn","24797029",32305.156,59382.164,17600
"778","SSN","3886336","vesicles_syn","24797531",17110.8,34205.035,22700
"779","SSN","3886336","vesicles_syn","24798671",27829.197,47937.867,26300
"780","SSN","3886336","vesicles_syn","24799310",28212.797,48909.47,26000
"781","SSN","3886336","vesicles_syn","24799369",32016.133,63942.895,18950
"782","SSN","3886336","vesicles_syn","24800076",32697.78,60157.145,18000
"783","SSN","3886336","vesicles_syn","24800338",17379.6,38874.035,25000
"784","SSN","3886336","vesicles_syn","24800897",30471.78,57681.945,16600
"785","SSN","3886336","vesicles_syn","24800980",41691.41,52859.37,19450
"786","SSN","3886336","vesicles_syn","24801133",29140.996,55398.47,24950
"787","SSN","3886336","vesicles_no_syn","24801388",28100.797,55058.266,25000
"788","SSN","3886336","vesicles_syn","24801631",27201.996,54506.664,24900
"789","SSN","3886336","vesicles_no_syn","24801870",27733.996,55027.465,25250
"790","SSN","3886336","vesicles_no_syn","24802025",27061.996,55094.664,25000
"791","SSN","3886336","vesicles_syn","24802710",27641.596,42046.664,24950
"792","SSN","3886336","vesicles_syn","24802920",28011.195,41842.26,24300
"793","SSN","3886336","vesicles_syn","24803094",27168.398,42778.633,23850
"794","SSN","3886336","vesicles_syn","24803361",25228.002,43262.8,18800
"795","SSN","3886336","vesicles_syn","24804025",38995.598,55325.668,13400
"796","SSN","3886336","vesicles_syn","24804669",40258.402,47282.9,20750
"797","SSN","3886336","vesicles_syn","24806698",42355.01,54760.57,14200
"798","SSN","3886336","vesicles_syn","24807830",13275.58,47871.21,22550
"799","SSN","3886336","vesicles_syn","24807831",13510.78,48084.01,22950
"800","SSN","3886336","vesicles_syn","24808432",40865.066,55510,15300
"801","SSN","3886336","vesicles_syn","24808987",38464.22,63165.43,17350
"802","SSN","3886336","vesicles_syn","24809272",38383.02,62387.03,17550
"803","SSN","3886336","vesicles_syn","24809605",17757.6,33559.633,14600
"804","SSN","3886336","vesicles_syn","24810556",38427.82,61860.63,17150
"805","SSN","3886336","vesicles_syn","24810853",38352.22,61530.23,16850
"806","SSN","3886336","vesicles_syn","24811143",38030.22,62179.83,16750
"807","SSN","3886336","vesicles_syn","24811266",35938.93,64207.03,18350
"808","SSN","3886336","vesicles_no_syn","24811756",38122.62,63214.43,16950
"809","SSN","3886336","vesicles_syn","24811915",37988.22,61219.43,16450
"810","SSN","3886336","vesicles_syn","24812080",37545.82,62238.63,16300
"811","SSN","3886336","vesicles_syn","24812403",38643.42,62161.63,16200
"812","SSN","3886336","vesicles_no_syn","24812485",37772.62,61537.23,16250
"813","SSN","3886336","vesicles_syn","24812617",41040.22,60271.63,16000
"814","SSN","3886336","vesicles_no_syn","24812874",41348.22,61601.63,15800
"815","SSN","3886336","vesicles_syn","24813292",35499.33,64757.93,18700
"816","SSN","3886336","vesicles_syn","24813863",30630.133,62603.094,20200
"817","SSN","3886336","vesicles_syn","24813974",30943.732,62283.895,20550
"818","SSN","3886336","vesicles_syn","24814219",30890.533,62729.094,20750
"819","SSN","3886336","vesicles_syn","24815081",33164.133,63524.293,21850
"820","SSN","3886336","vesicles_syn","24815419",39992.4,58919.24,16800
"821","SSN","3886336","vesicles_syn","24815863",32940.133,64285.895,22150
"822","SSN","3886336","vesicles_syn","24816157",39754.4,58978.04,16450
"823","SSN","3886336","vesicles_syn","24816464",39802,57964.44,17050
"824","SSN","3886336","vesicles_syn","24817948",26843.598,42938.234,23850
"825","SSN","3886336","vesicles_syn","24817982",34706,64369.016,19000
"826","SSN","3886336","vesicles_syn","24818656",34977.6,63377.812,18350
"827","SSN","3886336","vesicles_no_syn","24818717",35106.4,63389.01,18250
"828","SSN","3886336","vesicles_syn","24819234",28783.996,48507.664,25800
"829","SSN","3886336","vesicles_syn","24819774",38204.13,53618.6,14150
"830","SSN","3886336","vesicles_syn","24821879",11406.733,42821.61,13200
"831","SSN","3886336","vesicles_syn","24822034",25331.6,40787.836,22100
"832","SSN","3886336","vesicles_syn","24822371",23088.8,39722.434,22600
"833","SSN","3886336","vesicles_syn","24822515",11392.733,43014.81,12800
"834","SSN","3886336","vesicles_syn","24823080",19961.2,37994.836,23900
"835","SSN","3886336","vesicles_syn","24823521",19009.2,39194.633,24200
"836","SSN","3886336","vesicles_syn","24823643",18460.4,39406.035,24800
"837","SSN","3886336","vesicles_no_syn","24825236",13020.933,42314.81,11850
"838","SSN","3886336","vesicles_no_syn","24825577",13296.733,41852.81,11650
"839","SSN","3886336","vesicles_no_syn","24825923",31803.33,53523.63,27000
"840","SSN","3886336","vesicles_syn","24826519",13835.733,41857.01,11200
"841","SSN","3886336","vesicles_syn","24826754",16304.4,33436.434,22400
"842","SSN","3886336","vesicles_syn","24826851",17166.8,34366.035,22200
"843","SSN","3886336","vesicles_syn","24829809",11700.733,46134.01,17100
"844","SSN","3886336","vesicles_syn","24831107",20339.2,51578.8,20850
"845","SSN","3886336","vesicles_syn","24832273",17778.133,51048.668,23300
"846","SSN","3886336","vesicles_syn","24833668",27281.332,59510.266,21350
"847","SSN","3886336","vesicles_syn","24835107",41533.332,55708.805,16000
"848","SSN","3886336","vesicles_syn","24836408",23760.799,57253.465,20500
"849","SSN","3886336","vesicles_syn","24836587",22162.932,55731.2,20950
"850","SSN","3886336","vesicles_syn","24836680",25478.133,59208.797,20200
"851","SSN","3886336","vesicles_syn","24836991",35941.73,62390.066,21550
"852","SSN","3886336","vesicles_syn","24837309",35572.133,62530.066,21400
"853","SSN","3886336","vesicles_syn","24837575",28623.467,62007.4,22100
"854","SSN","3886336","vesicles_syn","24837638",35461.996,63320.598,21850
"855","SSN","3886336","vesicles_syn","24838567",19983.6,53811.332,23500
"856","SSN","3886336","vesicles_syn","24839920",27660.264,51558.27,23450
"857","SSN","3886336","vesicles_syn","24840272",26622.398,51759.867,25150
"858","SSN","3886336","vesicles_syn","24841223",32563.066,45641.164,22800
"859","SSN","3886336","vesicles_syn","24841427",34441.867,47851.766,22650
"860","SSN","3886336","vesicles_syn","24841619",27095.596,54937.863,24550
"861","SSN","3886336","vesicles_syn","24841651",35724.695,54888.76,11350
"862","SSN","3886336","vesicles_syn","24841660",36553.96,55736.695,11900
"863","SSN","3886336","vesicles_syn","24841680",36922.668,64255.098,17500
"864","SSN","3886336","vesicles_syn","24841779",18365.2,39674.836,24100
"865","SSN","3886336","vesicles_syn","24841804",38984.867,49352.098,21800
"866","SSN","3886336","vesicles_no_syn","24841805",15865.731,37121,23650
"867","SSN","3886336","vesicles_syn","24842173",40295.266,50722.234,21150
"868","SSN","3886336","vesicles_syn","24842450",30687.996,46830.465,25150
"869","SSN","3886336","vesicles_syn","24842615",17432.799,51736.996,22600
"870","SSN","3886336","vesicles_syn","24842639",37992.266,50845.434,18900
"871","SSN","3886336","vesicles_syn","24843071",36582.934,49730.566,17900
"872","SSN","3886336","vesicles_syn","24843636",40144.535,48175.633,20850
"873","SSN","3886336","vesicles_syn","24843718",30498.531,62983.89,21050
"874","SSN","3886336","vesicles_syn","24843963",40193.066,48474.3,21250
"875","SSN","3886336","vesicles_syn","24844787",33848.266,46486.766,24700
"876","SSN","3886336","vesicles_syn","24845336",30641.332,52425.336,23750
"877","SSN","3886336","vesicles_syn","24845530",22818.17,40389.33,26200
"878","SSN","3886336","vesicles_syn","24846864",30799.068,56928.9,16750
"879","SSN","3886336","vesicles_syn","24847720",39208.402,48271.766,18900
"880","SSN","3886336","vesicles_syn","24848045",30038.396,53003.07,26250
"881","SSN","3886336","vesicles_syn","24848798",34970.52,52920.758,10450
"882","SSN","3886336","vesicles_syn","24851003",36273.535,52321.03,22400
"883","SSN","3886336","vesicles_syn","24853514",39241.53,57286.36,13100
"884","SSN","3886336","vesicles_syn","24854861",24944.27,43016.4,17950
"885","SSN","3886336","vesicles_syn","24855894",39247.133,57966.76,12950
"886","SSN","3886336","vesicles_syn","24856071",37161.56,56025.094,11900
"887","SSN","3886336","vesicles_syn","24856526",38220.934,56929.36,12900
"888","SSN","3886336","vesicles_syn","24856818",21826.236,40499.9,20350
"889","SSN","3886336","vesicles_syn","24857453",33929,51455.84,25650
"890","SSN","3886336","vesicles_syn","24857932",34126.4,51720.44,25200
"891","SSN","3886336","vesicles_syn","24858195",20833.87,37132.664,22950
"892","SSN","3886336","vesicles_syn","24858424",21232.87,35449.4,23200
"893","SSN","3886336","vesicles_syn","24859868",40439,59188.496,13250
"894","SSN","3886336","vesicles_syn","24860064",39620.465,56737.56,13500
"895","SSN","3886336","vesicles_syn","24861103",37412.598,62120.574,19000
"896","SSN","3886336","vesicles_syn","24861194",40527.2,58701.297,11050
"897","SSN","3886336","vesicles_syn","24861558",36646.402,52749.9,23050
"898","SSN","3886336","vesicles_syn","24862011",20096.07,31717,22900
"899","SSN","3886336","vesicles_syn","24862165",20362.07,31960.6,23050
"900","SSN","3886336","vesicles_syn","24862754",31320.799,56757.63,16700
"901","SSN","3886336","vesicles_syn","24865516",43475.883,53478.17,15350
"902","SSN","3886336","vesicles_syn","24866761",42322.81,53140.77,17400
"903","SSN","3886336","vesicles_no_syn","24869390",14040.133,45513.81,23850
"904","SSN","3886336","vesicles_syn","24869539",40420.21,53273.77,19200
"905","SSN","3886336","vesicles_syn","24875217",39137.81,55974.37,14200
"906","SSN","3886336","vesicles_syn","24880224",40700.21,54992.97,19000
"907","SSN","3886336","vesicles_syn","24880357",41001.21,55512.37,17950
"908","SSN","3886336","vesicles_syn","24881308",42246.875,51057.535,10850
"909","SSN","3886336","vesicles_syn","24883696",11387.133,42446.41,12850
"910","SSN","3886336","vesicles_syn","24883705",11902.333,46414.01,15700
"911","SSN","3886336","vesicles_syn","24883723",11479.533,45000.01,13400
"912","SSN","3886336","vesicles_syn","24883729",11535.533,45912.81,14000
"913","SSN","3886336","vesicles_syn","24889938",14884.521,51206.87,23300
"914","monociliated","3885449","vesicles_none","24792932",36996.395,53084.273,9100
"915","monociliated","3885449","vesicles_none","24793357",39320.395,54299.477,9050
"916","monociliated","3885449","vesicles_none","24793581",42254.797,55789.074,8800
"917","monociliated","3885449","vesicles_none","24794013",42310.797,54893.074,9550
"918","bridge","3885794","vesicles_none","24766815",32775.867,50099.938,11750
"919","bridge","3885794","vesicles_none","24766850",33755.863,50646.87,13200
"920","bridge","3885794","vesicles_none","24767355",36208.664,51648.336,14650
"921","bridge","3885794","vesicles_none","24767827",36502.664,51499.938,15150
"922","bridge","3885794","vesicles_none","24768242",36595.062,51313.74,15100
"923","bridge","3885794","vesicles_none","24768482",37947.465,51961.938,16000
"924","bridge","3885794","vesicles_none","24769049",36852.664,52708.137,16850
"925","bridge","3885794","vesicles_none","24769394",37569.465,52535.934,16750
"926","bridge","3885794","vesicles_none","24769573",36802.266,53529.934,16650
"927","bridge","3885794","vesicles_none","24769786",36555.863,52521.47,17200
"928","bridge","3885794","vesicles_none","24775411",40018.53,54684.938,20250
"929","bridge","3885794","vesicles_none","24777594",38460.8,53210.74,19200
"930","bridge","3885794","vesicles_none","24806016",24220.934,45668.008,10250
"931","bridge","3885794","vesicles_unc","24772414",40629.863,55261.27,20450
"932","bridge","3885794","vesicles_unc","24775827",40121.2,55569.27,19750
"933","bridge","3885794","vesicles_unc","24776694",39561.2,54483.34,19150
"934","bridge","3885794","vesicles_syn","24771492",40080.13,54805.8,21050
"935","bridge","3885794","vesicles_syn","24774628",39946.66,54670.47,20350
"936","bridge","3885794","vesicles_syn","24777430",38276,55025.14,19200
"937","bridge","3885794","vesicles_syn","24811648",39777.73,54250.938,20300
"938","bridge","3885794","vesicles_syn","24811942",40280.8,55597.734,20750
"939","bridge","3885794","vesicles_syn","24812573",40211.73,54560.805,20850
"940","bridge","3885802","vesicles_none","24779516",39380.48,60262.164,19150
"941","bridge","3885802","vesicles_none","24780059",40478.08,60434.363,18850
"942","bridge","3885802","vesicles_none","24859848",38472,57280.54,16050
"943","bridge","3885802","vesicles_none","24859975",37923.82,57481.93,16600
"944","bridge","3885802","vesicles_none","24860330",37674.934,57904.004,17200
"945","bridge","3885802","vesicles_none","24860885",40204.266,58421.07,17800
"946","bridge","3885802","vesicles_none","24881782",32670.4,51612.4,12150
"947","bridge","3885802","vesicles_none","24881795",34165.6,52838.8,14000
"948","bridge","3885802","vesicles_unc","24864014",40000.8,59160.27,19500
"949","bridge","3885802","vesicles_syn","24814755",39370.8,59140.44,16850
"950","bridge","3885802","vesicles_syn","24861291",39390.4,60278.406,19500
"951","bridge","3885653","vesicles_none","24882196",24743.623,46284.2,8250
"952","bridge","3885653","vesicles_unc","24882203",22078.076,43563.15,17650
"953","bridge","3885653","vesicles_unc","24882431",21219.61,43553.156,19500
"954","bridge","3885653","vesicles_unc","24882492",21265.1,42909.824,20000
"955","bridge","3885653","vesicles_unc","24882590",20824.877,42200.957,20400
"956","bridge","3885653","vesicles_unc","24885106",17652.633,38869.426,25600
"957","bridge","3885653","vesicles_unc","24885154",17516.21,39334.69,25250
"958","bridge","3885653","vesicles_unc","24885622",18341.125,41176.934,22950
"959","bridge","3885653","vesicles_unc","24885740",18234.725,42504.137,22850
"960","bridge","3885653","vesicles_no_syn","24882229",20439.904,43152.41,19000
"961","bridge","3885653","vesicles_no_syn","24882338",21487.104,43166.41,19350
"962","bridge","3885653","vesicles_syn","24884916",17360.031,39164.824,25850
"963","bridge","3885653","vesicles_syn","24884982",18030.633,39110.227,25950
"964","bridge","3885653","vesicles_no_syn","24885058",16987.633,38968.824,25600
"965","bridge","3885653","vesicles_syn","24885207",16632.81,39576.895,25150
"966","bridge","3885653","vesicles_syn","24885280",17159.213,39570.355,24750
"967","bridge","3885653","vesicles_syn","24885352",17045.81,39804.156,24450
"968","bridge","3885653","vesicles_syn","24885388",16833.012,40491.09,23750
"969","bridge","3885653","vesicles_syn","24885503",18055.213,40341.29,23550
"970","bridge","3885653","vesicles_syn","24885778",18098.926,40318.734,22800
"971","lamellate","3885464","vesicles_none","24763371",27270.13,41943.066,12500
"972","lamellate","3885464","vesicles_none","24763985",27471.73,41293.465,12700
"973","lamellate","3885464","vesicles_none","24764260",27594.93,41875.867,12250
"974","lamellate","3885464","vesicles_none","24764815",27796.53,42654.266,12900
"975","lamellate","3885464","vesicles_none","24765171",27505.33,40403.066,13250
"976","lamellate","3885464","vesicles_none","24765560",27645.33,42413.465,13600
"977","lamellate","3885464","vesicles_none","24765978",28608.53,42497.465,13950
"978","lamellate","3885464","vesicles_none","24766371",28177.33,42508.664,12050
"979","lamellate","3885464","vesicles_none","24767411",27572.53,40447.867,14150
"980","lamellate","3885464","vesicles_none","24767880",27611.73,40543.066,14900
"981","lamellate","3885464","vesicles_none","24768690",28804.53,38129.465,15600
"982","lamellate","3885464","vesicles_none","24769166",27107.73,38667.066,16400
"983","lamellate","3885464","vesicles_none","24769602",26844.53,38347.867,16800
"984","lamellate","3885464","vesicles_none","24770028",27018.13,39697.465,16650
"985","lamellate","3885464","vesicles_none","24770472",28350.93,38023.066,16500
"986","lamellate","3885464","vesicles_none","24771042",27432.53,36471.867,17200
"987","lamellate","3885464","vesicles_none","24771406",28894.13,36998.266,17150
"988","lamellate","3885464","vesicles_none","24771672",27813.33,37328.664,17400
"989","lamellate","3885464","vesicles_none","24771995",27337.33,38090.266,17550
"990","lamellate","3885464","vesicles_none","24772527",27975.73,37765.465,18000
"991","lamellate","3885464","vesicles_none","24773356",28804.53,36735.066,18900
"992","lamellate","3885464","vesicles_none","24773841",26956.53,36583.867,19050
"993","lamellate","3885464","vesicles_none","24774286",28468.53,36051.867,20100
"994","lamellate","3885464","vesicles_none","24774702",28446.13,35687.867,21200
"995","lamellate","3885464","vesicles_none","24775208",29123.73,35766.266,21400
"996","lamellate","3885464","vesicles_none","24775656",27930.93,33963.066,22800
"997","lamellate","3885464","vesicles_none","24776366",28854.93,36981.465,24900
"998","lamellate","3885464","vesicles_none","24869661",27914.13,41405.465,11900
"999","lamellate","3885657","vesicles_none","24883759",26142.17,41545.035,12350
"1000","lamellate","3885657","vesicles_none","24883868",26916.09,41470,14250
"1001","lamellate","3885657","vesicles_none","24883986",25885.69,38910.8,16150
"1002","lamellate","3885657","vesicles_none","24884035",26070.49,38325.6,15600
"1003","lamellate","3885657","vesicles_none","24884064",25510.49,37704,17750
"1004","lamellate","3885657","vesicles_none","24884185",26798.49,36192,20200
"1005","lamellate","3885657","vesicles_none","24884247",26370.09,34554,19950
"1006","lamellate","3885657","vesicles_none","24884334",26910.49,35066.4,22150
"1007","lamellate","3885657","vesicles_none","24884389",25485.29,35343.6,22300
"1008","lamellate","3885657","vesicles_none","24884439",26039.69,33518,23000
"1009","lamellate","3885657","vesicles_none","24884510",27739.29,34808.8,25000
"1010","lamellate","3885657","vesicles_none","24884564",27408.8,35878.2,25050
"1011","lamellate","3885656","vesicles_none","24884591",23007.605,51721.6,8850
"1012","lamellate","3885656","vesicles_none","24884599",22649.205,51626.4,9900
"1013","lamellate","3885656","vesicles_none","24884604",21781.205,51570.4,10100
"1014","lamellate","3885656","vesicles_none","24884613",22139.605,52063.2,10750
"1015","lamellate","3885656","vesicles_none","24884622",22190.006,52903.2,11400
"1016","lamellate","3885656","vesicles_none","24884627",21999.605,53323.2,12450
"1017","lamellate","3885656","vesicles_none","24884637",21658.006,53687.2,13200
"1018","lamellate","3885656","vesicles_none","24884641",20538.006,55916,16100
"1019","lamellate","3885656","vesicles_none","24884655",20017.205,56604.8,17100
"1020","lamellate","3885656","vesicles_none","24884664",19367.605,58945.6,18400
"1021","lamellate","3885656","vesicles_none","24884669",17934.006,58324,22400
"1022","intra-multi-ciliated","3885692","vesicles_none","24763893",30088.8,57968.402,9100
"1023","intra-multi-ciliated","3885692","vesicles_none","24764190",29372,55577.203,9500
"1024","intra-multi-ciliated","3885692","vesicles_none","24764447",29612.8,56098.004,9650
"1025","intra-multi-ciliated","3885692","vesicles_none","24764734",29260,58965.203,10350
"1026","intra-multi-ciliated","3885692","vesicles_none","24765392",30408,58310.004,11300
"1027","intra-multi-ciliated","3885692","vesicles_none","24765682",29904,60152.402,11950
"1028","intra-multi-ciliated","3885692","vesicles_none","24766188",31729.6,65371.6,14650
"1029","intra-multi-ciliated","3885692","vesicles_none","24766637",31315.2,66474.805,15100
"1030","intra-multi-ciliated","3885692","vesicles_none","24767020",32088,67202.805,15350
"1031","intra-multi-ciliated","3885692","vesicles_none","24767385",33219.2,67494,15550
"1032","intra-multi-ciliated","3885692","vesicles_none","24767830",30150.4,67930.805,15800
"1033","intra-multi-ciliated","3885692","vesicles_none","24768297",31752,68490.805,16350
"1034","intra-multi-ciliated","3885692","vesicles_none","24768666",30811.2,68434.805,17450
"1035","intra-multi-ciliated","3885692","vesicles_none","24769486",32172,68177.2,17850
"1036","dome","3885679","vesicles_none","24850297",14640.264,52598.008,3450
"1037","dome","3885679","vesicles_none","24850676",13363.464,54737.207,4400
"1038","dome","3885679","vesicles_none","24851168",13710.664,52945.207,4650
"1039","dome","3885679","vesicles_none","24851734",12669.064,52396.406,5500
"1040","dome","3885679","vesicles_none","24852042",12646.664,55174.008,7050
"1041","NA","3885558","vesicles_none","24829982",25892.54,37013.664,22350
"1042","NA","3885558","vesicles_none","24830284",25965.34,37293.664,23000
"1043","NA","3885558","vesicles_none","24830706",25450.14,37276.867,23150
"1044","NA","3885558","vesicles_none","24831028",25198.14,36240.867,23400
"1045","NA","3885558","vesicles_none","24831349",25797.34,36694.465,23200
"1046","NA","3885558","vesicles_none","24833644",26446.94,37164.867,25950
"1047","dome","3885782","vesicles_none","24819729",18571.096,60529.28,2500
"1048","dome","3885782","vesicles_none","24819810",18123.096,58502.08,2500
"1049","dome","3885782","vesicles_none","24841887",16940.943,60734.1,2850
"1050","dome","3885782","vesicles_none","24880516",18458.543,61664.664,2150
"1051","dome","3885782","vesicles_none","24880522",17814.543,58836.664,2050
"1052","lithocyte","3885555","vesicles_none","24886599",38167.73,59135.08,6350
"1053","lithocyte","3885555","vesicles_none","24886627",38254.53,58437.88,6350
"1054","lithocyte","3885555","vesicles_none","24886691",37652.53,58827.08,6400
"1055","lithocyte","3885555","vesicles_none","24886761",37985.73,58258.68,6650
"1056","lithocyte","3885555","vesicles_none","24886822",38682.93,58636.68,6600
"1057","lithocyte","3885555","vesicles_none","24886875",39268.13,57077.08,6000
"1058","lithocyte","3885555","vesicles_none","24886934",37854.13,58563.88,5950
"1059","lithocyte","3885555","vesicles_none","24887026",39301.73,56573.08,5250
"1060","lithocyte","3885555","vesicles_none","24887074",38918.13,57544.68,5100
"1061","lithocyte","3885555","vesicles_none","24887131",37170.93,59347.88,5350
"1062","lithocyte","3885555","vesicles_none","24887170",37490.13,59112.68,5400
"1063","lithocyte","3885555","vesicles_none","24887228",37064.53,59034.28,5400
"1064","lithocyte","3885555","vesicles_none","24887316",36666.93,59319.88,5400
"1065","lithocyte","3885555","vesicles_none","24887396",38427.6,53715.6,5100
"1066","lithocyte","3885555","vesicles_none","24887478",38657.2,53648.4,4950
"1067","lithocyte","3885555","vesicles_none","24887566",38164.4,53486,4700
"1068","lithocyte","3885555","vesicles_none","24887638",39066,53732.4,4600
"1069","lithocyte","3885555","vesicles_none","24887736",38881.2,55406.8,4350
"1070","lithocyte","3885555","vesicles_none","24887806",36523.6,55681.2,4300
"1071","lithocyte","3885555","vesicles_none","24887922",36490,55955.6,4150
"1072","lithocyte","3885555","vesicles_none","24887983",38850.4,54379.2,4050
"1073","lithocyte","3885555","vesicles_none","24888030",38399.6,53374,4100
"1074","lithocyte","3885555","vesicles_none","24888096",37002.4,54412.8,5300
"1075","lithocyte","3885555","vesicles_none","24888157",36848.4,54712.4,5700
"1076","lithocyte","3885555","vesicles_none","24889914",41840.8,54676,7100
"1077","lithocyte","3885555","vesicles_none","24890071",41712,56988.8,7200
"1078","lithocyte","3885555","vesicles_none","24890117",40891.6,58346.8,7050
"1079","lithocyte","3885555","vesicles_none","24890176",40645.2,58324.4,7400
"1080","lithocyte","3885555","vesicles_none","24890554",41286.4,58848,7900
"1081","bridge","3886265","vesicles_none","24762892",21088.207,44428.523,13300
"1082","bridge","3886265","vesicles_none","24763894",15426.139,41390.996,17000
"1083","bridge","3886265","vesicles_none","24764357",15232.628,41842.26,17200
"1084","bridge","3886265","vesicles_none","24764561",15529.428,42161.46,17450
"1085","bridge","3886265","vesicles_none","24765071",15033.205,40419.16,17500
"1086","bridge","3886265","vesicles_none","24765586",13285.072,38521.74,18800
"1087","bridge","3886265","vesicles_syn","24766298",13158.139,39919.13,19800
"1088","biciliated","3885910","vesicles_none","24784417",25952.89,54614.31,9700
"1089","biciliated","3885910","vesicles_none","24785435",25728.89,57907.11,12400
"1090","biciliated","3885910","vesicles_none","24786059",26154.49,62039.91,14450
"1091","biciliated","3885910","vesicles_none","24786373",23976.09,64044.71,17000
"1092","biciliated","3885910","vesicles_none","24786786",24362.49,64548.71,17750
"1093","biciliated","3885910","vesicles_none","24786979",24496.89,64907.11,18200
"1094","biciliated","3885910","vesicles_none","24787600",24695.69,65607.11,20300
"1095","biciliated","3885475","vesicles_none","24804442",29297.8,49744.8,15700
"1096","biciliated","3885475","vesicles_none","24805345",29913.8,51055.2,17900
"1097","biciliated","3885475","vesicles_none","24805849",30574.6,52276,20200
"1098","biciliated","3885475","vesicles_none","24806433",31039.4,52931.2,21500
"1099","biciliated","3885475","vesicles_none","24808501",28928.2,51660,22650
"1100","biciliated","3885475","vesicles_none","24808972",27326.6,50271.2,26450
"1101","biciliated","3885475","vesicles_none","24809387",27645.8,51665.6,27100
"1102","biciliated","3885853","vesicles_none","24781410",30525.6,43884.4,11800
"1103","biciliated","3885853","vesicles_none","24781932",33163.2,42702.8,15550
"1104","biciliated","3885853","vesicles_none","24782360",32804.8,42915.6,16600
"1105","biciliated","3885853","vesicles_none","24782843",34188,40311.6,20450
"1106","biciliated","3885853","vesicles_none","24783368",34697.6,41258,20800
"1107","biciliated","3885853","vesicles_none","24783964",32748.8,39964.4,24300
"1108","biciliated","3886135","vesicles_none","24780743",24228.355,34614.113,17400
"1109","biciliated","3886135","vesicles_none","24781121",24543.23,36064.625,14200
"1110","biciliated","3886135","vesicles_syn","24779431",23477.975,31151.01,22300
"1111","biciliated","3886072","vesicles_none","24789391",35199.586,39750.516,6000
"1112","biciliated","3886072","vesicles_none","24789711",33799.586,40758.516,6250
"1113","biciliated","3886072","vesicles_none","24790038",38884.383,38753.715,7550
"1114","biciliated","3886072","vesicles_none","24790269",38559.586,38272.113,7650
"1115","biciliated","3886072","vesicles_none","24790433",41202.785,37353.715,9500
"1116","biciliated","3886008","vesicles_none","24809857",25389.104,60377.984,9000
"1117","biciliated","3886008","vesicles_none","24811311",25293.904,63502.785,10700
"1118","biciliated","3886008","vesicles_none","24811893",25103.504,63793.984,11100
"1119","biciliated","3886008","vesicles_none","24812247",24437.104,68178.79,13250
"1120","monociliated","3885612","vesicles_none","24820913",23625.932,44895.67,10900
"1121","monociliated","3885612","vesicles_none","24820942",22959.82,44224.85,13600
"1122","monociliated","3885612","vesicles_none","24821114",22555.9,43998.63,13950
"1123","monociliated","3885612","vesicles_none","24821742",17957.955,39942.625,18750
"1124","monociliated","3885612","vesicles_none","24821769",14828.798,38973.67,21950
"1125","dome","3885706","vesicles_none","24772333",10098.29,42777.848,9550
"1126","dome","3885706","vesicles_none","24773162",11184.69,42789.047,8300
"1127","dome","3885706","vesicles_none","24774053",11397.49,42318.65,8200
"1128","dome","3885706","vesicles_none","24775546",12226.29,44161.047,7100
"1129","dome","3885706","vesicles_none","24776265",12948.69,42979.445,6200
"1130","large_granular_cell","3885471","vesicles_none","24802853",33575.73,41605.203,1700
"1131","large_granular_cell","3885471","vesicles_none","24803143",35882.93,43419.605,3600
"1132","large_granular_cell","3885471","vesicles_none","24803757",32690.93,41482.004,4050
"1133","large_granular_cell","3885471","vesicles_none","24804390",34326.13,42792.406,4200
"1134","large_granular_cell","3885471","vesicles_none","24804853",34774.13,45581.203,4650
"1135","large_granular_cell","3885471","vesicles_none","24805402",35311.73,42602.004,4650
"1136","large_granular_cell","3885700","vesicles_none","24797656",22618.4,33096,6350
"1137","large_granular_cell","3885700","vesicles_none","24798079",23996,31696,6450
"1138","large_granular_cell","3885700","vesicles_none","24798462",23895.2,29780.8,5800
"1139","large_granular_cell","3885700","vesicles_none","24799116",24231.2,33689.6,5350
"1140","epithelial_floor","3885939","vesicles_none","24778013",37051.344,56868.45,9350
"1141","epithelial_floor","3885939","vesicles_none","24778249",39868.145,58632.45,8850
"1142","epithelial_floor","3885939","vesicles_none","24778507",40657.746,59416.45,9350
"1143","epithelial_floor","3885434","vesicles_none","24852794",15310.397,58216.67,6650
"1144","epithelial_floor","3885434","vesicles_none","24853092",17023.996,59213.47,7200
"1145","epithelial_floor","3885434","vesicles_none","24853459",15377.597,60938.27,7100
"1146","epithelial_floor","3885434","vesicles_none","24854000",14100.797,59661.47,7200
"1147","epithelial_floor","3885434","vesicles_none","24854308",16956.797,57175.07,7200
"1148","epithelial_floor","3885434","vesicles_none","24854604",17348.797,58306.27,7300
"1149","epithelial_floor","3885434","vesicles_none","24855040",16732.797,56816.67,7600
"1150","epithelial_floor","3885434","vesicles_none","24855433",14649.597,59515.87,7950
"1151","epithelial_floor","3885434","vesicles_none","24855705",12655.997,63234.27,12650
"1152","NA","3886408","vesicles_none","24872952",24412.268,46421.2,30950
"1153","NA","3886408","vesicles_none","24872970",25711.467,47020.4,30800
"1154","NA","3886408","vesicles_none","24872985",21553.467,43495.2,30950
"1155","large_granular_cell","3885957","vesicles_none","24880381",13881.791,49956.418,5850
"1156","large_granular_cell","3885957","vesicles_none","24880427",16092.546,52628.863,7050
"1157","plumose","3885403","vesicles_none","24799484",26288.209,34127.184,6350
"1158","plumose","3885403","vesicles_none","24800143",26198.61,34799.184,6550
"1159","plumose","3885403","vesicles_none","24800667",26949.01,28695.186,5900
"1160","plumose","3885403","vesicles_none","24800986",26389.01,28303.186,6200
"1161","plumose","3885403","vesicles_none","24801473",26646.61,27384.785,6850
"1162","plumose","3885403","vesicles_none","24801768",26691.408,25357.586,7200
"1163","plumose","3885403","vesicles_none","24802217",27217.809,26130.385,10600
"1164","plumose","3885403","vesicles_none","24802617",26484.209,33275.984,7750
"1165","plumose","3885402","vesicles_none","24783542",27624.236,59683.95,4400
"1166","plumose","3885402","vesicles_none","24880529",26625.527,64070.566,2200
"1167","plumose","3885402","vesicles_none","24880541",28986.86,66599.9,2600
"1168","plumose","3885402","vesicles_none","24880553",28874.86,68895.9,3500
"1169","plumose","3885402","vesicles_none","24880565",28921.527,64583.9,4100
"1170","plumose","3885402","vesicles_none","24880577",28594.86,65218.566,3900
"1171","plumose","3885402","vesicles_none","24880583",29276.193,68541.234,4150
"1172","plumose","3885402","vesicles_none","24880589",28837.527,69651.9,4350
"1173","plumose","3885402","vesicles_none","24880595",27950.86,69521.234,4350
"1174","plumose","3885402","vesicles_none","24880607",29257.527,66609.234,4550
