"","treenode_id","connector_id","prepost","x","y","z","skid"
"1",7338981,7569217,1,39224.58,48327.61,18900,2437106
"2",7566319,7566318,1,40250.465,47207.3,20750,2437106
"3",7691295,7691293,1,42258.074,51093.934,10850,2437162
"4",7330565,7565827,1,42268.21,55242.17,13100,2436154
"5",7334759,7570481,1,27569.73,51677.74,23450,2436698
"6",7379339,7334967,1,30672.133,52527.07,23750,2436698
"7",7559842,7559845,0,32000.732,63860.297,18950,2496955
"8",7526392,7569183,0,31403.867,56746.9,16700,2496955
"9",7540152,7526089,0,29073.797,55391.47,24950,2496955
"10",7569186,7569198,0,30768.268,56854.7,16750,2496955
"11",7575303,7575310,0,32686.58,60067.547,18000,2496955
"12",7559759,7569206,0,32232.357,59281.363,17600,2496955
"13",7540231,7540235,0,27159.998,42711.434,23850,2496955
"14",7575333,7575342,0,30415.78,57620.344,16600,2496955
"15",7528671,7575376,0,30882.447,62249.68,20550,2496955
"16",7560217,7560220,0,36822.8,64267.23,17500,2496955
"17",7525795,7569217,0,39224.58,48327.61,18900,2496955
"18",7541326,7634855,1,18396,50905.402,24950,2496955
"19",7575555,7575562,0,13544.38,48131.61,22950,2496955
"20",7560236,7548040,0,38376.33,63268.098,17350,2496955
"21",7569406,7569415,1,14330.4,34895.234,19900,2496955
"22",7334589,7334590,0,41575.332,55783.004,16000,2496955
"23",7569516,7569525,0,37102.76,56013.895,11900,2496955
"24",7560307,7548035,0,37963.02,62150.43,16750,2496955
"25",7555824,7569531,0,36472.76,55711.496,11900,2496955
"26",7560307,7577767,1,37540.22,62371.63,16900,2496955
"27",7555824,7569535,1,35881.96,56055.895,11900,2496955
"28",7540172,7577768,0,27047.996,54436.664,24900,2496955
"29",7569545,7569546,0,21791.004,40581.797,20350,2496955
"30",7560349,7560351,0,38707.82,62273.63,16200,2496955
"31",7569568,7569579,0,33856.2,51385.84,25650,2496955
"32",7525984,7525985,0,36273.535,52223.03,22400,2496955
"33",7569585,7569594,0,34087.2,51681.24,25200,2496955
"34",7575547,7575564,0,13244.78,47834.81,22550,2496955
"35",7542276,7569619,0,21258.07,35382.2,23200,2496955
"36",7575655,7575661,0,17768.8,33486.836,14600,2496955
"37",7569704,7569713,0,36652,52660.3,23050,2496955
"38",7541459,7541458,0,23564.799,57180.664,20500,2496955
"39",7569725,7569731,0,20296.27,31984.4,23050,2496955
"40",7541468,7541469,0,25815.064,59500.93,20200,2496955
"41",7569720,7569732,0,20103.07,31777.2,22900,2496955
"42",7540215,7569917,0,27477.797,42006.066,24950,2496955
"43",7541332,7572361,1,15776.761,45675.785,25700,2496955
"44",7540224,7569922,0,27903.396,41790.465,24300,2496955
"45",7541660,7332842,1,18615.025,42437.117,27000,2496955
"46",7570018,7570024,0,13698.533,43803.01,22800,2496955
"47",7570227,7570241,0,10593.333,46234.81,11650,2496955
"48",7570276,7570277,0,11688.133,43093.21,19250,2496955
"49",7541681,7541825,1,15861.69,40361.387,25150,2496955
"50",7570114,7570115,0,12337.733,41774.41,18350,2496955
"51",7570296,7570305,0,14312.669,43382.727,22350,2496955
"52",7570414,7570421,0,12824.933,44776.01,21600,2496955
"53",7570453,7570455,0,11329.733,44826.41,14500,2496955
"54",7570456,7570455,1,11329.733,44826.41,14500,2496955
"55",7650877,7650878,0,40969.01,55475.97,17950,2496955
"56",7334757,7570481,0,27569.73,51677.74,23450,2496955
"57",7575855,7575834,1,39320.4,59213.24,16850,2496955
"58",7575854,7575865,0,39953.2,58849.24,16800,2496955
"59",7570537,7570541,0,13753.04,37703.355,21100,2496955
"60",7533092,7572464,1,16978.58,36553.074,23700,2496955
"61",7575881,7575888,0,39704,59067.64,16450,2496955
"62",7575893,7575897,0,39802,57914.04,17050,2496955
"63",7575837,7575834,1,39320.4,59213.24,16850,2496955
"64",7575983,7575984,0,28800.797,48429.266,25800,2496955
"65",7540084,7575986,0,28302.396,48961.266,26000,2496955
"66",7526276,7576014,1,41451.82,60196.03,15500,2496955
"67",7540061,7564498,0,27799.799,47852.47,26300,2496955
"68",7570866,7525941,1,32576.133,49218.164,25350,2496955
"69",7560358,7576015,0,41135.42,60201.63,16000,2496955
"70",7570891,7570890,1,35180.336,52684.438,22600,2496955
"71",7565184,7565185,0,30434.133,63062.297,21050,2496955
"72",7565200,7565199,1,40526.734,60851.7,14400,2496955
"73",7576087,7576096,0,11423.533,42698.41,13200,2496955
"74",7546900,7546899,1,31197.918,58001.145,22700,2496955
"75",7565529,7565590,0,39123.934,57305.96,13100,2496955
"76",7565639,7565652,0,38195.734,56864.96,12900,2496955
"77",7565679,7565687,1,38945.664,57171.56,13550,2496955
"78",7565991,7565998,0,42331.21,53025.97,17400,2496955
"79",7528138,7566307,0,41670.41,52779.57,19450,2496955
"80",7525691,7566317,0,40102.066,48237.7,20850,2496955
"81",7540303,7566318,0,40250.465,47207.3,20750,2496955
"82",7566335,7566336,0,40053.43,50784.766,20750,2496955
"83",7525595,7566416,0,34336.867,47802.766,22650,2496955
"84",7532812,7566573,0,26725.998,42946.637,23850,2496955
"85",7532977,7566579,0,23030,39631.434,22600,2496955
"86",7576482,7576481,1,14267.865,40810.93,24000,2496955
"87",7541311,7566715,0,17879.09,51047.58,23300,2496955
"88",7541268,7566733,0,20295.334,51516.73,20850,2496955
"89",7576539,7575310,1,32686.58,60067.547,18000,2496955
"90",7566750,7566760,0,23991.332,58159.266,21450,2496955
"91",7575302,7569206,1,32232.357,59281.363,17600,2496955
"92",7566767,7566768,0,25321.332,58527.465,21050,2496955
"93",7541500,7566775,0,28668.266,61937.4,22100,2496955
"94",7329529,7566792,0,40797.867,55587,15300,2496955
"95",7525627,7525628,0,40226.67,50720.832,21150,2496955
"96",7525668,7525669,0,36571.734,49647.965,17900,2496955
"97",7329967,7567210,0,38232.13,53557,14150,2496955
"98",7570023,7571620,1,14745.73,44208.26,22550,2496955
"99",7570011,7571655,1,14479.73,44429.46,23000,2496955
"100",7635033,7635097,1,20011.88,36139.223,24000,2496955
"101",7566720,7576631,0,17993.89,51232.38,23400,2496955
"102",7540275,7576633,0,39054.4,55405.47,13400,2496955
"103",7635193,7635194,0,34939.72,52857.758,10450,2496955
"104",7533022,7567564,0,18286.8,39695.836,24100,2496955
"105",7533032,7567581,0,18970,39284.234,24200,2496955
"106",7526304,7576636,0,39525.266,56689.96,13500,2496955
"107",7596755,7596756,0,39123.81,56146.57,14200,2496955
"108",7542150,7567649,0,24865.87,43105.996,17950,2496955
"109",7567660,7567666,0,25149.602,43262.8,18800,2496955
"110",7596779,7596802,1,39151.81,56812.97,14400,2496955
"111",7551333,7567674,0,21767.203,39514.53,22450,2496955
"112",7547588,7567797,0,33437.6,62355.535,22100,2496955
"113",7547324,7547322,1,23505.379,51089.812,25300,2496955
"114",7574817,7574816,1,36517.91,61585.14,21700,2496955
"115",7528716,7567820,0,33113.734,63598.492,21850,2496955
"116",7335072,7567887,0,29973.064,53010.07,26250,2496955
"117",7568831,7574827,1,35313.91,61965.94,21600,2496955
"118",7541802,7567946,0,22773.37,40445.33,26200,2496955
"119",7533028,7643655,1,17176.012,39615.156,24750,2496955
"120",7574847,7546994,1,36747.51,61937.94,21450,2496955
"121",7532963,7567966,0,25331.6,40863.438,22100,2496955
"122",7526340,7567998,0,40490.8,58639.695,11050,2496955
"123",7568037,7568046,0,35434.93,64710.33,18700,2496955
"124",7533156,7533157,0,17200.4,34294.637,22200,2496955
"125",7568830,7568836,0,35866.133,62350.867,21550,2496955
"126",7547987,7341565,1,37109.957,63441.28,19550,2496955
"127",7568842,7568848,0,35499.332,62588.867,21400,2496955
"128",7341566,7601469,1,37017.56,63757.68,19300,2496955
"129",7575883,7628050,1,39118.176,59780.6,16350,2496955
"130",7341509,7601469,1,37017.56,63757.68,19300,2496955
"131",7568854,7568859,0,35442.4,63410.195,21850,2496955
"132",7601544,7601560,0,34669.6,64301.812,19000,2496955
"133",7601561,7601560,1,34669.6,64301.812,19000,2496955
"134",7575901,7628097,1,38197.6,59615.086,16900,2496955
"135",7601567,7601573,0,34980.4,63288.215,18350,2496955
"136",7525649,7568967,0,37939.066,50909.836,18900,2496955
"137",7575905,7628106,1,37987.6,58927.688,16700,2496955
"138",7575384,7577398,1,38059.81,64249.77,12950,2496955
"139",7526298,7565502,0,40390,59184.297,13250,2496955
"140",7528568,7528569,0,36025.266,64217.297,18350,2496955
"141",7528666,7528667,0,30518.447,62574.48,20200,2496955
"142",7528681,7565187,0,30848.531,62787.895,20750,2496955
"143",7528746,7567798,0,32928.934,64208.895,22150,2496955
"144",7528906,7547325,1,23947.78,51095.414,25000,2496955
"145",7529130,7529129,0,31726.33,53586.63,27050,2496955
"146",7540193,7526095,0,26899.596,55296.266,24550,2496955
"147",7541362,7566771,0,27393.332,59605.465,21350,2496955
"148",7541465,7541557,0,22080.799,55579.062,20950,2496955
"149",7541531,7541533,0,19955.6,53851.934,23500,2496955
"150",7547189,7547188,0,32746.314,62964.61,19200,2496955
"151",7547535,7547536,0,33672.8,61467.47,21900,2496955
"152",7555785,7555786,0,37976.457,54175.13,13100,2496955
"153",7555798,7555799,0,35735.895,54981.16,11350,2496955
"154",7560248,7548038,0,38318.934,62365.8,17550,2496955
"155",7560291,7560294,0,38441.82,61792.03,17150,2496955
"156",7560300,7548033,0,38363.42,61636.63,16850,2496955
"157",7560331,7548028,0,37943.42,61171.83,16450,2496955
"158",7560337,7548027,0,37489.82,62256.83,16300,2496955
"159",7565616,7565636,0,39234.535,58012.96,12950,2496955
"160",7566101,7566105,0,40369.81,53343.77,19200,2496955
"161",7566649,7566661,0,17786.844,48982.266,25350,2496955
"162",7575009,7547112,1,32397.248,58885.01,18150,2496955
"163",7577419,7577429,0,37311.797,62070.176,19000,2496955
"164",7602983,7602982,1,39264.4,60342.805,19500,2496955
"165",7565944,7565946,0,43397.484,53538.37,15350,2496955
"166",7528050,7565998,1,42331.21,53025.97,17400,2496955
"167",7525708,7566315,0,40222.465,48405.7,21250,2496955
"168",7566384,7566389,0,38616.2,49176.633,21450,2496955
"169",7566405,7566407,0,36280.066,48582.098,22350,2496955
"170",7566574,7566575,0,24267.6,40633.836,22350,2496955
"171",7566586,7532986,0,23189.6,39872.234,22900,2496955
"172",7551340,7551341,0,22545.916,39476.11,24350,2496955
"173",7567441,7567448,0,17066,34193.836,22700,2496955
"174",7533151,7567464,0,16357.6,33597.434,22400,2496955
"175",7567544,7567550,0,17374,38811.035,25000,2496955
"176",7525584,7525585,0,32605.066,45582.367,22800,2496955
"177",7525610,7525611,0,38982.066,49296.098,21800,2496955
"178",7533005,7533006,0,19857.6,37868.836,23900,2496955
"179",7533037,7569003,0,18354,39345.836,24800,2496955
"180",7522311,7522310,1,35341.6,57309.94,17200,2496955
"181",7603037,7628128,1,38549.156,60052.504,17100,2496955
"182",7569023,7569024,0,30620.797,46785.664,25150,2496955
"183",7628242,7628240,1,40537,58132.668,16950,2496955
"184",7569031,7569032,0,17390.799,51666.996,22600,2496955
"185",7569113,7569119,0,33904.266,46467.168,24700,2496955
"186",7528368,7575100,0,42321.41,54696.17,14200,2496955
"187",7334773,7334774,0,26571.998,51747.266,25150,2496955
"188",7334966,7334967,0,30672.133,52527.07,23750,2496955
"189",7566420,7569145,0,33176.266,46943.633,23000,2496955
"190",7341566,7341565,1,37109.957,63441.28,19550,2496955
"191",7341503,7341502,1,37933.156,63777.28,18800,2496955
"192",7341509,7341508,1,37196.758,62886.88,19000,2496955
"193",7672656,7672664,0,14912.521,51248.87,23300,2496955
"194",7566110,7566105,1,40369.81,53343.77,19200,2496955
"195",7650849,7650867,0,40680.61,54943.97,19000,2496955
"196",7542268,7569152,0,20951.47,37121.465,22950,2496955
"197",7575173,7575179,0,38353.81,64269.37,13500,2496955
"198",7691290,7691293,0,42258.074,51093.934,10850,2496955
"199",7576046,7576055,0,11541.133,45817.61,14000,2496955
"200",7576066,7576071,0,11515.933,44946.81,13400,2496955
"201",7576112,7576118,0,11333.933,43009.21,12800,2496955
"202",7576100,7576120,0,11375.933,42398.81,12850,2496955
"203",7576227,7576228,0,13792.333,41894.81,11200,2496955
"204",7576301,7576302,0,11844.933,46341.21,15700,2496955
"205",7576329,7576330,0,11689.533,46173.21,17100,2496955
"206",7566580,7566579,1,23030,39631.434,22600,2472639
"207",7467681,7532986,1,23189.6,39872.234,22900,2472639
"208",7330036,7572355,1,20589.96,45570.316,28600,2436142
"209",7333057,7567887,1,29973.064,53010.07,26250,2436505
"210",7529132,7529129,1,31726.33,53586.63,27050,2436505
"211",7333752,7570929,1,39656.4,55124.535,20600,2436516
"212",7333728,7571091,1,39252.26,55710.66,19850,2436516
"213",7333737,7571099,1,39425.86,55154.86,20100,2436516
"214",7333725,7571108,1,38734.26,54144.06,19550,2436516
"215",7333709,7571408,1,38118.26,55113.645,18700,2436516
"216",7333744,7525323,1,39594.8,54533.734,20350,2436516
"217",7333733,7525344,1,39053.46,54030.664,19900,2436516
"218",7333760,7525346,1,39855.2,55117.535,21100,2436516
"219",7333699,7525426,1,37347.95,54281.266,17950,2436516
"220",7600044,7600065,0,40057.73,54873.004,21050,2436516
"221",7600164,7600172,0,39980.26,54720.87,20350,2436516
"222",7600281,7600287,0,38253.6,55097.94,19200,2436516
"223",7333741,7333742,0,39734.8,54130.535,20300,2436516
"224",7333752,7333753,0,40256.53,55647.203,20750,2436516
"225",7333776,7333777,0,40225.73,54493.605,20850,2436516
"226",7541534,7541533,1,19955.6,53851.934,23500,2436561
"227",7334007,7541557,1,22080.799,55579.062,20950,2436561
"228",7564504,7334967,1,30672.133,52527.07,23750,2436737
"229",7567888,7567887,1,29973.064,53010.07,26250,2436737
"230",7577772,7526089,1,29073.797,55391.47,24950,2436743
"231",7379292,7526039,1,29400.469,54278.23,23500,2436743
"232",7334968,7334967,1,30672.133,52527.07,23750,2436743
"233",7570278,7570277,1,11688.133,43093.21,19250,2436802
"234",7570422,7570421,1,12824.933,44776.01,21600,2436807
"235",7570423,7570421,1,12824.933,44776.01,21600,2436812
"236",7570116,7570115,1,12337.733,41774.41,18350,2436817
"237",7518324,7671448,1,11453.121,41518.863,17600,2436817
"238",7575565,7575564,1,13244.78,47834.81,22550,2436852
"239",7571706,7571704,1,16809.025,47887.79,21450,2436867
"240",7575563,7575562,1,13544.38,48131.61,22950,2436872
"241",7672663,7672664,1,14912.521,51248.87,23300,2436872
"242",7672662,7672664,1,14912.521,51248.87,23300,2436882
"243",7569033,7569032,1,17390.799,51666.996,22600,2436892
"244",7571622,7571620,1,14745.73,44208.26,22550,2436898
"245",7390118,7573114,1,16928.492,50840.855,23000,2436903
"246",7571705,7571704,1,16809.025,47887.79,21450,2436903
"247",7571547,7555737,1,14728.932,43889.06,21850,2436908
"248",7571682,7571681,1,14955.73,46453.86,23250,2436908
"249",7555736,7555735,1,16806.531,46375.457,22150,2436908
"250",7570025,7570024,1,13698.533,43803.01,22800,2436913
"251",7570667,7542648,1,15865.111,42875,18350,2436913
"252",7390322,7542687,1,15363.6,43134.47,20300,2436913
"253",7571544,7555737,1,14728.932,43889.06,21850,2436913
"254",7570686,7570685,1,14960.4,42414.867,20700,2436918
"255",7542633,7542632,1,16937.2,44083.664,17300,2436918
"256",7542688,7542687,1,15363.6,43134.47,20300,2436918
"257",7542813,7542812,1,14325.266,40645.266,19600,2436918
"258",7517135,7570115,1,12337.733,41774.41,18350,2436923
"259",7576331,7576330,1,11689.533,46173.21,17100,2436953
"260",7569209,7560294,1,38441.82,61792.03,17150,2437072
"261",7577762,7577767,0,37540.22,62371.63,16900,2437072
"262",7548014,7548013,1,37558.266,62467.53,19350,2437072
"263",7341487,7548033,1,38363.42,61636.63,16850,2437072
"264",7548037,7548035,1,37963.02,62150.43,16750,2437072
"265",7548039,7548038,1,38318.934,62365.8,17550,2437072
"266",7341490,7548040,1,38376.33,63268.098,17350,2437072
"267",7601462,7601469,0,37017.56,63757.68,19300,2437072
"268",7341507,7577429,1,37311.797,62070.176,19000,2437072
"269",7341501,7341502,0,37933.156,63777.28,18800,2437072
"270",7341507,7341508,0,37196.758,62886.88,19000,2437072
"271",7341564,7341565,0,37109.957,63441.28,19550,2437072
"272",7575827,7575834,0,39320.4,59213.24,16850,2437077
"273",7575831,7575897,1,39802,57914.04,17050,2437077
"274",7595539,7595537,1,39506.13,59588.203,19850,2437077
"275",7602976,7602982,0,39264.4,60342.805,19500,2437077
"276",7348871,7541842,0,14695.8,39927.07,24150,2437083
"277",7348881,7541827,1,15601.29,40123.39,24750,2437083
"278",7576470,7576481,0,14267.865,40810.93,24000,2437083
"279",7627884,7627892,0,17904.13,40873.46,22100,2437083
"280",7348875,7572104,1,14556.892,41651.254,24250,2437083
"281",7575835,7575834,1,39320.4,59213.24,16850,2437089
"282",7575891,7575888,1,39704,59067.64,16450,2437089
"283",7628044,7628050,0,39118.176,59780.6,16350,2437089
"284",7628069,7628076,0,40418,60060.285,17200,2437089
"285",7628091,7628097,0,38197.6,59615.086,16900,2437089
"286",7628098,7628106,0,37987.6,58927.688,16700,2437089
"287",7341676,7602982,1,39264.4,60342.805,19500,2437089
"288",7628122,7628128,0,38549.156,60052.504,17100,2437089
"289",7575889,7575888,1,39704,59067.64,16450,2437100
"290",7387949,7628076,1,40418,60060.285,17200,2437100
"291",7628234,7628240,0,40537,58132.668,16950,2437100
"292",7566316,7566315,1,40222.465,48405.7,21250,2437122
"293",7387921,7566317,1,40102.066,48237.7,20850,2437122
"294",7525538,7525537,1,39994.27,48871.434,20400,2437122
"295",7566302,7566307,1,41670.41,52779.57,19450,2437130
"296",7387384,7575100,1,42321.41,54696.17,14200,2437154
"297",7635195,7635194,1,34939.72,52857.758,10450,2437166
"298",7565948,7565946,1,43397.484,53538.37,15350,2437170
"299",7387503,7565998,1,42331.21,53025.97,17400,2437170
"300",7569155,7334590,1,41575.332,55783.004,16000,2437178
"301",7650868,7650867,1,40680.61,54943.97,19000,2437186
"302",7386918,7650878,1,40969.01,55475.97,17950,2437186
"303",7338892,7570742,1,38905.066,50458.1,18350,2437190
"304",7338912,7525562,1,40369.47,49740.836,21600,2437190
"305",7334584,7567210,1,38232.13,53557,14150,2437194
"306",7576634,7576633,1,39054.4,55405.47,13400,2437194
"307",7555787,7555786,1,37976.457,54175.13,13100,2437194
"308",7691393,7691392,1,41874.473,50892.332,10850,2437211
"309",7341267,7565636,1,39234.535,58012.96,12950,2437297
"310",7568000,7567998,1,40490.8,58639.695,11050,2437303
"311",7575058,7575056,1,39892.53,60643.1,10400,2437308
"312",7575057,7575056,1,39892.53,60643.1,10400,2437333
"313",7565356,7565355,1,39689.535,62556.9,12250,2437353
"314",7646078,7646077,1,35739.6,63865.6,9350,2437378
"315",7393427,7575179,1,38353.81,64269.37,13500,2437383
"316",7560352,7560351,1,38707.82,62273.63,16200,2437388
"317",7569068,7569067,1,36953.465,65749.83,16450,2437403
"318",7341971,7560220,1,36822.8,64267.23,17500,2437408
"319",7341953,7548027,1,37489.82,62256.83,16300,2437408
"320",7634686,7634684,1,33550.2,67182,16800,2437413
"321",7646080,7646077,1,35739.6,63865.6,9350,2437418
"322",7634659,7634656,1,34001,67417.2,17500,2437438
"323",7634658,7634656,1,34001,67417.2,17500,2437452
"324",7634685,7634684,1,33550.2,67182,16800,2437452
"325",7634687,7634684,1,33550.2,67182,16800,2437452
"326",7341388,7634749,1,33869.4,67124.6,16900,2437452
"327",7568047,7568046,1,35434.93,64710.33,18700,2437457
"328",7569620,7569619,1,21258.07,35382.2,23200,2437663
"329",7472617,7569732,1,20103.07,31777.2,22900,2437668
"330",7472669,7569732,1,20103.07,31777.2,22900,2437673
"331",7533146,7567448,1,17066,34193.836,22700,2437688
"332",7567475,7567464,1,16357.6,33597.434,22400,2437688
"333",7533153,7567464,1,16357.6,33597.434,22400,2437703
"334",7472839,7576901,1,15941.8,34927.438,22900,2437703
"335",7472849,7533157,1,17200.4,34294.637,22200,2437713
"336",7569258,7569257,1,13232.24,36275.355,19350,2437733
"337",7342813,7571933,1,14977.2,38158.71,18950,2437753
"338",7571953,7571952,1,14658,38192.31,18850,2437753
"339",7635098,7635097,1,20011.88,36139.223,24000,2437772
"340",7567537,7567534,1,18085.2,35599.434,24600,2437772
"341",7572466,7572464,1,16978.58,36553.074,23700,2437777
"342",7342909,7542435,1,21431.201,41926.27,15700,2437777
"343",7572676,7572675,1,18195.646,36968.406,22600,2437777
"344",7573119,7573118,1,16498.531,38231.2,22200,2437777
"345",7343034,7572675,1,18195.646,36968.406,22600,2437782
"346",7343068,7567534,1,18085.2,35599.434,24600,2437782
"347",7342854,7542435,1,21431.201,41926.27,15700,2437787
"348",7342867,7625740,1,15817.614,39346.73,18900,2437787
"349",7571934,7571933,1,14977.2,38158.71,18950,2437787
"350",7571988,7571987,1,15769.6,38536.71,18550,2437787
"351",7571954,7571952,1,14658,38192.31,18850,2437792
"352",7569511,7569510,1,16202.2,33387.44,17350,2437832
"353",7570646,7570643,1,21550.668,45213.934,13950,2438555
"354",7570666,7542632,1,16937.2,44083.664,17300,2438555
"355",7542650,7542648,1,15865.111,42875,18350,2438555
"356",7570617,7542435,1,21431.201,41926.27,15700,2438567
"357",7348756,7542687,1,15363.6,43134.47,20300,2438600
"358",7570688,7570685,1,14960.4,42414.867,20700,2438600
"359",7542762,7542761,1,15072.867,41272.465,21900,2438600
"360",7573341,7542769,1,14942.563,41251.777,21300,2438600
"361",7349381,7603933,1,23477.975,31246.209,22300,2438653
"362",7572292,7572295,1,21671.996,42699.07,25250,2456907
"363",7541755,7541753,1,21544.133,41904.8,26800,2456907
"364",7541774,7541773,1,19863.195,42911.87,24900,2456907
"365",7562855,7541762,1,21044.797,41885.668,26200,2456907
"366",7378001,7562857,1,21470.396,41927.668,26400,2456907
"367",7564742,7564740,1,21472.268,43204.934,22050,2456907
"368",7377967,7564801,1,22119.068,44142.938,19000,2456907
"369",7662681,7572329,1,21744.795,42323.87,25900,2456907
"370",7572257,7572258,1,23769.197,45322.67,23600,2456930
"371",7572795,7572794,1,24309.596,45835.07,26050,2456930
"372",7378246,7577188,1,25295.195,43740.67,23150,2456930
"373",7536991,7536990,1,23841.996,43805.07,24000,2456930
"374",7536998,7536997,1,24099.598,43771.47,23400,2456930
"375",7572156,7572154,1,26801.135,45243.8,17400,2456930
"376",7572168,7572167,1,25907.934,44502.734,20550,2456930
"377",7378252,7572251,1,25371.4,44938.6,22000,2456930
"378",7525667,7525669,1,36571.734,49647.965,17900,2456940
"379",7576632,7525474,1,33465.6,49170.33,13800,2456940
"380",7572261,7572258,1,23769.197,45322.67,23600,2456952
"381",7378596,7572794,1,24309.596,45835.07,26050,2456952
"382",7577206,7577205,1,24401.996,46823.47,25250,2456952
"383",7572259,7572258,1,23769.197,45322.67,23600,2456970
"384",7572793,7572791,1,23486.396,45935.87,26750,2456970
"385",7572796,7572794,1,24309.596,45835.07,26050,2456970
"386",7536968,7536966,1,23024.396,43513.87,25100,2456970
"387",7379157,7334774,1,26571.998,51747.266,25150,2456989
"388",7570482,7570481,1,27569.73,51677.74,23450,2456989
"389",7577769,7577768,1,27047.996,54436.664,24900,2457032
"390",7334765,7526039,1,29400.469,54278.23,23500,2457032
"391",7379627,7570481,1,27569.73,51677.74,23450,2457032
"392",7334775,7334774,1,26571.998,51747.266,25150,2457032
"393",7540097,7575984,1,28800.797,48429.266,25800,2457045
"394",7564500,7564498,1,27799.799,47852.47,26300,2457045
"395",7572792,7572791,1,23486.396,45935.87,26750,2457068
"396",7577161,7547325,1,23947.78,51095.414,25000,2457068
"397",7380577,7541773,1,19863.195,42911.87,24900,2457119
"398",7572314,7572313,1,20504.395,42298.67,25400,2457119
"399",7572363,7572362,1,20317.426,40736.586,26950,2457119
"400",7541763,7541762,1,21044.797,41885.668,26200,2457119
"401",7576621,7541753,1,21544.133,41904.8,26800,2457119
"402",7380766,7567581,1,18970,39284.234,24200,2457129
"403",7380749,7567946,1,22773.37,40445.33,26200,2457129
"404",7380762,7569003,1,18354,39345.836,24800,2457129
"405",7577207,7577205,1,24401.996,46823.47,25250,2457136
"406",7572331,7572329,1,21744.795,42323.87,25900,2457148
"407",7570767,7570763,1,32741.332,49303.566,25000,2457163
"408",7570791,7570790,1,32116.932,49355.367,24950,2457163
"409",7381368,7564498,1,27799.799,47852.47,26300,2457163
"410",7381383,7571262,1,32604.13,50093.164,25500,2457163
"411",7525940,7525941,1,32576.133,49218.164,25350,2457163
"412",7572364,7572362,1,20317.426,40736.586,26950,2457172
"413",7381536,7572365,1,18075.559,41733.387,26500,2457172
"414",7572058,7332764,1,18572.092,41714.72,23900,2457172
"415",7381554,7564689,1,18078.668,41278.535,23750,2457172
"416",7577770,7577768,1,27047.996,54436.664,24900,2457182
"417",7381999,7569024,1,30620.797,46785.664,25150,2457192
"418",7575987,7575986,1,28302.396,48961.266,26000,2457213
"419",7571439,7571438,1,30054.08,51350.04,25150,2457213
"420",7567719,7567718,1,32784.266,56464.8,25400,2457238
"421",7383183,7571253,1,33547.734,50728.766,23800,2457274
"422",7383369,7546891,1,30523.12,56363.145,22450,2457283
"423",7573516,7573515,1,31013.117,57295.547,23050,2457293
"424",7383418,7546886,1,32005.25,58489.28,22300,2457293
"425",7383417,7546891,1,30523.12,56363.145,22450,2457293
"426",7547386,7547384,1,25156.602,55430.2,23800,2457337
"427",7526096,7526095,1,26899.596,55296.266,24550,2457337
"428",7384226,7566573,1,26725.998,42946.637,23850,2457359
"429",7567720,7567718,1,32784.266,56464.8,25400,2457374
"430",7384635,7546751,1,33531.25,57155.547,17950,2457391
"431",7533244,7533243,1,33509.81,59927.97,19900,2457391
"432",7533244,7533245,1,33935.41,59639.57,19900,2457391
"433",7571437,7571436,1,36763.895,53494.004,22550,2457401
"434",7525357,7576537,1,39088.31,55426.78,21750,2457401
"435",7384829,7547212,1,37425.58,58575.613,22300,2457408
"436",7385017,7547208,1,36064.78,56859.21,22400,2457427
"437",7385015,7547212,1,37425.58,58575.613,22300,2457427
"438",7385120,7546899,1,31197.918,58001.145,22700,2457435
"439",7522340,7522339,1,34769,61543.543,20700,2457445
"440",7533247,7533245,1,33935.41,59639.57,19900,2457445
"441",7547012,7574813,1,35722.71,61887.54,21950,2457445
"442",7574829,7574827,1,35313.91,61965.94,21600,2457445
"443",7574864,7574862,1,35547.4,61389.543,20800,2457445
"444",7385278,7546886,1,32005.25,58489.28,22300,2457454
"445",7385284,7546899,1,31197.918,58001.145,22700,2457454
"446",7385257,7546751,1,33531.25,57155.547,17950,2457454
"447",7577455,7547536,1,33672.8,61467.47,21900,2457463
"448",7385592,7547322,1,23505.379,51089.812,25300,2457484
"449",7577162,7547325,1,23947.78,51095.414,25000,2457484
"450",7617584,7617587,1,25268.6,50733.664,20800,2457484
"451",7577771,7577768,1,27047.996,54436.664,24900,2457494
"452",7571909,7571908,1,17743.293,48514.516,24850,2457535
"453",7571915,7571913,1,18048.492,48225.656,24300,2457535
"454",7571725,7332398,1,24074.094,49649.453,15950,2457547
"455",7571763,7571762,1,22950.36,50689.188,19650,2457547
"456",7332264,7571876,1,20285.693,50012.984,22400,2457547
"457",7332308,7332307,1,23753.957,51391.52,20700,2457547
"458",7572366,7572365,1,18075.559,41733.387,26500,2457570
"459",7332843,7332842,1,18615.025,42437.117,27000,2457570
"460",7386197,7572361,1,15776.761,45675.785,25700,2457579
"461",7572236,7572251,1,25371.4,44938.6,22000,2457610
"462",7386441,7536990,1,23841.996,43805.07,24000,2457610
"463",7386439,7572258,1,23769.197,45322.67,23600,2457610
"464",7536967,7536966,1,23024.396,43513.87,25100,2457610
"465",7572183,7541980,1,24243.8,43762.6,21600,2457610
"466",7572236,7572234,1,24811.4,44261,22200,2457610
"467",7571910,7571908,1,17743.293,48514.516,24850,2457619
"468",7571914,7571913,1,18048.492,48225.656,24300,2457619
"469",7547389,7547388,1,24582.602,55013,23550,2457633
"470",7573283,7547309,1,22208.979,51966.21,25000,2457633
"471",7573370,7547384,1,25156.602,55430.2,23800,2457633
"472",7571848,7332307,1,23753.957,51391.52,20700,2457633
"473",7332524,7332523,1,24045.16,51739.188,20150,2457633
"474",7570867,7525941,1,32576.133,49218.164,25350,2457642
"475",7571238,7571237,1,32951.336,49463.164,22650,2457642
"476",7569025,7569024,1,30620.797,46785.664,25150,2457642
"477",7546752,7546751,1,33531.25,57155.547,17950,2457652
"478",7547538,7547536,1,33672.8,61467.47,21900,2457652
"479",7574927,7574926,1,35145.6,57136.34,17100,2457652
"480",7570766,7570763,1,32741.332,49303.566,25000,2457677
"481",7571222,7571221,1,36588.848,50011.81,19900,2457677
"482",7571232,7571231,1,36363.2,49731.3,20650,2457677
"483",7525917,7571253,1,33547.734,50728.766,23800,2457677
"484",7387231,7571033,1,38177.375,52228.715,21600,2457685
"485",7387242,7571253,1,33547.734,50728.766,23800,2457685
"486",7525382,7525381,1,36773.95,52199.62,22250,2457685
"487",7570984,7576630,1,37622.66,52823.863,20900,2457685
"488",7525923,7525922,1,34065.734,50445.965,24400,2457685
"489",7571016,7571015,1,37846.977,53572.715,21550,2457693
"490",7571255,7525922,1,34065.734,50445.965,24400,2457693
"491",7387339,7571262,1,32604.13,50093.164,25500,2457693
"492",7571319,7571317,1,35772.48,51804.51,17400,2457693
"493",7387292,7571330,1,36126.215,52315.043,17550,2457693
"494",7571417,7571416,1,36424.26,52691.645,17950,2457693
"495",7525333,7576630,1,37622.66,52823.863,20900,2457693
"496",7569156,7334590,1,41575.332,55783.004,16000,2457709
"497",7566111,7566105,1,40369.81,53343.77,19200,2457709
"498",7566796,7566792,1,40797.867,55587,15300,2457709
"499",7567221,7567210,1,38232.13,53557,14150,2457709
"500",7650855,7650867,1,40680.61,54943.97,19000,2457709
"501",7388133,7574813,1,35722.71,61887.54,21950,2457747
"502",7574819,7574816,1,36517.91,61585.14,21700,2457747
"503",7522309,7522310,1,35341.6,57309.94,17200,2457747
"504",7522309,7574926,1,35145.6,57136.34,17100,2457747
"505",7574959,7574958,1,35008.4,60032.473,19400,2457747
"506",7525419,7525418,1,37908.26,55844.91,18200,2457755
"507",7546995,7546994,1,36747.51,61937.94,21450,2457779
"508",7574863,7574862,1,35547.4,61389.543,20800,2457779
"509",7522325,7574958,1,35008.4,60032.473,19400,2457779
"510",7388393,7522339,1,34769,61543.543,20700,2457788
"511",7574928,7574926,1,35145.6,57136.34,17100,2457788
"512",7574938,7574936,1,35655.2,58273.14,17300,2457788
"513",7568861,7568859,1,35442.4,63410.195,21850,2457788
"514",7575377,7575376,1,30882.447,62249.68,20550,2457796
"515",7528686,7565187,1,30848.531,62787.895,20750,2457796
"516",7547780,7567797,1,33437.6,62355.535,22100,2457796
"517",7528718,7567820,1,33113.734,63598.492,21850,2457796
"518",7573371,7547384,1,25156.602,55430.2,23800,2457809
"519",7547311,7547309,1,22208.979,51966.21,25000,2457819
"520",7571791,7571790,1,23742.758,50921.12,20150,2457819
"521",7571847,7332307,1,23753.957,51391.52,20700,2457819
"522",7388660,7571896,1,19987.025,49866.145,24650,2457819
"523",7547308,7547306,1,20378.094,49926.184,25250,2457829
"524",7571726,7332398,1,24074.094,49649.453,15950,2457829
"525",7571753,7571752,1,22998.895,49813.72,17900,2457829
"526",7571887,7332256,1,19171.293,49206.586,22600,2457829
"527",7388743,7571896,1,19987.025,49866.145,24650,2457829
"528",7332252,7332251,1,19745.293,49847.785,23100,2457829
"529",7571872,7571871,1,22274.627,52882.516,20550,2457839
"530",7571894,7332251,1,19745.293,49847.785,23100,2457839
"531",7571897,7571896,1,19987.025,49866.145,24650,2457839
"532",7332399,7332398,1,24074.094,49649.453,15950,2457839
"533",7573107,7573105,1,23391.922,51996.01,16400,2457850
"534",7388877,7573110,1,23406.805,53367.895,17600,2457850
"535",7336435,7336434,1,23526.271,53614.293,18650,2457850
"536",7566761,7566760,1,23991.332,58159.266,21450,2457859
"537",7566769,7566768,1,25321.332,58527.465,21050,2457859
"538",7573106,7573105,1,23391.922,51996.01,16400,2457867
"539",7573111,7573110,1,23406.805,53367.895,17600,2457867
"540",7541558,7541557,1,22080.799,55579.062,20950,2457876
"541",7572787,7572786,1,20832.627,53902.188,20200,2457876
"542",7389127,7573105,1,23391.922,51996.01,16400,2457876
"543",7566736,7566733,1,20295.334,51516.73,20850,2457876
"544",7526394,7569183,1,31403.867,56746.9,16700,2457884
"545",7389219,7575342,1,30415.78,57620.344,16600,2457884
"546",7566776,7566775,1,28668.266,61937.4,22100,2457913
"547",7541204,7572786,1,20832.627,53902.188,20200,2457922
"548",7573108,7573105,1,23391.922,51996.01,16400,2457922
"549",7389653,7336434,1,23526.271,53614.293,18650,2457922
"550",7389666,7571871,1,22274.627,52882.516,20550,2457922
"551",7332529,7332528,1,22207.428,53520.918,19900,2457922
"552",7573116,7573114,1,16928.492,50840.855,23000,2457934
"553",7566734,7566733,1,20295.334,51516.73,20850,2457934
"554",7389790,7569032,1,17390.799,51666.996,22600,2457934
"555",7389970,7566715,1,17879.09,51047.58,23300,2457958
"556",7566738,7566733,1,20295.334,51516.73,20850,2457958
"557",7389970,7576631,1,17993.89,51232.38,23400,2457958
"558",7573115,7573114,1,16928.492,50840.855,23000,2457966
"559",7541335,7566661,1,17786.844,48982.266,25350,2457980
"560",7571911,7571908,1,17743.293,48514.516,24850,2457980
"561",7573117,7573114,1,16928.492,50840.855,23000,2457988
"562",7571694,7571693,1,17576.225,47725.39,21900,2457988
"563",7331557,7331549,1,17749.824,47775.79,21400,2457988
"564",7570026,7570024,1,13698.533,43803.01,22800,2458004
"565",7390469,7570305,1,14312.669,43382.727,22350,2458004
"566",7571610,7571609,1,15762.13,44451.86,22450,2458004
"567",7571621,7571620,1,14745.73,44208.26,22550,2458004
"568",7332257,7332256,1,19171.293,49206.586,22600,2458011
"569",7541818,7541817,1,16923.668,40012.004,25950,2458020
"570",7390725,7572365,1,18075.559,41733.387,26500,2458027
"571",7390718,7541825,1,15861.69,40361.387,25150,2458027
"572",7541834,7541833,1,16452.8,40623.336,24600,2458027
"573",7572433,7572431,1,16626.4,41278.535,24100,2458027
"574",7572115,7541842,1,14695.8,39927.07,24150,2458027
"575",7572093,7572092,1,16418.893,42597.652,23850,2458027
"576",7572115,7572114,1,14876.092,42676.055,24300,2458027
"577",7569933,7541458,1,23564.799,57180.664,20500,2458046
"578",7390847,7573110,1,23406.805,53367.895,17600,2458046
"579",7336438,7336434,1,23526.271,53614.293,18650,2458046
"580",7390994,7541458,1,23564.799,57180.664,20500,2458064
"581",7541401,7541469,1,25815.064,59500.93,20200,2458079
"582",7566773,7566771,1,27393.332,59605.465,21350,2458079
"583",7574879,7522339,1,34769,61543.543,20700,2458091
"584",7565186,7565185,1,30434.133,63062.297,21050,2458099
"585",7528668,7528667,1,30518.447,62574.48,20200,2458099
"586",7551595,7551600,1,27697.912,59963.01,22300,2458117
"587",7573572,7533243,1,33509.81,59927.97,19900,2458138
"588",7574828,7574827,1,35313.91,61965.94,21600,2458138
"589",7547860,7568848,1,35499.332,62588.867,21400,2458138
"590",7391649,7569183,1,31403.867,56746.9,16700,2458147
"591",7526397,7569198,1,30768.268,56854.7,16750,2458147
"592",7391657,7569206,1,32232.357,59281.363,17600,2458147
"593",7391660,7547112,1,32397.248,58885.01,18150,2458147
"594",7575010,7547112,1,32397.248,58885.01,18150,2458147
"595",7391863,7601560,1,34669.6,64301.812,19000,2458164
"596",7528748,7567798,1,32928.934,64208.895,22150,2458171
"597",7528722,7567820,1,33113.734,63598.492,21850,2458171
"598",7568837,7568836,1,35866.133,62350.867,21550,2458180
"599",7568860,7568859,1,35442.4,63410.195,21850,2458180
"600",7564527,7560220,1,36822.8,64267.23,17500,2458188
"601",7528570,7528569,1,36025.266,64217.297,18350,2458188
"602",7564497,7559845,1,32000.732,63860.297,18950,2458197
"603",7547190,7547188,1,32746.314,62964.61,19200,2458197
"604",7601574,7601573,1,34980.4,63288.215,18350,2458197
"605",7392306,7548028,1,37943.42,61171.83,16450,2458211
"606",7569207,7548033,1,38363.42,61636.63,16850,2458211
"607",7576017,7576015,1,41135.42,60201.63,16000,2458211
"608",7565505,7565502,1,40390,59184.297,13250,2458220
"609",7392339,7569531,1,36472.76,55711.496,11900,2458220
"610",7555836,7569535,0,35881.96,56055.895,11900,2458220
"611",7392357,7576014,0,41451.82,60196.03,15500,2458220
"612",7576016,7576015,1,41135.42,60201.63,16000,2458220
"613",7565201,7565199,1,40526.734,60851.7,14400,2458220
"614",7565504,7565502,1,40390,59184.297,13250,2458220
"615",7392347,7565687,0,38945.664,57171.56,13550,2458220
"616",7392337,7555799,1,35735.895,54981.16,11350,2458220
"617",7392347,7576636,1,39525.266,56689.96,13500,2458220
"618",7569208,7548033,1,38363.42,61636.63,16850,2458229
"619",7560295,7560294,1,38441.82,61792.03,17150,2458229
"620",7392418,7548028,1,37943.42,61171.83,16450,2458229
"621",7540278,7576633,1,39054.4,55405.47,13400,2458237
"622",7596757,7596756,1,39123.81,56146.57,14200,2458237
"623",7596803,7596802,0,39151.81,56812.97,14400,2458237
"624",7334591,7334590,1,41575.332,55783.004,16000,2458237
"625",7334586,7567210,1,38232.13,53557,14150,2458246
"626",7596758,7596756,1,39123.81,56146.57,14200,2458246
"627",7559846,7559845,1,32000.732,63860.297,18950,2458263
"628",7392661,7565185,1,30434.133,63062.297,21050,2458263
"629",7565188,7565187,1,30848.531,62787.895,20750,2458263
"630",7634688,7634684,1,33550.2,67182,16800,2458342
"631",7555826,7569525,1,37102.76,56013.895,11900,2458418
"632",7565591,7565590,1,39123.934,57305.96,13100,2458418
"633",7565655,7565652,1,38195.734,56864.96,12900,2458418
"634",7569526,7569525,1,37102.76,56013.895,11900,2458426
"635",7393738,7555799,1,35735.895,54981.16,11350,2458426
"636",7635197,7635194,1,34939.72,52857.758,10450,2458426
"637",7533018,7567581,1,18970,39284.234,24200,2472546
"638",7466780,7569003,1,18354,39345.836,24800,2472546
"639",7466980,7567649,1,24865.87,43105.996,17950,2472558
"640",7533007,7533006,1,19857.6,37868.836,23900,2472558
"641",7467117,7566575,1,24267.6,40633.836,22350,2472573
"642",7532965,7567966,1,25331.6,40863.438,22100,2472573
"643",7577189,7577188,1,25295.195,43740.67,23150,2472573
"644",7467295,7551341,1,22545.916,39476.11,24350,2472595
"645",7467305,7567946,1,22773.37,40445.33,26200,2472595
"646",7567551,7567550,1,17374,38811.035,25000,2472657
"647",7468249,7572362,1,20317.426,40736.586,26950,2472671
"648",7468217,7541765,1,20630.395,41349.47,26200,2472671
"649",7468291,7564708,1,19405.867,42437.734,23100,2472671
"650",7468331,7564761,1,21895.068,43566.137,20500,2472671
"651",7468351,7564801,1,22119.068,44142.938,19000,2472671
"652",7533021,7567564,1,18286.8,39695.836,24100,2472671
"653",7332765,7332764,1,18572.092,41714.72,23900,2472671
"654",7569919,7569917,1,27477.797,42006.066,24950,2472687
"655",7569924,7569922,1,27903.396,41790.465,24300,2472687
"656",7468859,7569152,1,20951.47,37121.465,22950,2472712
"657",7532979,7566579,1,23030,39631.434,22600,2472712
"658",7533040,7567550,1,17374,38811.035,25000,2472766
"659",7567566,7567564,1,18286.8,39695.836,24100,2472766
"660",7567587,7567581,1,18970,39284.234,24200,2472766
"661",7533040,7569003,1,18354,39345.836,24800,2472766
"662",7469224,7643743,1,18125.525,40280.934,22800,2472766
"663",7469466,7547309,1,22208.979,51966.21,25000,2472777
"664",7470994,7569731,1,20296.27,31984.4,23050,2472983
"665",7548245,7536990,1,23841.996,43805.07,24000,2473250
"666",7540239,7569922,1,27903.396,41790.465,24300,2473250
"667",7567942,7551341,1,22545.916,39476.11,24350,2473250
"668",7577191,7577188,1,25295.195,43740.67,23150,2473250
"669",7536978,7536977,1,23416.396,43222.67,24850,2473250
"670",7569920,7569917,1,27477.797,42006.066,24950,2473279
"671",7569923,7569922,1,27903.396,41790.465,24300,2473279
"672",7577184,7577183,1,27375.596,43385.07,22850,2473279
"673",7572385,7541825,1,15861.69,40361.387,25150,2473306
"674",7541836,7541835,1,17270.4,40746.535,24500,2473306
"675",7473499,7572405,1,16973.6,40841.734,24700,2473306
"676",7473495,7572431,1,16626.4,41278.535,24100,2473306
"677",7473494,7564689,1,18078.668,41278.535,23750,2473306
"678",7564709,7564708,1,19405.867,42437.734,23100,2473306
"679",7564741,7564740,1,21472.268,43204.934,22050,2473306
"680",7564762,7564761,1,21895.068,43566.137,20500,2473306
"681",7564778,7564777,1,22113.469,43913.336,19500,2473306
"682",7643585,7643597,0,17420.232,39199.824,25850,2473306
"683",7573354,7573353,1,18131.092,40143.453,25550,2473306
"684",7643599,7643608,0,18026.432,39170.426,25950,2473306
"685",7473499,7567550,1,17374,38811.035,25000,2473306
"686",7643636,7643642,0,16599.21,39621.695,25150,2473306
"687",7643649,7643655,0,17176.012,39615.156,24750,2473306
"688",7643662,7643668,0,17048.611,39874.156,24450,2473306
"689",7541832,7600641,1,15896.533,39454.797,24800,2473306
"690",7643669,7643680,0,16831.611,40534.49,23750,2473306
"691",7643689,7643699,0,18094.412,40313.29,23550,2473306
"692",7643735,7643743,0,18125.525,40280.934,22800,2473306
"693",7473591,7603933,1,23477.975,31246.209,22300,2473322
"694",7473796,7569546,1,21791.004,40581.797,20350,2473357
"695",7572467,7572464,1,16978.58,36553.074,23700,2473357
"696",7473788,7572675,1,18195.646,36968.406,22600,2473357
"697",7567535,7567534,1,18085.2,35599.434,24600,2473357
"698",7637634,7637633,1,10808.25,46596.574,9500,2473584
"699",7645958,7645957,1,10332.25,43622.973,10000,2473589
"700",7645975,7645974,1,10462.45,43909.97,9850,2473589
"701",7475595,7645957,1,10332.25,43622.973,10000,2473599
"702",7674072,7674071,1,12961.54,33229,9400,2473645
"703",7691297,7691293,1,42258.074,51093.934,10850,2474445
"704",7691297,7691392,1,41874.473,50892.332,10850,2474445
"705",7605724,7605723,1,36428.4,63704.6,7450,2474472
"706",7576303,7576302,1,11844.933,46341.21,15700,2474505
"707",7576059,7576055,1,11541.133,45817.61,14000,2474529
"708",7481156,7575661,1,17768.8,33486.836,14600,2474541
"709",7575706,7575705,1,17679.2,33887.234,14100,2474541
"710",7634463,7634460,1,36151.734,59082.336,5600,2475912
"711",7634543,7634542,1,36496.137,58704.336,6150,2475912
"712",7646202,7605253,1,37506.4,53291.4,5350,2475939
"713",7634462,7634460,1,36151.734,59082.336,5600,2511558
"714",7634498,7634542,1,36496.137,58704.336,6150,2511558
"715",7634557,7634556,1,36053.74,57568.934,6000,2511558
"716",7634627,7634626,1,35740.14,57930.137,6350,2511558
"717",7605528,7691642,1,34969.6,62583.2,6700,2511558
"718",7492925,7634499,1,35857.74,59386.133,5800,2476064
"719",7634563,7634562,1,37033.74,58889.133,6600,2476099
"720",7605256,7605253,1,37506.4,53291.4,5350,2476108
"721",7605825,7605824,1,34863.055,62076.38,6700,2476165
"722",7605436,7605433,1,33662,62929,5100,2477697
"723",7646079,7646077,1,35739.6,63865.6,9350,2477712
"724",7634871,7634870,1,29444.8,41619.2,25150,2478234
"725",7566320,7566318,1,40250.465,47207.3,20750,2478252
"726",7569153,7569152,1,20951.47,37121.465,22950,2478628
"727",7567650,7567649,1,24865.87,43105.996,17950,2478628
"728",7567667,7567666,1,25149.602,43262.8,18800,2478628
"729",7510839,7567674,1,21767.203,39514.53,22450,2478628
"730",7603925,7603933,0,23477.975,31246.209,22300,2478701
"731",7511456,7569152,1,20951.47,37121.465,22950,2478710
"732",7569621,7569619,1,21258.07,35382.2,23200,2478710
"733",7634923,7634922,1,20333.6,34855.8,24900,2478710
"734",7635099,7635097,1,20011.88,36139.223,24000,2478710
"735",7635100,7635097,1,20011.88,36139.223,24000,2478710
"736",7576008,7576006,1,14181.785,34961.39,9900,2479831
"737",7646034,7646033,1,10823.65,43627.176,10600,2479859
"738",7576007,7576006,1,14181.785,34961.39,9900,2479866
"739",7576119,7576118,1,11333.933,43009.21,12800,2479873
"740",7576119,7576120,1,11375.933,42398.81,12850,2479873
"741",7576231,7576228,1,13792.333,41894.81,11200,2479873
"742",7519876,7673885,1,13377.34,35173.605,12450,2480023
"743",7575790,7575789,1,15458.8,33960.035,12000,2480044
"744",7577536,7577535,1,14663.6,31532.434,10200,2480050
"745",7576229,7576228,1,13792.333,41894.81,11200,2480071
"746",7576056,7576055,1,11541.133,45817.61,14000,2480077
"747",7520228,7576071,1,11515.933,44946.81,13400,2480077
"748",7569407,7569415,0,14330.4,34895.234,19900,2480113
"749",7569503,7569510,0,16202.2,33387.44,17350,2480113
"750",7576897,7576901,0,15941.8,34927.438,22900,2480113
"751",7577658,7577664,0,15248.8,35799.633,12950,2480113
"752",7575699,7575703,0,17127.6,34800.035,13600,2480113
"753",7575784,7575789,0,15458.8,33960.035,12000,2480113
"754",7575713,7575661,1,17768.8,33486.836,14600,2480113
"755",7575666,7575705,0,17679.2,33887.234,14100,2480113
"756",7576867,7567464,1,16357.6,33597.434,22400,2480113
"757",7567449,7567448,1,17066,34193.836,22700,2480113
"758",7673884,7673885,0,13377.34,35173.605,12450,2480113
"759",7577529,7577535,0,14663.6,31532.434,10200,2480113
"760",7577604,7577613,0,14501.2,27374.434,8200,2480113
"761",7674063,7674071,0,12961.54,33229,9400,2480113
"762",7575704,7575703,1,17127.6,34800.035,13600,2480131
"763",7577665,7577664,1,15248.8,35799.633,12950,2480136
"764",7520468,7575661,1,17768.8,33486.836,14600,2480136
"765",7520533,7572864,1,11580.801,38926.535,16250,2480149
"766",7570645,7570643,1,21550.668,45213.934,13950,2480156
"767",7570687,7570685,1,14960.4,42414.867,20700,2480156
"768",7542771,7542769,1,14942.563,41251.777,21300,2480156
"769",7520593,7542772,1,13464.733,41734.47,21050,2480156
"770",7573337,7542761,1,15072.867,41272.465,21900,2480156
"771",7520588,7542812,1,14325.266,40645.266,19600,2480156
"772",7520655,7572864,1,11580.801,38926.535,16250,2480165
"773",7520651,7572886,1,12845.001,38939.137,15400,2480165
"774",7572866,7572864,1,11580.801,38926.535,16250,2480176
"775",7542587,7542586,1,15987.535,42346.734,16300,2480181
"776",7572865,7572864,1,11580.801,38926.535,16250,2480190
"777",7542871,7542870,1,13344.335,38286.734,18050,2480190
"778",7572007,7572005,1,14125.535,38922.332,17700,2480190
"779",7570542,7570541,1,13753.04,37703.355,21100,2480205
"780",7570578,7570576,1,15690.735,40088.066,19100,2480205
"781",7542436,7542435,1,21431.201,41926.27,15700,2480205
"782",7625728,7625740,0,15817.614,39346.73,18900,2480205
"783",7573120,7573118,1,16498.531,38231.2,22200,2480205
"784",7520935,7573138,0,14794.538,37819.797,21400,2480205
"785",7525320,7571933,1,14977.2,38158.71,18950,2480205
"786",7542919,7571971,1,15066.8,38752.31,18600,2480205
"787",7542919,7571987,1,15769.6,38536.71,18550,2480205
"788",7576097,7576096,1,11423.533,42698.41,13200,2480215
"789",7570644,7570643,1,21550.668,45213.934,13950,2480221
"790",7573038,7573037,1,12789.934,39621.4,19250,2480221
"791",7520981,7542812,1,14325.266,40645.266,19600,2480221
"792",7627272,7627283,0,15117.205,40483.56,17500,2480221
"793",7627325,7627330,0,13104.939,39892.53,19800,2480221
"794",7520983,7571952,1,14658,38192.31,18850,2480221
"795",7571972,7571971,1,15066.8,38752.31,18600,2480221
"796",7572006,7572005,1,14125.535,38922.332,17700,2480221
"797",7572664,7572669,1,16045.247,38231.207,23000,2480230
"798",7564779,7564777,1,22113.469,43913.336,19500,2480239
"799",7572715,7627892,1,17904.13,40873.46,22100,2480239
"800",7542508,7570576,1,15690.735,40088.066,19100,2480248
"801",7571543,7555737,1,14728.932,43889.06,21850,2480254
"802",7541981,7541980,1,24243.8,43762.6,21600,2480293
"803",7564802,7564801,1,22119.068,44142.938,19000,2480293
"804",7572129,7572128,1,26335.715,45498.598,16300,2480293
"805",7572155,7572154,1,26801.135,45243.8,17400,2480293
"806",7541984,7572234,1,24811.4,44261,22200,2480293
"807",7569547,7569546,1,21791.004,40581.797,20350,2480302
"808",7572465,7572464,1,16978.58,36553.074,23700,2480302
"809",7572677,7541860,1,15675.647,39261.61,22850,2480302
"810",7521559,7572256,1,25102.6,44087.4,22200,2480313
"811",7567626,7567649,1,24865.87,43105.996,17950,2480313
"812",7567668,7567666,1,25149.602,43262.8,18800,2480313
"813",7572182,7541980,1,24243.8,43762.6,21600,2480313
"814",7572235,7572234,1,24811.4,44261,22200,2480313
"815",7542012,7542013,1,26635.936,44661.4,19350,2480329
"816",7521670,7572128,1,26335.715,45498.598,16300,2480329
"817",7521668,7572154,1,26801.135,45243.8,17400,2480329
"818",7521862,7577183,1,27375.596,43385.07,22850,2480354
"819",7572252,7572251,1,25371.4,44938.6,22000,2480362
"820",7532814,7540235,1,27159.998,42711.434,23850,2480362
"821",7569918,7569917,1,27477.797,42006.066,24950,2480362
"822",7532814,7566573,1,26725.998,42946.637,23850,2480362
"823",7577190,7577188,1,25295.195,43740.67,23150,2480362
"824",7566107,7566105,1,40369.81,53343.77,19200,2480369
"825",7525797,7569217,1,39224.58,48327.61,18900,2480375
"826",7570741,7570740,1,39553.73,48793.97,19450,2480375
"827",7570743,7570742,1,38905.066,50458.1,18350,2480375
"828",7525770,7566315,1,40222.465,48405.7,21250,2480375
"829",7525695,7566317,1,40102.066,48237.7,20850,2480375
"830",7568979,7568967,1,37939.066,50909.836,18900,2480375
"831",7522155,7650867,1,40680.61,54943.97,19000,2480391
"832",7650879,7650878,1,40969.01,55475.97,17950,2480391
"833",7575872,7575865,1,39953.2,58849.24,16800,2480406
"834",7575898,7575897,1,39802,57914.04,17050,2480406
"835",7566793,7566792,1,40797.867,55587,15300,2480406
"836",7575872,7628240,1,40537,58132.668,16950,2480406
"837",7525436,7571336,1,36792.613,53502.242,17750,2480414
"838",7569714,7569713,1,36652,52660.3,23050,2480480
"839",7522466,7566336,1,40053.43,50784.766,20750,2480480
"840",7525986,7525985,1,36273.535,52223.03,22400,2480480
"841",7525421,7525418,1,37908.26,55844.91,18200,2480491
"842",7570764,7570763,1,32741.332,49303.566,25000,2480505
"843",7566529,7525585,1,32605.066,45582.367,22800,2480505
"844",7571193,7571192,1,35824.133,49556.496,18250,2480526
"845",7571223,7571221,1,36588.848,50011.81,19900,2480526
"846",7522728,7569145,1,33176.266,46943.633,23000,2480526
"847",7525475,7525474,1,33465.6,49170.33,13800,2498433
"848",7571194,7571192,1,35824.133,49556.496,18250,2498433
"849",7571218,7571217,1,37286.047,50003.41,19700,2498433
"850",7525824,7525823,1,36806.934,50374.098,18700,2498433
"851",7571305,7571304,1,33272.39,49822.73,15150,2498433
"852",7525607,7566407,1,36280.066,48582.098,22350,2480578
"853",7525629,7525628,1,40226.67,50720.832,21150,2480578
"854",7569580,7569579,1,33856.2,51385.84,25650,2480587
"855",7571239,7571237,1,32951.336,49463.164,22650,2480587
"856",7571247,7571253,1,33547.734,50728.766,23800,2480587
"857",7525593,7566416,1,34336.867,47802.766,22650,2480595
"858",7525586,7525585,1,32605.066,45582.367,22800,2480595
"859",7522971,7569119,1,33904.266,46467.168,24700,2480595
"860",7569146,7569145,1,33176.266,46943.633,23000,2480595
"861",7571233,7571231,1,36363.2,49731.3,20650,2480605
"862",7523052,7566389,1,38616.2,49176.633,21450,2480605
"863",7566394,7525611,1,38982.066,49296.098,21800,2480605
"864",7523028,7566407,1,36280.066,48582.098,22350,2480605
"865",7571034,7571033,1,38177.375,52228.715,21600,2480619
"866",7525848,7571217,1,37286.047,50003.41,19700,2480619
"867",7571306,7571304,1,33272.39,49822.73,15150,2480619
"868",7571318,7571317,1,35772.48,51804.51,17400,2480619
"869",7523130,7547208,1,36064.78,56859.21,22400,2480627
"870",7570744,7570742,1,38905.066,50458.1,18350,2480645
"871",7525612,7525611,1,38982.066,49296.098,21800,2480645
"872",7569934,7541557,1,22080.799,55579.062,20950,2483345
"873",7566762,7566760,1,23991.332,58159.266,21450,2483345
"874",7570242,7570241,1,10593.333,46234.81,11650,2486384
"875",7691604,7691603,1,42686.81,55991.17,9050,2487643
"876",7605255,7605253,1,37506.4,53291.4,5350,2487651
"877",7605283,7605284,1,38027.2,53859.8,5900,2487651
"878",7605315,7605314,1,39312.4,52994.6,6900,2487651
"879",7605360,7605359,1,41826.8,53001.6,7300,2487651
"880",7605395,7605394,1,40211.2,53703,6850,2487651
"881",7569595,7569594,1,34087.2,51681.24,25200,2436531
"882",7525523,7570740,0,39553.73,48793.97,19450,2436531
"883",7540306,7570742,0,38905.066,50458.1,18350,2436531
"884",7525936,7570763,0,32741.332,49303.566,25000,2436531
"885",7570778,7570790,0,32116.932,49355.367,24950,2436531
"886",7525387,7570890,0,35180.336,52684.438,22600,2436531
"887",7570907,7525323,0,39594.8,54533.734,20350,2436531
"888",7570926,7333753,1,40256.53,55647.203,20750,2436531
"889",7570923,7570929,0,39656.4,55124.535,20600,2436531
"890",7570935,7525346,0,39855.2,55117.535,21100,2436531
"891",7571004,7571015,0,37846.977,53572.715,21550,2436531
"892",7571023,7571033,0,38177.375,52228.715,21600,2436531
"893",7571064,7525344,0,39053.46,54030.664,19900,2436531
"894",7571079,7571091,0,39252.26,55710.66,19850,2436531
"895",7571095,7571099,0,39425.86,55154.86,20100,2436531
"896",7571101,7571108,0,38734.26,54144.06,19550,2436531
"897",7546897,7546899,0,31197.918,58001.145,22700,2436531
"898",7571180,7571192,0,35824.133,49556.496,18250,2436531
"899",7571207,7571217,0,37286.047,50003.41,19700,2436531
"900",7525844,7571221,0,36588.848,50011.81,19900,2436531
"901",7571230,7571231,0,36363.2,49731.3,20650,2436531
"902",7525892,7571237,0,32951.336,49463.164,22650,2436531
"903",7525913,7571253,0,33547.734,50728.766,23800,2436531
"904",7525748,7566315,1,40222.465,48405.7,21250,2436531
"905",7571257,7571262,0,32604.13,50093.164,25500,2436531
"906",7525693,7566317,1,40102.066,48237.7,20850,2436531
"907",7551760,7566317,1,40102.066,48237.7,20850,2436531
"908",7571303,7571304,0,33272.39,49822.73,15150,2436531
"909",7571310,7571317,0,35772.48,51804.51,17400,2436531
"910",7571323,7571330,0,36126.215,52315.043,17550,2436531
"911",7571332,7571336,0,36792.613,53502.242,17750,2436531
"912",7571402,7571408,0,38118.26,55113.645,18700,2436531
"913",7571413,7571416,0,36424.26,52691.645,17950,2436531
"914",7571435,7571436,0,36763.895,53494.004,22550,2436531
"915",7536816,7571438,0,30054.08,51350.04,25150,2436531
"916",7570965,7576537,0,39088.31,55426.78,21750,2436531
"917",7546750,7546751,0,33531.25,57155.547,17950,2436531
"918",7546883,7546886,0,32005.25,58489.28,22300,2436531
"919",7547111,7547112,0,32397.248,58885.01,18150,2436531
"920",7595538,7595537,0,39506.13,59588.203,19850,2436531
"921",7525360,7525381,0,36773.95,52199.62,22250,2436531
"922",7573526,7546891,0,30523.12,56363.145,22450,2436531
"923",7567701,7567718,0,32784.266,56464.8,25400,2436531
"924",7546992,7574816,0,36517.91,61585.14,21700,2436531
"925",7525417,7525418,0,37908.26,55844.91,18200,2436531
"926",7525425,7525426,0,37347.95,54281.266,17950,2436531
"927",7574821,7574827,0,35313.91,61965.94,21600,2436531
"928",7533242,7533243,0,33509.81,59927.97,19900,2436531
"929",7533241,7533245,0,33935.41,59639.57,19900,2436531
"930",7525473,7525474,0,33465.6,49170.33,13800,2436531
"931",7574922,7574926,0,35145.6,57136.34,17100,2436531
"932",7547210,7547212,0,37425.58,58575.613,22300,2436531
"933",7522338,7522339,0,34769,61543.543,20700,2436531
"934",7570990,7576630,0,37622.66,52823.863,20900,2436531
"935",7525536,7525537,0,39994.27,48871.434,20400,2436531
"936",7525561,7525562,0,40369.47,49740.836,21600,2436531
"937",7546905,7573515,0,31013.117,57295.547,23050,2436531
"938",7525822,7525823,0,36806.934,50374.098,18700,2436531
"939",7525921,7525922,0,34065.734,50445.965,24400,2436531
"940",7573578,7547208,0,36064.78,56859.21,22400,2436531
"941",7525938,7525941,0,32576.133,49218.164,25350,2436531
"942",7526034,7526039,0,29400.469,54278.23,23500,2436531
"943",7573586,7574813,0,35722.71,61887.54,21950,2436531
"944",7570932,7600065,1,40057.73,54873.004,21050,2436531
"945",7570907,7600172,1,39980.26,54720.87,20350,2436531
"946",7600288,7600287,1,38253.6,55097.94,19200,2436531
"947",7574842,7546994,0,36747.51,61937.94,21450,2436531
"948",7574861,7574862,0,35547.4,61389.543,20800,2436531
"949",7548012,7548013,0,37558.266,62467.53,19350,2436531
"950",7574929,7574936,0,35655.2,58273.14,17300,2436531
"951",7568849,7568848,1,35499.332,62588.867,21400,2436531
"952",7574939,7522310,0,35341.6,57309.94,17200,2436531
"953",7574957,7574958,0,35008.4,60032.473,19400,2436531
"954",7333743,7333742,1,39734.8,54130.535,20300,2436531
"955",7333778,7333777,1,40225.73,54493.605,20850,2436531
"956",7569733,7569732,1,20103.07,31777.2,22900,2497202
"957",7637687,7637686,1,9780.65,46778.574,7850,2524131
"958",7541829,7541827,1,15601.29,40123.39,24750,2437047
"959",7572384,7541825,1,15861.69,40361.387,25150,2437047
"960",7337238,7541860,1,15675.647,39261.61,22850,2437047
"961",7572432,7572431,1,16626.4,41278.535,24100,2437047
"962",7571579,7571578,1,16212.932,44919.457,22300,2437047
"963",7571589,7571588,1,16641.33,45319.86,22450,2437047
"964",7571579,7571599,1,16812.13,46017.06,22300,2437047
"965",7571641,7571640,1,15190.93,44451.86,22800,2437047
"966",7571656,7571655,1,14479.73,44429.46,23000,2437047
"967",7571668,7571667,1,14882.93,43807.86,23550,2437047
"968",7555734,7555733,1,16739.332,45510.258,21850,2437047
"969",7600626,7600641,0,15896.533,39454.797,24800,2437047
"970",7601301,7601307,0,14260.131,42215.395,23950,2437047
"971",7601312,7601317,0,14324.531,42542.992,24150,2437047
"972",7601323,7601329,0,14624.131,42986.797,23900,2437047
"973",7337243,7572092,1,16418.893,42597.652,23850,2437047
"974",7572095,7572094,1,15895.292,43275.254,23800,2437047
"975",7337248,7572104,1,14556.892,41651.254,24250,2437047
"976",7643681,7643680,1,16831.611,40534.49,23750,2437047
"977",7337248,7572114,1,14876.092,42676.055,24300,2437047
"978",7605435,7605433,1,33662,62929,5100,2511570
"979",7572253,7572256,0,25102.6,44087.4,22200,2436172
"980",7537011,7572258,0,23769.197,45322.67,23600,2436172
"981",7572285,7572295,0,21671.996,42699.07,25250,2436172
"982",7572306,7572313,0,20504.395,42298.67,25400,2436172
"983",7572321,7572329,0,21744.795,42323.87,25900,2436172
"984",7572338,7562857,0,21470.396,41927.668,26400,2436172
"985",7572343,7541765,0,20630.395,41349.47,26200,2436172
"986",7330965,7572355,0,20589.96,45570.316,28600,2436172
"987",7331183,7572361,0,15776.761,45675.785,25700,2436172
"988",7541754,7541753,0,21544.133,41904.8,26800,2436172
"989",7332877,7572362,0,20317.426,40736.586,26950,2436172
"990",7541771,7541773,0,19863.195,42911.87,24900,2436172
"991",7332806,7572365,0,18075.559,41733.387,26500,2436172
"992",7572367,7541817,0,16923.668,40012.004,25950,2436172
"993",7634853,7634855,0,18396,50905.402,24950,2436172
"994",7572375,7541825,0,15861.69,40361.387,25150,2436172
"995",7572392,7541827,0,15601.29,40123.39,24750,2436172
"996",7541841,7541842,1,14695.8,39927.07,24150,2436172
"997",7332936,7541860,0,15675.647,39261.61,22850,2436172
"998",7332777,7572405,0,16973.6,40841.734,24700,2436172
"999",7572410,7541833,0,16452.8,40623.336,24600,2436172
"1000",7572419,7541835,0,17270.4,40746.535,24500,2436172
"1001",7572424,7572431,0,16626.4,41278.535,24100,2436172
"1002",7332979,7572464,0,16978.58,36553.074,23700,2436172
"1003",7555775,7570541,1,13753.04,37703.355,21100,2436172
"1004",7542506,7570576,0,15690.735,40088.066,19100,2436172
"1005",7542011,7542013,0,26635.936,44661.4,19350,2436172
"1006",7562858,7541762,0,21044.797,41885.668,26200,2436172
"1007",7332956,7572669,0,16045.247,38231.207,23000,2436172
"1008",7570642,7570643,0,21550.668,45213.934,13950,2436172
"1009",7572672,7572675,0,18195.646,36968.406,22600,2436172
"1010",7332532,7572786,0,20832.627,53902.188,20200,2436172
"1011",7570678,7570685,0,14960.4,42414.867,20700,2436172
"1012",7572790,7572791,0,23486.396,45935.87,26750,2436172
"1013",7542429,7542435,0,21431.201,41926.27,15700,2436172
"1014",7536933,7572794,0,24309.596,45835.07,26050,2436172
"1015",7569256,7569257,0,13232.24,36275.355,19350,2436172
"1016",7572849,7572864,0,11580.801,38926.535,16250,2436172
"1017",7542624,7542632,0,16937.2,44083.664,17300,2436172
"1018",7542649,7542648,0,15865.111,42875,18350,2436172
"1019",7572873,7572886,0,12845.001,38939.137,15400,2436172
"1020",7542553,7542586,0,15987.535,42346.734,16300,2436172
"1021",7542683,7542687,0,15363.6,43134.47,20300,2436172
"1022",7542737,7542761,0,15072.867,41272.465,21900,2436172
"1023",7564681,7564689,0,18078.668,41278.535,23750,2436172
"1024",7542770,7542769,0,14942.563,41251.777,21300,2436172
"1025",7542730,7542772,0,13464.733,41734.47,21050,2436172
"1026",7564704,7564708,0,19405.867,42437.734,23100,2436172
"1027",7542811,7542812,0,14325.266,40645.266,19600,2436172
"1028",7564730,7564740,0,21472.268,43204.934,22050,2436172
"1029",7573009,7573037,0,12789.934,39621.4,19250,2436172
"1030",7564760,7564761,0,21895.068,43566.137,20500,2436172
"1031",7564776,7564777,0,22113.469,43913.336,19500,2436172
"1032",7564785,7564801,0,22119.068,44142.938,19000,2436172
"1033",7634916,7634922,0,20333.6,34855.8,24900,2436172
"1034",7571927,7625740,1,15817.614,39346.73,18900,2436172
"1035",7525251,7573105,0,23391.922,51996.01,16400,2436172
"1036",7336425,7573110,0,23406.805,53367.895,17600,2436172
"1037",7547302,7547306,0,20378.094,49926.184,25250,2436172
"1038",7547310,7547309,0,22208.979,51966.21,25000,2436172
"1039",7547319,7547322,0,23505.379,51089.812,25300,2436172
"1040",7547326,7547325,0,23947.78,51095.414,25000,2436172
"1041",7547387,7547388,0,24582.602,55013,23550,2436172
"1042",7331622,7573114,0,16928.492,50840.855,23000,2436172
"1043",7555758,7573118,0,16498.531,38231.2,22200,2436172
"1044",7332754,7576481,1,14267.865,40810.93,24000,2436172
"1045",7573137,7573138,1,14794.538,37819.797,21400,2436172
"1046",7573121,7573118,1,16498.531,38231.2,22200,2436172
"1047",7571568,7555735,0,16806.531,46375.457,22150,2436172
"1048",7571573,7571578,0,16212.932,44919.457,22300,2436172
"1049",7571582,7571588,0,16641.33,45319.86,22450,2436172
"1050",7571592,7571599,0,16812.13,46017.06,22300,2436172
"1051",7571604,7571609,0,15762.13,44451.86,22450,2436172
"1052",7643598,7643597,1,17420.232,39199.824,25850,2436172
"1053",7571614,7571620,0,14745.73,44208.26,22550,2436172
"1054",7573352,7573353,0,18131.092,40143.453,25550,2436172
"1055",7571630,7571640,0,15190.93,44451.86,22800,2436172
"1056",7573360,7547384,0,25156.602,55430.2,23800,2436172
"1057",7571648,7571655,0,14479.73,44429.46,23000,2436172
"1058",7627286,7627283,1,15117.205,40483.56,17500,2436172
"1059",7571661,7571667,0,14882.93,43807.86,23550,2436172
"1060",7571672,7571681,0,14955.73,46453.86,23250,2436172
"1061",7571686,7571693,0,17576.225,47725.39,21900,2436172
"1062",7331712,7571704,0,16809.025,47887.79,21450,2436172
"1063",7542844,7627330,1,13104.939,39892.53,19800,2436172
"1064",7332994,7567534,0,18085.2,35599.434,24600,2436172
"1065",7332359,7571752,0,22998.895,49813.72,17900,2436172
"1066",7571756,7571762,0,22950.36,50689.188,19650,2436172
"1067",7542719,7555733,0,16739.332,45510.258,21850,2436172
"1068",7573031,7627330,1,13104.939,39892.53,19800,2436172
"1069",7643609,7643608,1,18026.432,39170.426,25950,2436172
"1070",7542718,7555737,0,14728.932,43889.06,21850,2436172
"1071",7571776,7332523,0,24045.16,51739.188,20150,2436172
"1072",7571784,7571790,0,23742.758,50921.12,20150,2436172
"1073",7541198,7571871,0,22274.627,52882.516,20550,2436172
"1074",7332261,7571876,0,20285.693,50012.984,22400,2436172
"1075",7571895,7571896,0,19987.025,49866.145,24650,2436172
"1076",7571907,7571908,0,17743.293,48514.516,24850,2436172
"1077",7572700,7627892,1,17904.13,40873.46,22100,2436172
"1078",7571912,7571913,0,18048.492,48225.656,24300,2436172
"1079",7332781,7643642,1,16599.21,39621.695,25150,2436172
"1080",7537048,7577183,0,27375.596,43385.07,22850,2436172
"1081",7571966,7571971,0,15066.8,38752.31,18600,2436172
"1082",7572391,7600641,1,15896.533,39454.797,24800,2436172
"1083",7537025,7577188,0,25295.195,43740.67,23150,2436172
"1084",7571976,7571987,0,15769.6,38536.71,18550,2436172
"1085",7571992,7542870,0,13344.335,38286.734,18050,2436172
"1086",7571926,7571933,0,14977.2,38158.71,18950,2436172
"1087",7571941,7571952,0,14658,38192.31,18850,2436172
"1088",7572004,7572005,0,14125.535,38922.332,17700,2436172
"1089",7332753,7601307,1,14260.131,42215.395,23950,2436172
"1090",7572108,7601317,1,14324.531,42542.992,24150,2436172
"1091",7572087,7572092,0,16418.893,42597.652,23850,2436172
"1092",7572073,7601329,1,14624.131,42986.797,23900,2436172
"1093",7536965,7536966,0,23024.396,43513.87,25100,2436172
"1094",7572066,7572094,0,15895.292,43275.254,23800,2436172
"1095",7536974,7536977,0,23416.396,43222.67,24850,2436172
"1096",7572421,7643668,1,17048.611,39874.156,24450,2436172
"1097",7617581,7617587,0,25268.6,50733.664,20800,2436172
"1098",7572099,7572104,0,14556.892,41651.254,24250,2436172
"1099",7536986,7536990,0,23841.996,43805.07,24000,2436172
"1100",7572113,7572114,0,14876.092,42676.055,24300,2436172
"1101",7536996,7536997,0,24099.598,43771.47,23400,2436172
"1102",7542045,7572128,0,26335.715,45498.598,16300,2436172
"1103",7541906,7643699,1,18094.412,40313.29,23550,2436172
"1104",7572152,7572154,0,26801.135,45243.8,17400,2436172
"1105",7541996,7572167,0,25907.934,44502.734,20550,2436172
"1106",7572169,7541980,0,24243.8,43762.6,21600,2436172
"1107",7572231,7572234,0,24811.4,44261,22200,2436172
"1108",7331546,7331549,0,17749.824,47775.79,21400,2436172
"1109",7332250,7332251,0,19745.293,49847.785,23100,2436172
"1110",7332255,7332256,0,19171.293,49206.586,22600,2436172
"1111",7332306,7332307,0,23753.957,51391.52,20700,2436172
"1112",7332397,7332398,0,24074.094,49649.453,15950,2436172
"1113",7332527,7332528,0,22207.428,53520.918,19900,2436172
"1114",7332763,7332764,0,18572.092,41714.72,23900,2436172
"1115",7332841,7332842,0,18615.025,42437.117,27000,2436172
"1116",7336433,7336434,0,23526.271,53614.293,18650,2436172
"1117",7671447,7671448,0,11453.121,41518.863,17600,2436172
"1118",7572241,7572251,0,25371.4,44938.6,22000,2436172
