"","skid","celltype","cilia","avg_cil_length","avg_cil_pocket_depth","centrioles","mitochondria","incoming_syn","outgoing_syn","polyadicity","upstream_celltypes","downstream_celltypes"
"1",3885398,"multiciliated",4,1612,0,11,NA,0,0,NA,"",""
"2",3885827,"balancer",1,NA,NA,NA,7,2,0,NA,"SSN",""
"3",3885831,"balancer",1,NA,NA,NA,NA,0,0,NA,"",""
"4",3885525,"balancer",1,NA,NA,NA,NA,0,0,NA,"",""
"5",3885508,"balancer",1,NA,NA,NA,NA,1,0,NA,"SSN",""
"6",3885491,"balancer",1,NA,NA,NA,NA,0,0,NA,"",""
"7",3885484,"balancer",1,NA,NA,NA,NA,0,0,NA,"",""
"8",3885598,"balancer",1,NA,NA,NA,NA,1,0,NA,"",""
"9",3885853,"biciliated",2,3125.5,0,NA,6,0,0,NA,"",""
"10",3885889,"plumose",3,2775.66666666667,0,0,NA,0,0,NA,"",""
"11",3885475,"biciliated",2,3732,0,0,7,2,0,NA,"SSN",""
"12",3886336,"SSN",0,NA,NA,NA,232,48,151,1.66887417218543,"SSN, bridge","SSN, nonciliated, monociliated, epithelial_floor, dense_vesicle, Cgroove, bridge, biciliated, balancer"
"13",3885563,"monociliated",1,2806,0,NA,NA,2,0,NA,"SSN",""
"14",3885590,"monociliated",1,3111,0,NA,6,1,0,NA,"SSN",""
"15",3885790,"nonciliated",0,NA,NA,NA,7,2,0,NA,"SSN",""
"16",3885794,"bridge",0,NA,NA,0,22,9,6,1,"SSN","SSN"
"17",3885812,"intra-multi-ciliated",21,8643.18181818182,8478.04545454545,NA,18,0,0,NA,"",""
"18",3885820,"monociliated",1,2105,0,NA,NA,2,0,NA,"SSN",""
"19",3885826,"nonciliated",0,NA,NA,NA,NA,0,0,NA,"",""
"20",3885403,"plumose",2,2542.5,0,NA,8,0,0,NA,"",""
"21",3885416,"biciliated",2,2033.5,0,0,NA,0,0,NA,"",""
"22",3885432,"monociliated",1,2703,0,NA,NA,0,0,NA,"",""
"23",3885455,"lamellate",20,4570.7,4479.6,NA,NA,0,0,NA,"",""
"24",3885464,"lamellate",23,4531.4347826087,4467.91304347826,NA,28,0,0,NA,"",""
"25",3885471,"large_granular_cell",0,NA,NA,NA,6,0,0,NA,"",""
"26",3885490,"nonciliated",0,NA,NA,NA,NA,2,0,NA,"SSN",""
"27",3885498,"monociliated",1,4538,0,NA,NA,3,0,NA,"SSN",""
"28",3885506,"monociliated",1,2590,0,NA,NA,0,0,NA,"",""
"29",3885513,"balancer",1,NA,NA,NA,8,1,0,NA,"SSN",""
"30",3885515,"balancer",1,NA,NA,NA,NA,1,0,NA,"SSN",""
"31",3885518,"balancer",1,NA,NA,NA,NA,1,0,NA,"SSN",""
"32",3885524,"balancer",1,NA,NA,NA,NA,2,0,NA,"SSN",""
"33",3885527,"balancer",1,NA,NA,NA,NA,0,0,NA,"",""
"34",3885530,"balancer",1,NA,NA,NA,NA,0,0,NA,"",""
"35",3885532,"balancer",1,NA,NA,NA,NA,0,0,NA,"",""
"36",3885560,"balancer",1,NA,NA,NA,NA,0,0,NA,"",""
"37",3885571,"balancer",1,NA,NA,NA,NA,0,0,NA,"",""
"38",3885574,"balancer",1,NA,NA,NA,NA,1,0,NA,"SSN",""
"39",3885582,"balancer",1,NA,NA,NA,NA,0,0,NA,"",""
"40",3885587,"balancer",1,NA,NA,NA,NA,0,0,NA,"",""
"41",3885588,"balancer",1,NA,NA,NA,NA,1,0,NA,"SSN",""
"42",3885591,"balancer",1,NA,NA,NA,NA,2,0,NA,"SSN",""
"43",3885601,"balancer",1,NA,NA,NA,NA,0,0,NA,"",""
"44",3885608,"balancer",1,NA,NA,NA,NA,1,0,NA,"SSN",""
"45",3885618,"balancer",1,11418,0,NA,NA,1,0,NA,"SSN",""
"46",3885622,"balancer",1,NA,NA,NA,NA,1,0,NA,"SSN",""
"47",3885626,"balancer",1,NA,NA,NA,NA,2,0,NA,"SSN",""
"48",3885633,"balancer",1,NA,NA,NA,NA,3,0,NA,"SSN",""
"49",3885635,"balancer",1,NA,NA,NA,NA,4,0,NA,"SSN",""
"50",3885640,"balancer",1,NA,NA,NA,NA,4,0,NA,"SSN",""
"51",3885646,"balancer",1,NA,NA,NA,NA,1,0,NA,"SSN",""
"52",3885647,"balancer",1,NA,NA,NA,NA,0,0,NA,"",""
"53",3885660,"balancer",1,NA,NA,NA,NA,0,0,NA,"",""
"54",3885681,"balancer",1,NA,NA,NA,NA,0,0,NA,"",""
"55",3885684,"balancer",1,NA,NA,NA,NA,0,0,NA,"",""
"56",3885687,"balancer",1,NA,NA,NA,NA,1,0,NA,"SSN",""
"57",3885707,"balancer",1,NA,NA,NA,NA,0,0,NA,"",""
"58",3885717,"balancer",1,NA,NA,NA,NA,0,0,NA,"",""
"59",3885734,"intra-multi-ciliated",16,3954.25,3766.8125,NA,NA,0,0,NA,"",""
"60",3885740,"nonciliated",0,NA,NA,NA,NA,0,0,NA,"",""
"61",3885747,"monociliated",1,1581,0,NA,NA,0,0,NA,"",""
"62",3885753,"nonciliated",0,NA,NA,NA,NA,0,0,NA,"",""
"63",3885795,"bridge",0,NA,NA,0,20,7,5,1.4,"SSN","SSN"
"64",3885802,"bridge",0,NA,NA,0,11,2,2,2.5,"SSN","SSN, bridge"
"65",3885804,"bridge",0,NA,NA,0,11,2,3,2,"SSN","SSN, monociliated, bridge"
"66",3885808,"bridge",0,NA,NA,0,14,3,5,1,"SSN, bridge","SSN, bridge"
"67",3885821,"bridge",0,NA,NA,2,8,2,1,2,"SSN, bridge","SSN, bridge"
"68",3885397,"balancer",1,NA,NA,NA,NA,0,0,NA,"",""
"69",3885408,"balancer",1,NA,NA,NA,NA,0,0,NA,"",""
"70",3885433,"balancer",1,NA,NA,NA,NA,3,0,NA,"SSN",""
"71",3885435,"balancer",1,NA,NA,NA,NA,0,0,NA,"",""
"72",3885453,"balancer",1,NA,NA,NA,NA,1,0,NA,"SSN",""
"73",3885462,"balancer",1,NA,NA,NA,NA,0,0,NA,"",""
"74",3885467,"balancer",1,NA,NA,NA,NA,0,0,NA,"",""
"75",3885499,"balancer",1,NA,NA,NA,NA,1,0,NA,"SSN",""
"76",3885502,"balancer",1,NA,NA,NA,NA,0,0,NA,"",""
"77",3885514,"balancer",1,NA,NA,NA,NA,1,0,NA,"SSN",""
"78",3885522,"balancer",2,NA,NA,NA,NA,2,0,NA,"SSN",""
"79",3885528,"balancer",1,NA,NA,NA,NA,1,0,NA,"SSN",""
"80",3885572,"nonciliated",0,NA,NA,NA,NA,2,0,NA,"SSN",""
"81",3885577,"balancer",1,NA,NA,NA,NA,2,0,NA,"SSN",""
"82",3885583,"balancer",0,NA,NA,NA,NA,3,0,NA,"SSN",""
"83",3885589,"balancer",1,NA,NA,NA,NA,0,0,NA,"",""
"84",3885602,"balancer",1,NA,NA,NA,NA,0,0,NA,"",""
"85",3885611,"balancer",1,NA,NA,NA,NA,0,0,NA,"",""
"86",3885619,"balancer",1,NA,NA,NA,NA,1,0,NA,"",""
"87",3885631,"balancer",1,NA,NA,NA,NA,0,0,NA,"",""
"88",3885669,"balancer",0,NA,NA,NA,NA,0,0,NA,"",""
"89",3885686,"balancer",1,9441,0,NA,3,1,0,NA,"SSN",""
"90",3885689,"balancer",1,9660,0,NA,NA,1,0,NA,"SSN",""
"91",3885715,"balancer",0,NA,NA,NA,NA,1,0,NA,"",""
"92",3885719,"balancer",1,NA,NA,NA,NA,0,0,NA,"",""
"93",3885724,"balancer",1,NA,NA,NA,NA,0,0,NA,"",""
"94",3885727,"balancer",1,NA,NA,NA,NA,0,0,NA,"",""
"95",3885730,"balancer",1,NA,NA,NA,NA,0,0,NA,"",""
"96",3885736,"balancer",1,NA,NA,NA,NA,1,0,NA,"",""
"97",3885742,"balancer",1,NA,NA,NA,NA,0,0,NA,"",""
"98",3885749,"balancer",1,NA,NA,NA,NA,0,0,NA,"",""
"99",3885784,"balancer",1,NA,NA,NA,NA,1,0,NA,"SSN",""
"100",3885788,"balancer",1,NA,NA,NA,NA,0,0,NA,"",""
"101",3885791,"balancer",1,NA,NA,NA,NA,0,0,NA,"",""
"102",3885803,"balancer",1,NA,NA,NA,NA,0,0,NA,"",""
"103",3885809,"balancer",2,NA,NA,NA,NA,0,0,NA,"",""
"104",3885815,"balancer",1,NA,NA,NA,NA,1,0,NA,"",""
"105",3885822,"balancer",1,NA,NA,NA,NA,1,0,NA,"SSN",""
"106",3885828,"balancer",1,9755,0,NA,NA,1,0,NA,"SSN",""
"107",3885832,"balancer",1,NA,NA,NA,NA,0,0,NA,"",""
"108",3885443,"balancer",1,NA,NA,NA,NA,1,0,NA,"SSN",""
"109",3885458,"balancer",1,10005,0,NA,NA,2,0,NA,"SSN",""
"110",3885463,"balancer",1,NA,NA,NA,NA,1,0,NA,"",""
"111",3885500,"balancer",1,NA,NA,NA,NA,1,0,NA,"",""
"112",3885503,"balancer",1,NA,NA,NA,NA,0,0,NA,"",""
"113",3885511,"balancer",1,NA,NA,NA,NA,0,0,NA,"",""
"114",3885526,"balancer",1,NA,NA,NA,NA,1,0,NA,"",""
"115",3885599,"balancer",1,NA,NA,NA,NA,0,0,NA,"",""
"116",3885624,"balancer",1,NA,NA,NA,NA,4,0,NA,"",""
"117",3885636,"balancer",2,9398,0,NA,NA,1,0,NA,"SSN",""
"118",3885487,"balancer",1,NA,NA,NA,NA,0,0,NA,"",""
"119",3885516,"balancer",1,NA,NA,NA,5,1,0,NA,"SSN",""
"120",3885523,"balancer",1,NA,NA,NA,NA,1,0,NA,"SSN",""
"121",3885634,"balancer",1,NA,NA,NA,NA,1,0,NA,"SSN",""
"122",3885641,"balancer",1,NA,NA,NA,NA,0,0,NA,"",""
"123",3885737,"balancer",1,NA,NA,NA,NA,2,0,NA,"SSN",""
"124",3885744,"balancer",1,NA,NA,NA,NA,0,0,NA,"",""
"125",3885751,"balancer",1,NA,NA,NA,NA,0,0,NA,"",""
"126",3885768,"balancer",1,NA,NA,NA,NA,2,0,NA,"SSN",""
"127",3885785,"balancer",1,NA,NA,NA,NA,0,0,NA,"",""
"128",3885805,"balancer",1,NA,NA,NA,NA,1,0,NA,"SSN",""
"129",3885817,"balancer",1,NA,NA,NA,NA,0,0,NA,"",""
"130",3885823,"balancer",1,NA,NA,NA,NA,0,0,NA,"",""
"131",3885829,"balancer",1,NA,NA,NA,NA,0,0,NA,"",""
"132",3885833,"balancer",1,NA,NA,NA,NA,1,0,NA,"SSN",""
"133",3885504,"balancer",1,NA,NA,NA,NA,0,0,NA,"",""
"134",3885578,"balancer",1,NA,NA,NA,NA,0,0,NA,"",""
"135",3885637,"balancer",1,NA,NA,NA,NA,0,0,NA,"",""
"136",3885642,"balancer",1,NA,NA,NA,NA,2,0,NA,"SSN",""
"137",3885738,"balancer",1,NA,NA,NA,NA,0,0,NA,"",""
"138",3885810,"balancer",1,NA,NA,NA,NA,2,0,NA,"SSN",""
"139",3885818,"balancer",1,NA,NA,NA,NA,4,0,NA,"SSN",""
"140",3885824,"balancer",1,NA,NA,NA,NA,2,0,NA,"SSN",""
"141",3885834,"balancer",0,NA,NA,NA,NA,4,0,NA,"SSN, bridge",""
"142",3885517,"balancer",1,NA,NA,NA,NA,1,0,NA,"SSN",""
"143",3885579,"balancer",1,NA,NA,NA,NA,0,0,NA,"",""
"144",3885728,"balancer",1,NA,NA,NA,NA,0,0,NA,"",""
"145",3885739,"balancer",1,NA,NA,NA,NA,0,0,NA,"",""
"146",3885745,"balancer",1,NA,NA,NA,NA,0,0,NA,"",""
"147",3885769,"balancer",1,NA,NA,NA,NA,0,0,NA,"",""
"148",3885393,"balancer",1,NA,NA,NA,NA,0,0,NA,"",""
"149",3885394,"balancer",0,NA,NA,NA,NA,0,0,NA,"",""
"150",3885395,"balancer",1,NA,NA,NA,NA,1,0,NA,"",""
"151",3885610,"monociliated",1,2649,0,NA,NA,3,0,NA,"SSN",""
"152",3885612,"monociliated",1,3528,0,1,5,1,0,NA,"SSN",""
"153",3885620,"balancer",1,NA,NA,NA,NA,0,0,NA,"",""
"154",3885621,"balancer",0,NA,NA,2,NA,0,0,NA,"",""
"155",3885623,"balancer",0,NA,NA,2,NA,0,0,NA,"",""
"156",3885625,"bridge",0,NA,NA,2,7,4,0,NA,"SSN",""
"157",3885628,"intra-multi-ciliated",21,7498.57142857143,7430.85714285714,NA,NA,0,0,NA,"",""
"158",3885629,"intra-multi-ciliated",24,4902.91666666667,4560.625,NA,NA,0,0,NA,"",""
"159",3885644,"intra-multi-ciliated",28,7038.92307692308,6738.80769230769,NA,NA,0,0,NA,"",""
"160",3885648,"intra-multi-ciliated",18,7805.55555555556,7678.27777777778,NA,17,1,0,NA,"biciliated",""
"161",3885657,"lamellate",18,4327.66666666667,4275.22222222222,0,12,0,0,NA,"",""
"162",3885671,"intra-multi-ciliated",26,8463.26923076923,8393.30769230769,NA,NA,0,0,NA,"",""
"163",3885675,"lamellate",18,4125.16666666667,3987.27777777778,2,NA,0,0,NA,"",""
"164",3885692,"intra-multi-ciliated",15,6069.07142857143,5697.07142857143,NA,14,0,0,NA,"",""
"165",3885694,"lamellate",11,2993.72727272727,2842.72727272727,3,NA,0,0,NA,"",""
"166",3885695,"intra-multi-ciliated",28,8067.64285714286,8011.82142857143,1,NA,0,0,NA,"",""
"167",3885697,"intra-multi-ciliated",14,7717.42857142857,7655.28571428571,NA,NA,0,0,NA,"",""
"168",3885698,"lamellate",2,7612.5,2726.5,8,NA,0,0,NA,"",""
"169",3885700,"large_granular_cell",0,NA,NA,NA,4,0,0,NA,"",""
"170",3885702,NA,3,1176.66666666667,0,0,NA,0,0,NA,"",""
"171",3885704,"biciliated",2,1775.5,0,NA,NA,0,0,NA,"",""
"172",3885708,"monociliated",1,NA,NA,NA,NA,0,0,NA,"",""
"173",3885710,"biciliated",2,910,0,NA,NA,0,0,NA,"",""
"174",3885711,"biciliated",2,1694.5,0,NA,NA,0,0,NA,"",""
"175",3885713,"multiciliated",3,1254.33333333333,0,2,4,0,0,NA,"",""
"176",3885755,NA,8,2401.375,0,0,NA,0,0,NA,"",""
"177",3885806,"nonciliated",0,NA,NA,1,NA,8,0,NA,"SSN",""
"178",3885830,"monociliated",1,3841,0,NA,NA,8,0,NA,"SSN",""
"179",3885840,NA,0,NA,NA,0,NA,2,0,NA,"SSN",""
"180",3885854,"monociliated",1,2755,0,NA,NA,3,0,NA,"SSN",""
"181",3885871,"monociliated",1,2428,0,NA,NA,0,0,NA,"",""
"182",3885890,"nonciliated",0,NA,NA,NA,NA,4,0,NA,"SSN",""
"183",3885906,"monociliated",1,2139,0,NA,NA,0,0,NA,"",""
"184",3885923,"monociliated",1,5653,0,NA,NA,2,0,NA,"SSN",""
"185",3885406,"monociliated",1,4371,0,NA,NA,4,0,NA,"SSN",""
"186",3885411,"monociliated",1,2669,0,NA,NA,2,0,NA,"SSN",""
"187",3885417,"monociliated",1,2989,0,NA,NA,0,0,NA,"",""
"188",3885426,NA,0,NA,NA,1,NA,2,0,NA,"SSN",""
"189",3885431,"monociliated",1,2546,0,NA,NA,0,0,NA,"",""
"190",3885438,"monociliated",1,2444,0,NA,NA,0,0,NA,"",""
"191",3885451,"monociliated",1,2616,0,NA,NA,0,0,NA,"",""
"192",3885459,"monociliated",0,NA,NA,NA,NA,5,0,NA,"SSN",""
"193",3885460,"nonciliated",0,NA,NA,2,NA,3,0,NA,"SSN",""
"194",3885468,"monociliated",1,4138,0,NA,NA,1,0,NA,"",""
"195",3885488,"nonciliated",0,NA,NA,NA,NA,1,0,NA,"SSN",""
"196",3885495,"monociliated",1,3491,0,NA,NA,5,0,NA,"SSN",""
"197",3885510,"monociliated",1,1643,0,NA,NA,4,0,NA,"SSN",""
"198",3885531,"monociliated",1,3918,0,NA,NA,1,0,NA,"SSN",""
"199",3885533,"biciliated",2,3157.5,0,NA,9,1,0,NA,"SSN",""
"200",3885534,"monociliated",1,3219,0,NA,NA,0,0,NA,"",""
"201",3885536,"monociliated",1,4457,0,NA,NA,2,0,NA,"SSN",""
"202",3885541,"biciliated",2,1521,0,NA,NA,0,0,NA,"",""
"203",3885543,"monociliated",0,NA,NA,NA,NA,1,0,NA,"SSN",""
"204",3885607,"monociliated",1,2525,0,NA,NA,0,0,NA,"",""
"205",3885632,"monociliated",1,2387,0,NA,NA,0,0,NA,"",""
"206",3885659,"monociliated",1,2633,0,NA,NA,1,0,NA,"SSN",""
"207",3885663,"monociliated",1,3814,0,NA,NA,1,0,NA,"SSN",""
"208",3885666,"monociliated",1,3948,0,NA,NA,3,0,NA,"SSN",""
"209",3885678,"monociliated",1,3701,0,NA,NA,0,0,NA,"",""
"210",3885683,"monociliated",1,2710,0,NA,NA,0,0,NA,"",""
"211",3885716,"monociliated",1,3314,0,NA,NA,0,0,NA,"",""
"212",3885735,"nonciliated",0,NA,NA,NA,NA,2,0,NA,"SSN",""
"213",3885748,"monociliated",1,4287,0,NA,NA,0,0,NA,"",""
"214",3885763,"monociliated",1,2426,0,NA,NA,1,0,NA,"SSN",""
"215",3885776,"monociliated",1,2791,0,NA,NA,1,0,NA,"SSN",""
"216",3885799,"monociliated",1,7387,0,NA,NA,3,0,NA,"SSN",""
"217",3885814,"nonciliated",0,NA,NA,NA,NA,2,0,NA,"SSN",""
"218",3885835,"monociliated",1,1888,0,NA,NA,1,0,NA,"SSN",""
"219",3885842,"monociliated",1,1987,0,NA,NA,0,0,NA,"",""
"220",3885855,"nonciliated",0,NA,NA,NA,NA,2,0,NA,"SSN",""
"221",3885872,"monociliated",1,2712,0,NA,NA,1,0,NA,"SSN",""
"222",3885891,"nonciliated",0,NA,NA,NA,NA,5,0,NA,"SSN",""
"223",3885907,"nonciliated",0,NA,NA,NA,NA,3,0,NA,"SSN",""
"224",3885924,"monociliated",1,1807,0,NA,NA,1,0,NA,"SSN",""
"225",3885401,"biciliated",2,2448.5,0,NA,NA,0,0,NA,"",""
"226",3885418,"monociliated",1,3131,0,NA,NA,3,0,NA,"SSN",""
"227",3885427,"monociliated",1,3418,0,NA,NA,1,0,NA,"SSN",""
"228",3885512,"monociliated",1,2153,0,NA,NA,2,0,NA,"SSN",""
"229",3885542,"monociliated",1,7539,0,NA,NA,4,0,NA,"SSN",""
"230",3885682,"monociliated",1,2741,0,NA,NA,2,0,NA,"SSN",""
"231",3885741,"monociliated",1,1065,0,NA,NA,1,0,NA,"SSN",""
"232",3885750,"monociliated",1,1592,0,NA,NA,0,0,NA,"",""
"233",3885767,"nonciliated",0,NA,NA,NA,NA,0,0,NA,"",""
"234",3885836,"nonciliated",0,NA,NA,NA,NA,6,0,NA,"SSN",""
"235",3885843,"nonciliated",0,NA,NA,1,NA,2,0,NA,"SSN",""
"236",3885873,"monociliated",1,4265,0,NA,NA,5,0,NA,"SSN",""
"237",3885893,"monociliated",1,2528,0,NA,NA,3,0,NA,"SSN",""
"238",3885908,"monociliated",1,2785,0,NA,NA,3,0,NA,"SSN",""
"239",3885419,"monociliated",1,7823,0,NA,NA,4,0,NA,"SSN",""
"240",3885428,"nonciliated",0,NA,NA,NA,NA,5,0,NA,"SSN",""
"241",3885447,"nonciliated",0,NA,NA,NA,NA,7,0,NA,"SSN",""
"242",3885485,"balancer",1,NA,NA,NA,NA,5,0,NA,"SSN",""
"243",3885544,"nonciliated",0,NA,NA,NA,NA,5,0,NA,"SSN",""
"244",3885743,"nonciliated",0,NA,NA,NA,NA,1,0,NA,"SSN",""
"245",3885796,"monociliated",1,851,0,NA,NA,0,0,NA,"",""
"246",3885858,"monociliated",1,371,0,1,NA,3,0,NA,"SSN",""
"247",3885875,"nonciliated",0,NA,NA,NA,NA,4,0,NA,"SSN",""
"248",3885894,"nonciliated",0,NA,NA,NA,13,4,0,NA,"SSN",""
"249",3885926,"monociliated",1,2951,0,NA,NA,1,0,NA,"SSN",""
"250",3885420,"nonciliated",0,NA,NA,NA,NA,4,0,NA,"SSN",""
"251",3885429,"nonciliated",0,NA,NA,NA,NA,6,0,NA,"SSN",""
"252",3885486,"nonciliated",0,NA,NA,NA,NA,4,0,NA,"SSN",""
"253",3885752,"nonciliated",0,NA,NA,NA,NA,3,0,NA,"SSN",""
"254",3885844,"nonciliated",0,NA,NA,NA,NA,2,0,NA,"SSN",""
"255",3885860,"nonciliated",0,NA,NA,NA,NA,2,0,NA,"SSN",""
"256",3885876,"nonciliated",0,NA,NA,NA,NA,4,0,NA,"SSN",""
"257",3885895,"nonciliated",0,NA,NA,NA,NA,2,0,NA,"SSN",""
"258",3885910,"biciliated",2,1844,0,NA,7,0,0,NA,"",""
"259",3885927,"monociliated",1,5025,0,NA,NA,0,0,NA,"",""
"260",3885421,"nonciliated",0,NA,NA,NA,NA,1,0,NA,"SSN",""
"261",3885430,"nonciliated",0,NA,NA,NA,NA,5,0,NA,"SSN",""
"262",3885816,"nonciliated",0,NA,NA,NA,NA,3,0,NA,"SSN",""
"263",3885878,"dense_vesicle",0,NA,NA,0,4,0,0,NA,"",""
"264",3885912,"nonciliated",0,NA,NA,NA,NA,3,0,NA,"SSN",""
"265",3885929,"nonciliated",0,NA,NA,NA,NA,1,0,NA,"SSN",""
"266",3885422,"nonciliated",0,NA,NA,NA,NA,2,0,NA,"SSN",""
"267",3885845,"nonciliated",0,NA,NA,NA,NA,3,0,NA,"SSN",""
"268",3885862,"nonciliated",0,NA,NA,NA,NA,4,0,NA,"SSN",""
"269",3885879,"nonciliated",0,NA,NA,NA,NA,1,0,NA,"SSN",""
"270",3885896,"nonciliated",0,NA,NA,NA,NA,1,0,NA,"SSN",""
"271",3885913,"monociliated",1,1049,0,NA,NA,7,0,NA,"SSN, bridge",""
"272",3885930,NA,0,NA,NA,15,NA,0,0,NA,"",""
"273",3885423,"nonciliated",0,NA,NA,NA,NA,3,0,NA,"SSN",""
"274",3885846,"dense_vesicle",0,NA,NA,2,NA,0,0,NA,"",""
"275",3885863,"monociliated",1,2800,0,NA,NA,1,0,NA,"SSN",""
"276",3885880,NA,3,3416,982.666666666667,10,NA,0,0,NA,"",""
"277",3885897,"monociliated",1,2989,0,NA,NA,2,0,NA,"SSN",""
"278",3885914,"nonciliated",0,NA,NA,NA,NA,0,0,NA,"",""
"279",3885932,"nonciliated",0,NA,NA,NA,NA,1,0,NA,"SSN",""
"280",3885424,"biciliated",2,2511,0,NA,NA,2,0,NA,"SSN",""
"281",3885864,"nonciliated",0,NA,NA,NA,NA,1,0,NA,"",""
"282",3885898,"nonciliated",0,NA,NA,NA,NA,0,0,NA,"",""
"283",3885915,"nonciliated",0,NA,NA,NA,NA,3,0,NA,"SSN",""
"284",3885933,"dense_vesicle",0,NA,NA,2,NA,5,0,NA,"SSN",""
"285",3885425,"dense_vesicle",0,NA,NA,2,NA,0,0,NA,"",""
"286",3885865,"nonciliated",0,NA,NA,NA,NA,1,0,NA,"SSN",""
"287",3885882,"nonciliated",0,NA,NA,NA,NA,2,0,NA,"SSN",""
"288",3885899,"nonciliated",0,NA,NA,NA,NA,2,0,NA,"SSN",""
"289",3885917,"dense_vesicle",0,NA,NA,2,NA,2,0,NA,"SSN",""
"290",3885935,"nonciliated",0,NA,NA,NA,NA,3,0,NA,"SSN",""
"291",3885848,"nonciliated",0,NA,NA,NA,NA,0,0,NA,"",""
"292",3885866,"dense_vesicle",0,NA,NA,3,NA,3,0,NA,"SSN",""
"293",3885884,"bridge",0,NA,NA,NA,NA,7,3,1,"SSN","SSN"
"294",3885900,"bridge",0,NA,NA,NA,NA,3,0,NA,"SSN",""
"295",3885918,"bridge",0,NA,NA,NA,5,3,1,1,"SSN","SSN"
"296",3885936,"monociliated",1,4390,0,NA,NA,2,0,NA,"SSN",""
"297",3885867,"nonciliated",1,4428,0,NA,NA,3,0,NA,"SSN",""
"298",3885885,"nonciliated",0,NA,NA,NA,NA,0,0,NA,"",""
"299",3885901,"dense_vesicle",0,NA,NA,NA,NA,0,0,NA,"",""
"300",3885920,"dense_vesicle",0,NA,NA,2,NA,0,0,NA,"",""
"301",3885937,"dense_vesicle",0,NA,NA,4,NA,0,0,NA,"",""
"302",3885849,"dense_vesicle",0,NA,NA,6,NA,0,0,NA,"",""
"303",3885868,"dense_vesicle",0,NA,NA,4,NA,0,0,NA,"",""
"304",3885886,"dense_vesicle",0,NA,NA,5,NA,0,0,NA,"",""
"305",3885902,NA,2,4495,0,11,NA,0,0,NA,"",""
"306",3885921,"dense_vesicle",0,NA,NA,5,4,1,0,NA,"",""
"307",3885938,"dense_vesicle",0,NA,NA,2,5,0,0,NA,"",""
"308",3885850,"balancer",1,NA,NA,NA,NA,0,0,NA,"",""
"309",3885903,"balancer",1,NA,NA,NA,NA,0,0,NA,"",""
"310",3885939,"epithelial_floor",0,NA,NA,NA,3,0,0,NA,"",""
"311",3885851,"epithelial_floor",0,NA,NA,NA,NA,0,0,NA,"",""
"312",3885869,"bridge",0,NA,NA,NA,NA,3,0,NA,"SSN",""
"313",3885887,"bridge",0,NA,NA,2,NA,3,0,NA,"SSN",""
"314",3885904,"bridge",0,NA,NA,NA,NA,0,0,NA,"",""
"315",3885922,"epithelial_floor",0,NA,NA,NA,NA,0,0,NA,"",""
"316",3885940,"dense_vesicle",0,NA,NA,2,NA,0,0,NA,"",""
"317",3885852,"dense_vesicle",0,NA,NA,4,NA,0,0,NA,"",""
"318",3885870,"dense_vesicle",0,NA,NA,6,NA,0,0,NA,"",""
"319",3885888,"monociliated",1,948,0,NA,NA,0,0,NA,"",""
"320",3885905,"monociliated",1,1529,0,NA,NA,0,0,NA,"",""
"321",3885941,"multiciliated",3,1120,0,4,NA,0,0,NA,"",""
"322",3885537,"nonciliated",0,NA,NA,NA,NA,2,0,NA,"SSN",""
"323",3885540,"nonciliated",0,NA,NA,0,NA,2,0,NA,"SSN",""
"324",3885547,"monociliated",1,2754,0,NA,NA,3,0,NA,"SSN",""
"325",3885552,"nonciliated",0,NA,NA,NA,NA,2,0,NA,"SSN",""
"326",3885558,NA,0,NA,NA,15,6,0,0,NA,"",""
"327",3885565,"nonciliated",0,NA,NA,2,NA,1,0,NA,"SSN",""
"328",3885566,"monociliated",1,6837,0,NA,NA,7,0,NA,"SSN",""
"329",3885786,"dome",8,NA,NA,NA,NA,0,0,NA,"",""
"330",3885569,"nonciliated",0,NA,NA,NA,NA,2,0,NA,"SSN",""
"331",3885573,"monociliated",1,3651,0,NA,NA,2,0,NA,"SSN",""
"332",3885581,"bridge",0,NA,NA,NA,NA,5,0,NA,"SSN, bridge",""
"333",3885584,"nonciliated",0,NA,NA,2,NA,1,0,NA,"SSN",""
"334",3885586,"monociliated",1,1359,0,NA,NA,0,0,NA,"",""
"335",3885592,NA,0,NA,NA,20,NA,0,0,NA,"",""
"336",3885603,"nonciliated",0,NA,NA,NA,NA,0,0,NA,"",""
"337",3885609,"balancer",1,NA,NA,NA,NA,1,0,NA,"SSN",""
"338",3885630,"nonciliated",0,NA,NA,NA,9,5,0,NA,"SSN",""
"339",3885638,"monociliated",1,863,0,NA,NA,0,0,NA,"",""
"340",3885645,"monociliated",1,2865,0,NA,NA,3,0,NA,"SSN",""
"341",3885649,"nonciliated",0,NA,NA,NA,NA,0,0,NA,"",""
"342",3885653,"bridge",0,NA,NA,0,20,12,8,1,"SSN, bridge","SSN, bridge"
"343",3885658,NA,0,NA,NA,17,NA,1,0,NA,"biciliated",""
"344",3885662,"nonciliated",0,NA,NA,NA,NA,0,0,NA,"",""
"345",3885665,"nonciliated",0,NA,NA,NA,NA,4,0,NA,"SSN",""
"346",3885667,"monociliated",1,1876,0,0,11,0,0,NA,"",""
"347",3885670,"biciliated",2,1490,0,NA,NA,0,0,NA,"",""
"348",3885676,"dome",0,NA,NA,NA,5,0,0,NA,"",""
"349",3885679,"dome",0,NA,NA,NA,5,0,0,NA,"",""
"350",3885685,"dome",0,NA,NA,NA,NA,0,0,NA,"",""
"351",3885690,"dome",0,NA,NA,NA,NA,0,0,NA,"",""
"352",3885691,"dome",17,NA,NA,NA,NA,0,0,NA,"",""
"353",3885696,"dome",0,NA,NA,NA,NA,0,0,NA,"",""
"354",3885699,"dome",0,NA,NA,NA,NA,0,0,NA,"",""
"355",3885701,"epithelial_floor",0,NA,NA,NA,NA,1,0,NA,"",""
"356",3885703,"dome",0,NA,NA,NA,NA,2,0,NA,"",""
"357",3885706,"dome",0,NA,NA,NA,5,1,0,NA,"",""
"358",3885709,"dome",0,NA,NA,NA,NA,0,0,NA,"",""
"359",3885712,"dome",0,NA,NA,NA,NA,0,0,NA,"",""
"360",3885714,"dome",0,NA,NA,NA,NA,0,0,NA,"",""
"361",3885718,"dome",0,NA,NA,NA,NA,0,0,NA,"",""
"362",3885722,"dome",0,NA,NA,NA,NA,1,0,NA,"SNN",""
"363",3885723,"dome",0,NA,NA,NA,NA,0,0,NA,"",""
"364",3885725,"dome",0,NA,NA,NA,NA,0,0,NA,"",""
"365",3885729,"dome",0,NA,NA,NA,NA,0,0,NA,"",""
"366",3885731,"dome",0,NA,NA,NA,NA,0,0,NA,"",""
"367",3885733,"dome",0,NA,NA,NA,NA,0,0,NA,"",""
"368",3885746,"dome",0,NA,NA,NA,NA,0,0,NA,"",""
"369",3885754,"dome",0,NA,NA,NA,NA,0,0,NA,"",""
"370",3885756,"dome",0,NA,NA,NA,NA,0,0,NA,"",""
"371",3885761,"dome",0,NA,NA,NA,NA,0,0,NA,"",""
"372",3885762,"dome",0,NA,NA,NA,NA,0,0,NA,"",""
"373",3885764,"dome",0,NA,NA,NA,NA,0,0,NA,"",""
"374",3885766,"dome",0,NA,NA,NA,NA,0,0,NA,"",""
"375",3885771,"dome",0,NA,NA,NA,NA,0,0,NA,"",""
"376",3885772,"dome",0,NA,NA,NA,NA,0,0,NA,"",""
"377",3885774,"dome",0,NA,NA,NA,NA,0,0,NA,"",""
"378",3885775,"dome",0,NA,NA,NA,NA,0,0,NA,"",""
"379",3885777,"dome",0,NA,NA,NA,NA,0,0,NA,"",""
"380",3885778,"dome",0,NA,NA,NA,NA,0,0,NA,"",""
"381",3885779,"dome",0,NA,NA,NA,NA,0,0,NA,"",""
"382",3885782,"dome",0,NA,NA,NA,5,0,0,NA,"",""
"383",3885789,"dome",4,NA,NA,NA,NA,0,0,NA,"",""
"384",3885793,"dome",0,NA,NA,NA,NA,0,0,NA,"",""
"385",3885797,"dome",0,NA,NA,NA,NA,0,0,NA,"",""
"386",3885798,"epithelial_floor",0,NA,NA,NA,4,0,0,NA,"",""
"387",3885800,"dome",0,NA,NA,NA,NA,0,0,NA,"",""
"388",3885811,NA,0,NA,NA,NA,NA,0,0,NA,"",""
"389",3885819,"dome",0,NA,NA,NA,NA,0,0,NA,"",""
"390",3885837,"plumose",1,2502,0,NA,NA,0,0,NA,"",""
"391",3885856,"plumose",1,3649,0,0,NA,0,0,NA,"",""
"392",3885874,"plumose",1,3687,0,0,NA,0,0,NA,"",""
"393",3885892,"plumose",1,3627,0,NA,NA,0,0,NA,"",""
"394",3885925,"plumose",1,2699,0,NA,NA,0,0,NA,"",""
"395",3885942,"plumose",1,3691,0,NA,6,0,0,NA,"",""
"396",3885945,"plumose",1,3220,0,1,NA,0,0,NA,"",""
"397",3885952,"large_granular_cell",0,NA,NA,NA,NA,0,0,NA,"",""
"398",3885957,"large_granular_cell",0,NA,NA,NA,2,0,0,NA,"",""
"399",3885964,"plumose",1,3019,0,NA,NA,0,0,NA,"",""
"400",3885396,"plumose",2,3117.5,0,NA,NA,0,0,NA,"",""
"401",3885399,"plumose",1,5452,0,NA,NA,0,0,NA,"",""
"402",3885402,"plumose",2,5220.5,0,NA,10,0,0,NA,"",""
"403",3885407,"plumose",3,5090.33333333333,0,NA,NA,0,0,NA,"",""
"404",3885409,"plumose",1,5366,0,NA,NA,0,0,NA,"",""
"405",3885410,"plumose",1,4711,0,NA,NA,0,0,NA,"",""
"406",3885414,"plumose",1,5359,0,0,NA,0,0,NA,"",""
"407",3885445,"plumose",1,4726,0,0,NA,0,0,NA,"",""
"408",3885448,"plumose",1,3274,0,1,NA,0,0,NA,"",""
"409",3885461,"Cgroove",21,NA,NA,NA,NA,2,0,NA,"SSN",""
"410",3885465,"Cgroove",0,NA,NA,NA,NA,0,0,NA,"",""
"411",3885469,"Cgroove",0,NA,NA,NA,NA,1,0,NA,"",""
"412",3885472,"Cgroove",0,NA,NA,NA,6,0,0,NA,"",""
"413",3885477,"Cgroove",22,NA,NA,NA,NA,1,0,NA,"SSN",""
"414",3885481,"Cgroove",0,NA,NA,NA,9,1,0,NA,"SSN",""
"415",3885482,"Cgroove",0,NA,NA,NA,NA,2,0,NA,"SSN",""
"416",3885493,"Cgroove",0,NA,NA,NA,NA,0,0,NA,"",""
"417",3885570,"dense_vesicle",0,NA,NA,2,NA,0,0,NA,"",""
"418",3885576,"dense_vesicle",0,NA,NA,2,NA,0,0,NA,"",""
"419",3885593,"nonciliated",1,2090,0,NA,NA,0,0,NA,"",""
"420",3885597,"biciliated",2,1219,0,NA,NA,0,0,NA,"",""
"421",3885600,"monociliated",1,2195,0,NA,NA,0,0,NA,"",""
"422",3885614,"multiciliated",6,2158.5,0,0,7,0,0,NA,"",""
"423",3885615,"monociliated",1,2473,0,NA,NA,0,0,NA,"",""
"424",3885617,"multiciliated",4,1082.5,0,0,NA,0,0,NA,"",""
"425",3885627,"multiciliated",3,2855,0,4,NA,0,0,NA,"",""
"426",3885643,"multiciliated",3,2255,0,9,NA,0,0,NA,"",""
"427",3885656,"lamellate",4,6711,3681.75,9,11,0,0,NA,"",""
"428",3885672,"monociliated",1,1899,926,NA,NA,0,0,NA,"",""
"429",3885674,"biciliated",2,1461,0,NA,NA,0,0,NA,"",""
"430",3885677,"biciliated",2,2629.5,0,NA,NA,0,0,NA,"",""
"431",3885680,"multiciliated",3,936.666666666667,0,1,NA,0,0,NA,"",""
"432",3885688,"biciliated",2,2404.5,0,NA,NA,0,0,NA,"",""
"433",3885813,"monociliated",1,1971,0,NA,NA,0,0,NA,"",""
"434",3885838,"monociliated",1,3988,0,NA,NA,0,0,NA,"",""
"435",3885841,"biciliated",2,3796.5,0,NA,NA,0,0,NA,"",""
"436",3885859,"biciliated",2,1922,0,0,NA,0,0,NA,"",""
"437",3885877,NA,8,1652,0,3,NA,0,0,NA,"",""
"438",3885909,NA,0,NA,NA,NA,NA,0,0,NA,"",""
"439",3885928,NA,0,NA,NA,NA,NA,0,0,NA,"",""
"440",3885943,"plumose",1,3985,0,NA,NA,0,0,NA,"",""
"441",3885946,"biciliated",2,2095,0,3,NA,0,0,NA,"",""
"442",3885953,"biciliated",2,3972,0,NA,NA,0,0,NA,"",""
"443",3885956,"biciliated",2,534,0,NA,NA,0,0,NA,"",""
"444",3885958,"biciliated",2,1204.5,0,NA,NA,0,0,NA,"",""
"445",3885965,"monociliated",1,1322,0,NA,NA,0,0,NA,"",""
"446",3885413,"monociliated",1,2070,0,NA,NA,0,0,NA,"",""
"447",3885434,"epithelial_floor",0,NA,NA,NA,9,0,0,NA,"",""
"448",3885436,"monociliated",1,3168,0,NA,6,0,0,NA,"",""
"449",3885450,"multiciliated",4,1283.5,0,6,NA,0,0,NA,"",""
"450",3885470,NA,6,2373,0,4,NA,0,0,NA,"",""
"451",3885479,"multiciliated",3,1370.66666666667,0,3,NA,0,0,NA,"",""
"452",3885497,"monociliated",1,1852,0,NA,NA,0,0,NA,"",""
"453",3885519,"multiciliated",3,1615.66666666667,0,17,NA,0,0,NA,"",""
"454",3885545,"multiciliated",3,1744.33333333333,0,3,NA,0,0,NA,"",""
"455",3885549,"biciliated",2,2589.5,0,NA,8,0,0,NA,"",""
"456",3885551,"monociliated",1,2881,0,1,NA,0,0,NA,"",""
"457",3885553,"monociliated",1,2627,0,NA,NA,0,0,NA,"",""
"458",3885556,"monociliated",1,1309,0,NA,NA,0,0,NA,"",""
"459",3885559,"biciliated",2,1029,0,NA,NA,0,0,NA,"",""
"460",3885562,"biciliated",2,1524.5,0,NA,NA,0,0,NA,"",""
"461",3885564,"biciliated",2,1244.5,0,NA,NA,0,0,NA,"",""
"462",3885567,"biciliated",2,2697.5,0,NA,NA,0,0,NA,"",""
"463",3885585,"biciliated",2,2073,0,NA,NA,0,0,NA,"",""
"464",3885604,"biciliated",2,949,0,NA,NA,0,0,NA,"",""
"465",3885616,"monociliated",1,2247,0,NA,NA,0,0,NA,"",""
"466",3885654,"monociliated",1,1348,0,NA,NA,0,0,NA,"",""
"467",3885673,"epithelial_floor",0,NA,NA,NA,NA,0,0,NA,"",""
"468",3885693,"epithelial_floor",0,NA,NA,NA,NA,0,0,NA,"",""
"469",3885705,"epithelial_floor",0,NA,NA,NA,NA,0,0,NA,"",""
"470",3885720,"epithelial_floor",0,NA,NA,NA,NA,0,0,NA,"",""
"471",3885732,"multiciliated",3,2815.66666666667,0,0,NA,0,0,NA,"",""
"472",3885757,"epithelial_floor",0,NA,NA,NA,NA,0,0,NA,"",""
"473",3885765,"monociliated",1,523,0,NA,NA,0,0,NA,"",""
"474",3885773,"biciliated",2,1701,0,NA,NA,0,0,NA,"",""
"475",3885783,"epithelial_floor",0,NA,NA,2,NA,0,0,NA,"",""
"476",3885807,"biciliated",2,2452.5,0,NA,NA,0,0,NA,"",""
"477",3885861,"monociliated",1,1658,0,NA,NA,0,0,NA,"",""
"478",3885911,"monociliated",1,2309,0,NA,NA,0,0,NA,"",""
"479",3885931,"monociliated",1,1103,0,NA,NA,0,0,NA,"",""
"480",3885944,"biciliated",2,1277.5,0,NA,NA,0,0,NA,"",""
"481",3885947,"epithelial_floor",0,NA,NA,NA,NA,0,0,NA,"",""
"482",3885954,"monociliated",1,1651,0,NA,NA,0,0,NA,"",""
"483",3885959,"epithelial_floor",0,NA,NA,NA,NA,0,0,NA,"",""
"484",3885966,"epithelial_floor",0,NA,NA,NA,NA,0,0,NA,"",""
"485",3885404,"monociliated",1,1726,0,NA,NA,0,0,NA,"",""
"486",3885441,"monociliated",1,1459,0,NA,NA,0,0,NA,"",""
"487",3885473,"monociliated",1,2827,0,NA,NA,0,0,NA,"",""
"488",3885538,"epithelial_floor",0,NA,NA,NA,NA,0,0,NA,"",""
"489",3885550,"monociliated",1,1706,0,NA,NA,0,0,NA,"",""
"490",3885554,"monociliated",1,1486,0,0,NA,0,0,NA,"",""
"491",3885557,"multiciliated",3,980.666666666667,0,3,NA,0,0,NA,"",""
"492",3885561,"monociliated",1,1861,0,NA,NA,0,0,NA,"",""
"493",3885568,"biciliated",2,1483.5,0,NA,NA,0,0,NA,"",""
"494",3885595,"biciliated",2,2041.5,0,NA,NA,0,0,NA,"",""
"495",3885650,"monociliated",1,1977,0,NA,NA,0,0,NA,"",""
"496",3885655,"biciliated",2,1601.5,0,NA,NA,0,0,NA,"",""
"497",3885726,"epithelial_floor",0,NA,NA,2,NA,0,0,NA,"",""
"498",3885759,"biciliated",2,1745,0,NA,NA,0,0,NA,"",""
"499",3885770,"monociliated",1,2364,0,NA,NA,0,0,NA,"",""
"500",3885792,"monociliated",1,2102,0,NA,NA,0,0,NA,"",""
"501",3885881,"biciliated",2,2511,0,NA,NA,0,0,NA,"",""
"502",3885934,"monociliated",1,2313,0,NA,NA,0,0,NA,"",""
"503",3885948,"epithelial_floor",0,NA,NA,3,NA,0,0,NA,"",""
"504",3885442,"epithelial_floor",0,NA,NA,NA,NA,0,0,NA,"",""
"505",3885651,"epithelial_floor",0,NA,NA,NA,NA,0,0,NA,"",""
"506",3885721,"epithelial_floor",0,NA,NA,NA,NA,0,0,NA,"",""
"507",3885760,"Cgroove",27,NA,NA,NA,NA,0,0,NA,"",""
"508",3885949,"epithelial_floor",0,NA,NA,NA,NA,2,0,NA,"",""
"509",3885546,"epithelial_floor",0,NA,NA,NA,NA,0,0,NA,"",""
"510",3885555,"lithocyte",0,NA,NA,NA,29,1,0,NA,"",""
"511",3885652,"Cgroove",0,NA,NA,NA,NA,0,0,NA,"",""
"512",3886354,NA,0,NA,NA,NA,NA,5,0,NA,"",""
"513",3885967,"biciliated",2,8501,0,NA,4,1,0,NA,"",""
"514",3885960,"epithelial_floor",0,NA,NA,NA,NA,0,0,NA,"",""
"515",3885968,"epithelial_floor",0,NA,NA,NA,NA,1,0,NA,"",""
"516",3885950,"epithelial_floor",0,NA,NA,NA,NA,1,0,NA,"",""
"517",3885969,"epithelial_floor",0,NA,NA,NA,NA,0,0,NA,"",""
"518",3885951,"epithelial_floor",0,NA,NA,NA,NA,0,0,NA,"",""
"519",3885970,"balancer",1,NA,NA,NA,NA,0,0,NA,"",""
"520",3885961,"epithelial_floor",0,NA,NA,NA,NA,0,0,NA,"",""
"521",3885971,"epithelial_floor",0,NA,NA,NA,NA,1,0,NA,"",""
"522",3885972,"monociliated",1,2420,0,NA,NA,0,0,NA,"",""
"523",3885962,"dome",0,NA,NA,NA,NA,0,0,NA,"",""
"524",3885973,"epithelial_floor",0,NA,NA,NA,NA,0,0,NA,"",""
"525",3885974,"epithelial_floor",0,NA,NA,NA,NA,0,0,NA,"",""
"526",3885975,"biciliated",2,654,0,NA,NA,0,0,NA,"",""
"527",3885976,"epithelial_floor",0,NA,NA,NA,NA,0,0,NA,"",""
"528",3885977,"epithelial_floor",0,NA,NA,NA,NA,0,0,NA,"",""
"529",3885978,"biciliated",2,1402.5,0,NA,NA,0,0,NA,"",""
"530",3885979,"monociliated",1,4212,0,NA,NA,0,0,NA,"",""
"531",3885980,"biciliated",2,2140.5,0,NA,NA,0,0,NA,"",""
"532",3885981,"multiciliated",4,3604.25,0,0,NA,0,0,NA,"",""
"533",3885982,"monociliated",1,4571,0,NA,NA,0,0,NA,"",""
"534",3885983,"multiciliated",3,1455.33333333333,0,0,NA,0,0,NA,"",""
"535",3885984,"biciliated",2,3870.5,0,NA,NA,0,0,NA,"",""
"536",3885985,"epithelial_floor",0,NA,NA,NA,NA,0,0,NA,"",""
"537",3885986,"monociliated",1,1836,0,NA,NA,0,0,NA,"",""
"538",3885987,"monociliated",1,4397,0,NA,NA,0,0,NA,"",""
"539",3885988,"multiciliated",4,4931,0,3,NA,0,0,NA,"",""
"540",3885989,"monociliated",1,1638,0,NA,NA,0,0,NA,"",""
"541",3885990,"monociliated",1,1951,0,NA,NA,0,0,NA,"",""
"542",3885991,"epithelial_floor",0,NA,NA,NA,NA,0,0,NA,"",""
"543",3885992,"monociliated",1,1948,0,NA,NA,0,0,NA,"",""
"544",3885993,"monociliated",1,3100,0,NA,NA,0,0,NA,"",""
"545",3885994,"multiciliated",3,1681.66666666667,0,20,NA,0,0,NA,"",""
"546",3885995,"biciliated",2,1744.5,0,NA,NA,0,0,NA,"",""
"547",3885996,"multiciliated",3,2283.5,0,1,NA,0,0,NA,"",""
"548",3885997,"biciliated",2,4095.5,0,NA,NA,0,0,NA,"",""
"549",3885998,"biciliated",2,1098,0,1,NA,0,0,NA,"",""
"550",3885999,"biciliated",2,1432.5,0,NA,NA,0,0,NA,"",""
"551",3886000,"biciliated",2,1314.5,0,NA,NA,0,0,NA,"",""
"552",3886001,"biciliated",2,987,0,NA,NA,0,0,NA,"",""
"553",3886002,"monociliated",0,NA,NA,NA,NA,0,0,NA,"",""
"554",3886003,"biciliated",2,1387,0,0,NA,0,0,NA,"",""
"555",3886004,"biciliated",2,1733,0,NA,NA,0,0,NA,"",""
"556",3886005,"biciliated",2,1566,0,NA,NA,0,0,NA,"",""
"557",3886006,"biciliated",2,2491,0,0,NA,0,0,NA,"",""
"558",3886007,"biciliated",2,1920.5,142.5,2,NA,0,0,NA,"",""
"559",3886008,"biciliated",2,2890,0,NA,4,0,0,NA,"",""
"560",3886009,"multiciliated",3,1393.66666666667,0,NA,NA,0,0,NA,"",""
"561",3886010,"monociliated",1,1955,0,NA,NA,0,0,NA,"",""
"562",3886011,"monociliated",1,3341,287,NA,NA,0,0,NA,"",""
"563",3886012,"monociliated",1,2654,0,NA,NA,0,0,NA,"",""
"564",3886013,"monociliated",1,1875,0,NA,NA,0,0,NA,"",""
"565",3886014,"biciliated",2,3503,0,NA,NA,0,0,NA,"",""
"566",3886015,"monociliated",1,2601,0,2,NA,0,0,NA,"",""
"567",3886016,"monociliated",1,3971,0,1,NA,0,0,NA,"",""
"568",3886017,"biciliated",2,1795,0,NA,NA,0,0,NA,"",""
"569",3886018,"monociliated",1,1678,0,NA,NA,0,0,NA,"",""
"570",3886019,"monociliated",1,1818,0,NA,NA,0,0,NA,"",""
"571",3886020,"monociliated",1,3305,0,NA,NA,0,0,NA,"",""
"572",3886021,"biciliated",2,1582,0,0,NA,0,0,NA,"",""
"573",3886022,"monociliated",1,3042,0,1,NA,0,0,NA,"",""
"574",3886023,"monociliated",1,2947,0,0,NA,0,0,NA,"",""
"575",3886024,"monociliated",1,2388,0,NA,NA,0,0,NA,"",""
"576",3886025,"biciliated",2,3797,0,0,NA,0,0,NA,"",""
"577",3886026,"monociliated",1,1214,0,NA,NA,0,0,NA,"",""
"578",3886027,"monociliated",1,1770,0,NA,NA,0,0,NA,"",""
"579",3886028,"monociliated",1,1383,0,NA,NA,0,0,NA,"",""
"580",3886029,"monociliated",1,1175,0,NA,NA,0,0,NA,"",""
"581",3886030,"biciliated",2,1193,0,NA,NA,0,0,NA,"",""
"582",3886031,"epithelial_floor",0,NA,NA,NA,NA,0,0,NA,"",""
"583",3886032,"biciliated",2,1056,0,NA,NA,0,0,NA,"",""
"584",3886033,"monociliated",1,1610,0,NA,NA,0,0,NA,"",""
"585",3886034,"monociliated",1,2230,0,NA,NA,0,0,NA,"",""
"586",3886035,"monociliated",1,1175,0,NA,NA,0,0,NA,"",""
"587",3886036,"monociliated",1,3839,0,NA,NA,0,0,NA,"",""
"588",3886037,"epithelial_floor",0,NA,NA,NA,NA,0,0,NA,"",""
"589",3886038,"biciliated",2,1268.5,0,NA,NA,0,0,NA,"",""
"590",3886039,"monociliated",1,3439,0,NA,NA,0,0,NA,"",""
"591",3886040,"monociliated",1,813,0,NA,NA,0,0,NA,"",""
"592",3886041,"monociliated",1,2135,0,NA,NA,0,0,NA,"",""
"593",3886042,"monociliated",1,1728,0,NA,NA,0,0,NA,"",""
"594",3886043,"monociliated",1,2155,0,NA,NA,0,0,NA,"",""
"595",3886044,"monociliated",1,1188,0,NA,NA,0,0,NA,"",""
"596",3886045,"monociliated",1,845,0,NA,NA,0,0,NA,"",""
"597",3886046,"monociliated",1,1114,0,0,NA,0,0,NA,"",""
"598",3886047,"epithelial_floor",0,NA,NA,NA,NA,0,0,NA,"",""
"599",3886048,"epithelial_floor",0,NA,NA,NA,NA,0,0,NA,"",""
"600",3886049,"epithelial_floor",0,NA,NA,1,NA,0,0,NA,"",""
"601",3886050,"epithelial_floor",0,NA,NA,NA,NA,0,0,NA,"",""
"602",3886051,"epithelial_floor",0,NA,NA,NA,NA,0,0,NA,"",""
"603",3886052,"epithelial_floor",0,NA,NA,NA,NA,0,0,NA,"",""
"604",3886053,"epithelial_floor",0,NA,NA,NA,NA,0,0,NA,"",""
"605",3886054,"Cgroove",0,NA,NA,NA,NA,1,0,NA,"",""
"606",3886055,"epithelial_floor",0,NA,NA,NA,NA,0,0,NA,"",""
"607",3886056,"epithelial_floor",0,NA,NA,NA,NA,1,0,NA,"",""
"608",3886057,"monociliated",1,1232,0,NA,NA,0,0,NA,"",""
"609",3886058,"epithelial_floor",0,NA,NA,NA,NA,0,0,NA,"",""
"610",3886059,"biciliated",2,902.5,231.5,NA,NA,0,0,NA,"",""
"611",3886060,"epithelial_floor",0,NA,NA,NA,NA,0,0,NA,"",""
"612",3886061,"epithelial_floor",0,NA,NA,NA,NA,0,0,NA,"",""
"613",3886062,"epithelial_floor",0,NA,NA,NA,8,0,0,NA,"",""
"614",3886063,"epithelial_floor",0,NA,NA,NA,NA,0,0,NA,"",""
"615",3886064,"monociliated",1,2292,0,NA,NA,0,0,NA,"",""
"616",3886065,"monociliated",1,1876,0,NA,NA,0,0,NA,"",""
"617",3886066,"monociliated",1,1905,0,NA,NA,0,0,NA,"",""
"618",3886067,"monociliated",1,2755,0,NA,NA,0,0,NA,"",""
"619",3886068,"monociliated",0,NA,NA,NA,NA,0,0,NA,"",""
"620",3886069,"monociliated",1,2904,0,NA,NA,0,0,NA,"",""
"621",3886070,"monociliated",1,1567,0,1,NA,0,0,NA,"",""
"622",3886071,"monociliated",1,1318,0,3,NA,0,0,NA,"",""
"623",3886072,"biciliated",2,1178,0,4,5,0,0,NA,"",""
"624",3886073,"biciliated",2,3284,0,NA,NA,0,0,NA,"",""
"625",3886074,"multiciliated",3,1549.33333333333,0,1,NA,0,0,NA,"",""
"626",3886075,"epithelial_floor",0,NA,NA,NA,NA,0,0,NA,"",""
"627",3886076,"epithelial_floor",2,1434,0,2,NA,0,0,NA,"",""
"628",3886077,"monociliated",1,1747,0,NA,NA,0,0,NA,"",""
"629",3886078,"monociliated",1,1641,0,0,NA,0,0,NA,"",""
"630",3886079,"monociliated",1,1653,0,1,NA,0,0,NA,"",""
"631",3886080,"monociliated",1,1795,0,1,NA,0,0,NA,"",""
"632",3886081,"monociliated",1,1326,0,0,NA,0,0,NA,"",""
"633",3886082,"biciliated",2,1267,0,NA,NA,0,0,NA,"",""
"634",3886083,"biciliated",2,2031.5,0,NA,NA,0,0,NA,"",""
"635",3886084,"monociliated",1,1737,0,1,NA,0,0,NA,"",""
"636",3886085,"monociliated",1,1446,0,NA,NA,0,0,NA,"",""
"637",3886086,"biciliated",2,951.5,0,NA,NA,0,0,NA,"",""
"638",3886087,"monociliated",1,609,0,NA,NA,0,0,NA,"",""
"639",3886088,"epithelial_floor",0,NA,NA,NA,NA,0,0,NA,"",""
"640",3886089,"monociliated",1,1541,0,NA,NA,0,0,NA,"",""
"641",3886090,"monociliated",1,1807,0,NA,NA,0,0,NA,"",""
"642",3886091,"biciliated",2,1755.5,0,NA,NA,0,0,NA,"",""
"643",3886092,"monociliated",1,1521,0,NA,NA,0,0,NA,"",""
"644",3886093,"monociliated",1,1818,0,NA,NA,0,0,NA,"",""
"645",3886094,"monociliated",1,1745,0,NA,NA,0,0,NA,"",""
"646",3886095,"monociliated",1,2284,0,NA,NA,0,0,NA,"",""
"647",3886096,"monociliated",1,1053,0,NA,NA,0,0,NA,"",""
"648",3886097,"monociliated",1,1050,0,2,NA,0,0,NA,"",""
"649",3886098,"monociliated",1,1108,0,1,NA,0,0,NA,"",""
"650",3886099,"monociliated",1,1431,0,NA,NA,0,0,NA,"",""
"651",3886100,"biciliated",2,1452,0,NA,NA,0,0,NA,"",""
"652",3886101,"multiciliated",3,1314.33333333333,0,0,NA,0,0,NA,"",""
"653",3886102,"monociliated",1,1838,0,NA,NA,0,0,NA,"",""
"654",3886103,"multiciliated",3,1765.66666666667,0,2,NA,0,0,NA,"",""
"655",3886104,"lamellate",23,4508.13043478261,4424.95652173913,NA,NA,0,0,NA,"",""
"656",3886105,"monociliated",1,NA,NA,NA,NA,0,0,NA,"",""
"657",3886106,"lamellate",2,7819,3696,9,NA,0,0,NA,"",""
"658",3886107,"dense_vesicle",0,NA,NA,3,NA,0,0,NA,"",""
"659",3886108,"dense_vesicle",0,NA,NA,NA,NA,0,0,NA,"",""
"660",3886109,"dense_vesicle",0,NA,NA,2,NA,0,0,NA,"",""
"661",3886110,"dense_vesicle",0,NA,NA,2,NA,1,0,NA,"",""
"662",3886111,"dense_vesicle",0,NA,NA,2,NA,0,0,NA,"",""
"663",3886112,"dense_vesicle",0,NA,NA,NA,NA,1,0,NA,"SSN",""
"664",3886113,"dense_vesicle",0,NA,NA,NA,NA,0,0,NA,"",""
"665",3886114,"dense_vesicle",0,NA,NA,2,NA,0,0,NA,"",""
"666",3886115,"monociliated",1,2112,0,NA,NA,0,0,NA,"",""
"667",3886116,"dense_vesicle",0,NA,NA,NA,NA,0,0,NA,"",""
"668",3886117,"dense_vesicle",0,NA,NA,3,NA,0,0,NA,"",""
"669",3886118,"dense_vesicle",0,NA,NA,2,NA,0,0,NA,"",""
"670",3886119,"dense_vesicle",0,NA,NA,4,NA,0,0,NA,"",""
"671",3886120,"dense_vesicle",0,NA,NA,2,NA,0,0,NA,"",""
"672",3886121,"dense_vesicle",0,NA,NA,3,NA,0,0,NA,"",""
"673",3886122,"lamellate",4,6506.75,3348,8,NA,0,0,NA,"",""
"674",3886123,"multiciliated",3,1000,0,0,NA,0,0,NA,"",""
"675",3886124,"multiciliated",5,2071.8,320,14,NA,0,0,NA,"",""
"676",3886125,NA,11,1380.5,0,2,NA,0,0,NA,"",""
"677",3886126,"monociliated",1,2063,0,NA,NA,0,0,NA,"",""
"678",3886127,"biciliated",2,2283,0,NA,NA,0,0,NA,"",""
"679",3886128,"biciliated",2,2248,0,4,NA,0,0,NA,"",""
"680",3886129,"multiciliated",5,2133.8,0,2,7,0,0,NA,"",""
"681",3886130,"multiciliated",5,1280,0,12,NA,0,0,NA,"",""
"682",3886131,"biciliated",2,1347,0,NA,NA,0,0,NA,"",""
"683",3886132,"biciliated",2,1875,0,NA,NA,0,0,NA,"",""
"684",3886133,"nonciliated",0,NA,NA,NA,NA,4,0,NA,"SSN",""
"685",3886134,"biciliated",2,4266.5,0,NA,NA,0,0,NA,"",""
"686",3886135,"biciliated",2,1249,0,NA,3,0,1,2,"","intra-multi-ciliated"
"687",3886136,"nonciliated",0,NA,NA,NA,NA,5,0,NA,"SSN",""
"688",3886137,"monociliated",1,1162,0,3,NA,0,0,NA,"",""
"689",3886138,"biciliated",2,2549.5,0,0,NA,0,0,NA,"",""
"690",3886139,"monociliated",1,3308,0,1,NA,0,0,NA,"",""
"691",3886140,"monociliated",1,1538,0,NA,NA,0,0,NA,"",""
"692",3886141,"biciliated",2,2079,0,NA,NA,0,0,NA,"",""
"693",3886142,"multiciliated",6,1718.83333333333,0,0,NA,0,0,NA,"",""
"694",3886143,"multiciliated",4,1377.75,0,6,NA,0,0,NA,"",""
"695",3886144,"biciliated",2,1215.5,0,NA,NA,0,0,NA,"",""
"696",3886145,"plumose",0,NA,NA,NA,NA,0,0,NA,"",""
"697",3886146,"monociliated",1,1989,0,NA,NA,0,0,NA,"",""
"698",3886147,"epithelial_floor",0,NA,NA,NA,3,0,0,NA,"",""
"699",3886148,"biciliated",2,2393.5,0,NA,NA,0,0,NA,"",""
"700",3886149,"monociliated",1,2372,0,NA,NA,0,0,NA,"",""
"701",3886150,"monociliated",1,2304,0,NA,NA,0,0,NA,"",""
"702",3886151,"monociliated",1,1924,0,NA,NA,0,0,NA,"",""
"703",3886152,"monociliated",1,1479,0,NA,NA,0,0,NA,"",""
"704",3886153,"epithelial_floor",0,NA,NA,NA,NA,0,0,NA,"",""
"705",3886154,"monociliated",1,1918,0,NA,NA,0,0,NA,"",""
"706",3886155,"biciliated",2,1304,0,NA,NA,0,0,NA,"",""
"707",3886156,"biciliated",2,1099.5,0,NA,NA,0,0,NA,"",""
"708",3886157,"monociliated",1,1869,0,NA,NA,0,0,NA,"",""
"709",3886158,"monociliated",1,1251,0,NA,NA,0,0,NA,"",""
"710",3886159,"biciliated",2,1857,0,NA,NA,0,0,NA,"",""
"711",3886160,"monociliated",1,2006,0,NA,NA,0,0,NA,"",""
"712",3886161,"monociliated",1,1607,0,NA,NA,0,0,NA,"",""
"713",3886162,"monociliated",1,2415,0,NA,NA,0,0,NA,"",""
"714",3886163,"epithelial_floor",0,NA,NA,NA,NA,0,0,NA,"",""
"715",3886164,"monociliated",1,2058,0,NA,NA,0,0,NA,"",""
"716",3886165,"epithelial_floor",0,NA,NA,NA,NA,0,0,NA,"",""
"717",3886166,"monociliated",1,1534,0,NA,NA,0,0,NA,"",""
"718",3886167,"monociliated",1,2365,0,NA,NA,0,0,NA,"",""
"719",3886168,"monociliated",1,1981,0,NA,NA,0,0,NA,"",""
"720",3886169,"monociliated",1,2274,0,NA,NA,0,0,NA,"",""
"721",3886170,"multiciliated",4,1460.25,0,13,7,0,0,NA,"",""
"722",3886171,"biciliated",2,2378,0,NA,NA,0,0,NA,"",""
"723",3886172,"multiciliated",3,1973.33333333333,0,10,NA,0,0,NA,"",""
"724",3886173,"biciliated",2,1732.5,0,NA,NA,0,0,NA,"",""
"725",3886174,"biciliated",2,1775,0,NA,NA,0,0,NA,"",""
"726",3886175,"multiciliated",3,2131.33333333333,0,1,NA,0,0,NA,"",""
"727",3886176,"monociliated",1,1870,0,NA,NA,0,0,NA,"",""
"728",3886177,"biciliated",2,1171.5,0,NA,NA,0,0,NA,"",""
"729",3886178,"monociliated",1,1569,0,NA,NA,0,0,NA,"",""
"730",3886179,"monociliated",1,1892,0,NA,NA,0,0,NA,"",""
"731",3886180,"multiciliated",3,1349.66666666667,0,0,NA,0,0,NA,"",""
"732",3886181,"monociliated",1,1762,0,NA,NA,0,0,NA,"",""
"733",3886182,"monociliated",1,1496,0,NA,NA,0,0,NA,"",""
"734",3886183,"monociliated",1,2193,0,NA,NA,0,0,NA,"",""
"735",3886185,"biciliated",2,1015,0,NA,NA,0,0,NA,"",""
"736",3886186,"biciliated",2,1174.5,0,NA,NA,0,0,NA,"",""
"737",3886187,"biciliated",2,1415,0,NA,NA,0,0,NA,"",""
"738",3886188,"monociliated",1,1549,0,NA,NA,0,0,NA,"",""
"739",3886189,"monociliated",1,1009,0,NA,NA,0,0,NA,"",""
"740",3886190,"biciliated",2,1380,0,NA,NA,0,0,NA,"",""
"741",3886191,"biciliated",2,1175,0,NA,NA,0,0,NA,"",""
"742",3886192,"monociliated",1,1083,0,NA,NA,0,0,NA,"",""
"743",3886193,"epithelial_floor",0,NA,NA,NA,NA,0,0,NA,"",""
"744",3886194,"epithelial_floor",0,NA,NA,NA,NA,0,0,NA,"",""
"745",3886195,"epithelial_floor",0,NA,NA,4,NA,0,0,NA,"",""
"746",3886196,"epithelial_floor",0,NA,NA,NA,NA,0,0,NA,"",""
"747",3886197,"monociliated",1,1231,0,1,NA,0,0,NA,"",""
"748",3886198,"epithelial_floor",0,NA,NA,NA,NA,0,0,NA,"",""
"749",3886199,"epithelial_floor",0,NA,NA,NA,NA,0,0,NA,"",""
"750",3886200,"monociliated",1,1247,0,NA,NA,0,0,NA,"",""
"751",3886201,"monociliated",1,986,0,2,NA,0,0,NA,"",""
"752",3886202,"biciliated",2,2617,0,0,NA,0,0,NA,"",""
"753",3886203,"epithelial_floor",0,NA,NA,NA,NA,0,0,NA,"",""
"754",3886204,"biciliated",2,1288,0,2,NA,0,0,NA,"",""
"755",3886205,"epithelial_floor",0,NA,NA,NA,NA,0,0,NA,"",""
"756",3886206,"monociliated",1,1724,0,NA,NA,0,0,NA,"",""
"757",3886207,"biciliated",2,1258.5,0,NA,NA,0,0,NA,"",""
"758",3886208,"biciliated",2,842,0,NA,NA,0,0,NA,"",""
"759",3886209,"multiciliated",3,1315,0,2,NA,0,0,NA,"",""
"760",3886210,"biciliated",2,1446,0,NA,NA,0,0,NA,"",""
"761",3886211,"biciliated",2,1495,0,NA,NA,0,0,NA,"",""
"762",3886212,"monociliated",1,1118,0,NA,NA,0,0,NA,"",""
"763",3886213,"biciliated",2,1646.5,0,NA,NA,0,0,NA,"",""
"764",3886214,"biciliated",2,1212.5,0,NA,NA,0,0,NA,"",""
"765",3886215,"epithelial_floor",0,NA,NA,NA,NA,0,0,NA,"",""
"766",3886216,"monociliated",1,702,590,NA,NA,0,0,NA,"",""
"767",3886217,"epithelial_floor",0,NA,NA,NA,NA,0,0,NA,"",""
"768",3886218,"dense_vesicle",0,NA,NA,NA,NA,0,0,NA,"",""
"769",3886219,"biciliated",2,1844.5,0,NA,NA,0,0,NA,"",""
"770",3886220,"biciliated",2,932.5,0,NA,NA,0,0,NA,"",""
"771",3886221,"multiciliated",3,1015.33333333333,0,3,NA,0,0,NA,"",""
"772",3886222,"biciliated",2,1504,0,NA,NA,0,0,NA,"",""
"773",3886223,"biciliated",2,2488,0,NA,NA,0,0,NA,"",""
"774",3886224,"biciliated",2,1246,0,NA,NA,0,0,NA,"",""
"775",3886225,"multiciliated",3,2154.66666666667,0,2,NA,0,0,NA,"",""
"776",3886226,"biciliated",2,1288,0,NA,NA,0,0,NA,"",""
"777",3886227,"balancer",1,NA,NA,NA,NA,0,0,NA,"",""
"778",3886228,"balancer",1,NA,NA,NA,NA,0,0,NA,"",""
"779",3886229,"epithelial_floor",0,NA,NA,NA,NA,1,0,NA,"",""
"780",3886230,"epithelial_floor",0,NA,NA,NA,NA,0,0,NA,"",""
"781",3886231,"epithelial_floor",0,NA,NA,NA,NA,0,0,NA,"",""
"782",3886232,"Cgroove",0,NA,NA,NA,NA,0,0,NA,"",""
"783",3886233,"epithelial_floor",0,NA,NA,NA,NA,1,0,NA,"",""
"784",3886234,"Cgroove",0,NA,NA,NA,7,1,0,NA,"",""
"785",3886235,"epithelial_floor",0,NA,NA,NA,NA,3,0,NA,"SSN",""
"786",3886236,"epithelial_floor",0,NA,NA,NA,NA,0,0,NA,"",""
"787",3886237,"epithelial_floor",0,NA,NA,NA,NA,0,0,NA,"",""
"788",3886238,"Cgroove",0,NA,NA,NA,NA,0,0,NA,"",""
"789",3886239,"Cgroove",0,NA,NA,NA,NA,0,0,NA,"",""
"790",3886240,"epithelial_floor",0,NA,NA,NA,NA,1,0,NA,"",""
"791",3886241,"monociliated",1,7115,0,NA,NA,0,0,NA,"",""
"792",3886242,"epithelial_floor",0,NA,NA,NA,NA,0,0,NA,"",""
"793",3886243,"epithelial_floor",0,NA,NA,NA,NA,1,0,NA,"",""
"794",3886244,"Cgroove",0,NA,NA,NA,NA,1,0,NA,"",""
"795",3886245,"epithelial_floor",0,NA,NA,NA,NA,0,0,NA,"",""
"796",3886246,"epithelial_floor",0,NA,NA,NA,NA,0,0,NA,"",""
"797",3886247,"epithelial_floor",0,NA,NA,NA,NA,1,0,NA,"SSN",""
"798",3886248,"epithelial_floor",0,NA,NA,NA,NA,2,0,NA,"SSN",""
"799",3886249,"monociliated",1,9063,0,NA,NA,0,0,NA,"",""
"800",3886250,NA,0,NA,NA,NA,NA,3,10,1.1,"SSN","SSN, epithelial_floor, Cgroove, balancer"
"801",3886251,"epithelial_floor",0,NA,NA,NA,NA,0,0,NA,"",""
"802",3886252,"epithelial_floor",0,NA,NA,NA,NA,1,0,NA,"",""
"803",3886253,"epithelial_floor",0,NA,NA,NA,NA,2,0,NA,"SSN",""
"804",3886255,"monociliated",1,3093,0,NA,NA,1,0,NA,"SSN",""
"805",3886256,"bridge",0,NA,NA,NA,NA,6,0,NA,"SSN",""
"806",3886257,"epithelial_floor",0,NA,NA,NA,NA,2,0,NA,"SSN",""
"807",3886258,"epithelial_floor",0,NA,NA,NA,NA,0,0,NA,"",""
"808",3886259,"epithelial_floor",0,NA,NA,NA,NA,1,0,NA,"SSN",""
"809",3886260,"bridge",0,NA,NA,NA,NA,1,0,NA,"SSN",""
"810",3886261,"bridge",0,NA,NA,NA,NA,3,0,NA,"SSN",""
"811",3886262,"epithelial_floor",0,NA,NA,NA,NA,0,0,NA,"",""
"812",3886263,"bridge",0,NA,NA,NA,8,7,2,1.5,"SSN","SSN, balancer"
"813",3886264,"epithelial_floor",0,NA,NA,NA,NA,1,0,NA,"SSN",""
"814",3886265,"bridge",0,NA,NA,NA,7,6,2,1.5,"SSN","SSN"
"815",3886266,"bridge",0,NA,NA,3,NA,1,0,NA,"SSN",""
"816",3886267,"bridge",0,NA,NA,1,6,2,0,NA,"SSN, bridge",""
"817",3886268,"bridge",0,NA,NA,0,10,1,0,NA,"SSN",""
"818",3886269,"bridge",0,NA,NA,2,4,1,0,NA,"SSN",""
"819",3886270,"monociliated",1,7137,0,NA,NA,5,0,NA,"SSN",""
"820",3886271,NA,0,NA,NA,2,5,3,0,NA,"SSN",""
"821",3886272,NA,0,NA,NA,2,4,5,0,NA,"SSN",""
"822",3886273,"nonciliated",0,NA,NA,NA,NA,3,0,NA,"SSN",""
"823",3886274,"nonciliated",0,NA,NA,NA,NA,1,0,NA,"SSN",""
"824",3886275,"nonciliated",0,NA,NA,0,NA,5,0,NA,"SSN",""
"825",3886276,"nonciliated",0,NA,NA,NA,NA,1,0,NA,"SSN",""
"826",3886277,"nonciliated",0,NA,NA,0,NA,6,0,NA,"SSN",""
"827",3886278,"nonciliated",0,NA,NA,2,NA,2,0,NA,"SSN",""
"828",3886280,"nonciliated",0,NA,NA,2,NA,0,0,NA,"",""
"829",3886281,"bridge",0,NA,NA,NA,NA,4,0,NA,"SSN, bridge",""
"830",3886282,"nonciliated",0,NA,NA,NA,NA,1,0,NA,"SSN",""
"831",3886283,NA,3,1748,0,20,NA,0,0,NA,"",""
"832",3886284,"nonciliated",0,NA,NA,NA,NA,3,0,NA,"SSN",""
"833",3886285,"monociliated",1,1159,0,NA,NA,1,0,NA,"SSN",""
"834",3886286,"nonciliated",0,NA,NA,NA,NA,2,0,NA,"SSN",""
"835",3886287,"nonciliated",0,NA,NA,NA,NA,3,0,NA,"SSN",""
"836",3886337,"dense_vesicle",0,NA,NA,3,NA,5,0,NA,"SSN",""
"837",3886288,"nonciliated",0,NA,NA,NA,NA,2,0,NA,"SSN",""
"838",3886289,"nonciliated",0,NA,NA,NA,NA,3,0,NA,"SSN",""
"839",3886290,"biciliated",2,2938.5,0,NA,NA,4,0,NA,"SSN",""
"840",3886291,"nonciliated",0,NA,NA,NA,NA,4,0,NA,"SSN",""
"841",3886292,"nonciliated",0,NA,NA,NA,NA,4,0,NA,"SSN",""
"842",3886293,"nonciliated",0,NA,NA,NA,NA,1,0,NA,"SSN",""
"843",3886294,"nonciliated",0,NA,NA,NA,NA,2,0,NA,"SSN",""
"844",3886295,"monociliated",1,2439,0,NA,NA,0,0,NA,"",""
"845",3886296,"nonciliated",0,NA,NA,NA,NA,0,0,NA,"",""
"846",3886297,"multiciliated",3,1150.66666666667,0,4,NA,0,0,NA,"",""
"847",3886298,"monociliated",0,NA,NA,4,NA,0,0,NA,"",""
"848",3886299,"monociliated",1,1197,0,NA,NA,0,0,NA,"",""
"849",3886300,"monociliated",1,876,0,5,NA,0,0,NA,"",""
"850",3886301,"biciliated",2,1484.5,0,NA,NA,0,0,NA,"",""
"851",3886302,"monociliated",1,1498,0,NA,NA,0,0,NA,"",""
"852",3886303,"biciliated",2,2668.5,0,NA,NA,0,0,NA,"",""
"853",3886304,"biciliated",2,1564.5,0,6,NA,0,0,NA,"",""
"854",3886305,"biciliated",2,1527.5,0,NA,3,0,0,NA,"",""
"855",3886307,"nonciliated",0,NA,NA,NA,NA,0,0,NA,"",""
"856",3886308,"nonciliated",0,NA,NA,NA,NA,0,0,NA,"",""
"857",3886309,"dense_vesicle",0,NA,NA,2,NA,0,0,NA,"",""
"858",3886310,"Cgroove",0,NA,NA,NA,NA,0,0,NA,"",""
"859",3886311,"Cgroove",18,NA,NA,0,NA,0,0,NA,"",""
"860",3886317,"nonciliated",0,NA,NA,NA,NA,0,0,NA,"",""
"861",3886318,"nonciliated",0,NA,NA,NA,NA,0,0,NA,"",""
"862",3886319,"nonciliated",0,NA,NA,NA,NA,0,0,NA,"",""
"863",3886320,"nonciliated",0,NA,NA,NA,NA,0,0,NA,"",""
"864",3886321,"nonciliated",0,NA,NA,NA,NA,0,0,NA,"",""
"865",3886322,"nonciliated",0,NA,NA,NA,NA,0,0,NA,"",""
"866",3886323,"nonciliated",0,NA,NA,NA,NA,2,0,NA,"SSN",""
"867",3886324,"nonciliated",0,NA,NA,NA,NA,0,0,NA,"",""
"868",3886325,"nonciliated",0,NA,NA,NA,NA,0,0,NA,"",""
"869",3886326,"epithelial_floor",0,NA,NA,NA,NA,0,0,NA,"",""
"870",3886327,"nonciliated",0,NA,NA,NA,NA,0,0,NA,"",""
"871",3886334,"Cgroove",0,NA,NA,NA,NA,1,0,NA,"SSN",""
"872",3886335,"Cgroove",0,NA,NA,NA,NA,0,0,NA,"",""
"873",3885437,"epithelial_floor",0,NA,NA,NA,NA,0,0,NA,"",""
"874",3885439,"biciliated",2,7788.5,0,NA,NA,0,0,NA,"",""
"875",3885440,"biciliated",2,8104,0,NA,NA,0,0,NA,"",""
"876",3885444,"epithelial_floor",0,NA,NA,NA,NA,0,0,NA,"",""
"877",3885446,"epithelial_floor",0,NA,NA,NA,NA,0,0,NA,"",""
"878",3885449,"monociliated",1,3071,0,NA,4,1,0,NA,"",""
"879",3885452,"epithelial_floor",0,NA,NA,NA,NA,5,0,NA,"",""
"880",3885454,"epithelial_floor",0,NA,NA,NA,NA,0,0,NA,"",""
"881",3885456,"monociliated",1,887,0,NA,NA,0,0,NA,"",""
"882",3885801,"SSN",0,NA,NA,NA,90,13,67,1.73134328358209,"SSN, bridge","SSN, nonciliated, monociliated, dense_vesicle, bridge, balancer"
"883",3886329,NA,0,NA,NA,NA,4,1,0,NA,"SSN",""
"884",3886347,"monociliated",1,964,0,NA,NA,0,0,NA,"",""
"885",3886348,NA,0,NA,NA,NA,NA,0,0,NA,"",""
"886",3886349,"dome",0,NA,NA,NA,NA,0,0,NA,"",""
"887",3886350,"2",0,NA,NA,NA,NA,0,0,NA,"",""
"888",3886351,NA,0,NA,NA,NA,NA,0,0,NA,"",""
"889",3886352,NA,1,8467,0,NA,NA,0,0,NA,"",""
"890",3886367,NA,0,NA,NA,5,NA,0,0,NA,"",""
"891",3886371,NA,1,1003,0,NA,NA,0,0,NA,"",""
"892",3885476,"epithelial_floor",0,NA,NA,NA,NA,0,0,NA,"",""
"893",3885478,NA,1,3082,0,NA,NA,0,0,NA,"",""
"894",3885480,NA,0,NA,NA,2,NA,0,0,NA,"",""
"895",3885483,NA,0,NA,NA,NA,NA,0,0,NA,"",""
"896",3885489,NA,0,NA,NA,0,NA,0,0,NA,"",""
"897",3885494,NA,0,NA,NA,NA,NA,0,0,NA,"",""
"898",3885496,NA,0,NA,NA,NA,NA,0,0,NA,"",""
"899",3885505,NA,1,NA,NA,NA,NA,0,0,NA,"",""
"900",3885507,NA,0,NA,NA,NA,NA,0,0,NA,"",""
"901",3885509,NA,0,NA,NA,NA,NA,0,0,NA,"",""
"902",3885520,NA,0,NA,NA,NA,NA,0,0,NA,"",""
"903",3885529,NA,0,NA,NA,NA,NA,0,0,NA,"",""
"904",3885535,NA,0,NA,NA,NA,NA,0,0,NA,"",""
"905",3885539,NA,4,392,0,NA,NA,0,0,NA,"",""
"906",3885548,NA,0,NA,NA,8,NA,0,0,NA,"",""
"907",3885575,NA,0,NA,NA,NA,NA,0,0,NA,"",""
"908",3885580,NA,0,NA,NA,11,NA,0,0,NA,"",""
"909",3885596,NA,0,NA,NA,2,NA,0,0,NA,"",""
"910",3885613,"3",0,NA,NA,16,NA,0,0,NA,"",""
"911",3886377,NA,0,NA,NA,NA,NA,1,0,NA,"",""
"912",3885639,NA,1,1145,0,1,NA,0,0,NA,"",""
"913",3885781,"bridge",0,NA,NA,0,38,16,4,1.25,"SSN, bridge","SSN, bridge"
"914",3886396,"2",0,NA,NA,NA,NA,0,0,NA,"",""
"915",3886398,"2",0,NA,NA,NA,NA,0,0,NA,"",""
"916",3886355,NA,0,NA,NA,NA,NA,1,0,NA,"",""
"917",3886397,NA,0,NA,NA,NA,NA,0,0,NA,"",""
"918",3886395,"1",0,NA,NA,NA,NA,0,0,NA,"",""
"919",3886392,NA,0,NA,NA,NA,NA,0,0,NA,"",""
"920",3885605,"SSN",0,NA,NA,NA,138,19,121,2,"SSN, bridge","SSN, nonciliated, monociliated, epithelial_floor, bridge, balancer"
"921",3885457,NA,0,NA,NA,NA,NA,0,0,NA,"",""
"922",3885955,"SNN",0,NA,NA,NA,18,0,1,1,"","dome"
"923",3886391,"1",0,NA,NA,NA,NA,0,0,NA,"",""
"924",3885883,NA,2,9373,0,NA,NA,0,0,NA,"",""
"925",3886279,"monociliated",1,1395,0,NA,NA,0,0,NA,"",""
"926",3886408,NA,0,NA,NA,NA,3,0,0,NA,"",""
"927",3886438,"lithocyte",0,NA,NA,NA,NA,0,0,NA,"",""
"928",3886439,"lithocyte",0,NA,NA,NA,NA,0,0,NA,"",""
"929",3885400,"lithocyte",0,NA,NA,NA,NA,0,0,NA,"",""
"930",3885474,"lithocyte",0,NA,NA,NA,NA,0,0,NA,"",""
"931",3886254,"lithocyte",0,NA,NA,NA,43,0,0,NA,"",""
"932",3886332,"lithocyte",0,NA,NA,NA,NA,0,0,NA,"",""
"933",3885661,"SNN",0,NA,NA,0,9,0,0,NA,"",""
"934",3885758,NA,0,NA,NA,NA,NA,0,0,NA,"",""
"935",3885839,NA,0,NA,NA,NA,NA,0,0,NA,"",""
"936",3886346,"dome",0,NA,NA,NA,NA,0,0,NA,"",""
"937",3886372,NA,0,NA,NA,NA,NA,0,0,NA,"",""
"938",3886401,NA,0,NA,NA,NA,NA,0,0,NA,"",""
"939",3886414,NA,0,NA,NA,NA,NA,0,0,NA,"",""
"940",3886430,"dome",0,NA,NA,NA,NA,0,0,NA,"",""
"941",3886479,"dome",0,NA,NA,NA,NA,0,0,NA,"",""
"942",3885916,NA,0,NA,NA,NA,NA,0,0,NA,"",""
"943",3886313,NA,0,NA,NA,NA,NA,0,0,NA,"",""
"944",3886333,NA,0,NA,NA,NA,NA,0,0,NA,"",""
"945",3886363,NA,0,NA,NA,NA,NA,0,0,NA,"",""
"946",3886368,NA,0,NA,NA,NA,NA,0,0,NA,"",""
"947",3886378,NA,0,NA,NA,NA,NA,0,0,NA,"",""
"948",3886402,NA,0,NA,NA,NA,NA,0,0,NA,"",""
"949",3886422,NA,0,NA,NA,2,NA,0,0,NA,"",""
"950",3886431,NA,0,NA,NA,NA,NA,0,0,NA,"",""
"951",3886441,NA,0,NA,NA,NA,NA,0,0,NA,"",""
"952",3886480,NA,0,NA,NA,NA,NA,0,0,NA,"",""
"953",3886507,NA,0,NA,NA,NA,NA,0,0,NA,"",""
"954",3885787,NA,0,NA,NA,NA,NA,0,0,NA,"",""
"955",3885919,NA,0,NA,NA,NA,NA,0,0,NA,"",""
"956",3886345,"dome",0,NA,NA,NA,NA,0,0,NA,"",""
"957",3886369,"dome",0,NA,NA,NA,NA,0,0,NA,"",""
"958",3886400,NA,0,NA,NA,NA,NA,0,0,NA,"",""
"959",3886403,"dome",0,NA,NA,NA,NA,0,0,NA,"",""
"960",3886415,"dome",0,NA,NA,NA,NA,0,0,NA,"",""
"961",3886423,NA,0,NA,NA,NA,NA,0,0,NA,"",""
"962",3886432,"dome",0,NA,NA,NA,NA,0,0,NA,"",""
"963",3886447,NA,0,NA,NA,NA,NA,0,0,NA,"",""
"964",3886456,NA,0,NA,NA,NA,NA,0,0,NA,"",""
"965",3886481,NA,0,NA,NA,NA,NA,0,0,NA,"",""
"966",3886508,NA,0,NA,NA,NA,NA,0,0,NA,"",""
"967",3886416,NA,0,NA,NA,NA,NA,0,0,NA,"",""
"968",3886424,NA,0,NA,NA,NA,NA,0,0,NA,"",""
"969",3886433,NA,0,NA,NA,NA,NA,0,0,NA,"",""
"970",3886442,NA,0,NA,NA,NA,NA,0,0,NA,"",""
"971",3886448,NA,0,NA,NA,NA,NA,0,0,NA,"",""
"972",3886457,NA,0,NA,NA,NA,NA,0,0,NA,"",""
"973",3886482,NA,0,NA,NA,NA,NA,0,0,NA,"",""
"974",3886509,NA,0,NA,NA,NA,NA,0,0,NA,"",""
"975",3886365,NA,0,NA,NA,NA,NA,0,0,NA,"",""
"976",3886426,NA,0,NA,NA,NA,NA,0,0,NA,"",""
"977",3886417,NA,0,NA,NA,NA,NA,0,0,NA,"",""
"978",3886443,NA,0,NA,NA,NA,NA,0,0,NA,"",""
"979",3886449,NA,0,NA,NA,NA,NA,0,0,NA,"",""
"980",3886458,NA,0,NA,NA,NA,NA,0,0,NA,"",""
"981",3886483,NA,0,NA,NA,NA,NA,0,0,NA,"",""
"982",3886366,NA,0,NA,NA,NA,NA,0,0,NA,"",""
"983",3886404,NA,0,NA,NA,NA,NA,0,0,NA,"",""
"984",3886418,NA,0,NA,NA,NA,NA,0,0,NA,"",""
"985",3886435,NA,0,NA,NA,NA,NA,0,0,NA,"",""
"986",3886450,NA,0,NA,NA,NA,NA,0,0,NA,"",""
"987",3886459,NA,0,NA,NA,NA,NA,0,0,NA,"",""
"988",3886484,NA,0,NA,NA,10,NA,0,0,NA,"",""
"989",3886510,NA,0,NA,NA,NA,NA,0,0,NA,"",""
"990",3886370,NA,0,NA,NA,NA,NA,0,0,NA,"",""
"991",3886419,"lithocyte",0,NA,NA,NA,NA,0,0,NA,"",""
"992",3886436,NA,0,NA,NA,NA,NA,0,0,NA,"",""
"993",3886444,NA,1,NA,NA,10,NA,0,0,NA,"",""
"994",3886437,NA,0,NA,NA,NA,NA,0,0,NA,"",""
"995",3886445,NA,0,NA,NA,NA,NA,0,0,NA,"",""
"996",3886460,NA,0,NA,NA,NA,NA,0,0,NA,"",""
"997",3886485,NA,0,NA,NA,NA,NA,0,0,NA,"",""
"998",3886429,NA,0,NA,NA,NA,NA,0,0,NA,"",""
"999",3886452,NA,0,NA,NA,NA,NA,0,0,NA,"",""
"1000",3886453,NA,1,6711,488,14,NA,0,0,NA,"",""
"1001",3886461,NA,0,NA,NA,NA,NA,0,0,NA,"",""
"1002",3886462,NA,0,NA,NA,NA,NA,0,0,NA,"",""
"1003",3886486,NA,0,NA,NA,7,NA,0,0,NA,"",""
"1004",3885492,NA,1,NA,NA,NA,NA,0,0,NA,"",""
"1005",3886488,NA,0,NA,NA,NA,NA,0,0,NA,"",""
"1006",3886464,NA,0,NA,NA,NA,NA,0,0,NA,"",""
"1007",3886489,NA,0,NA,NA,NA,NA,0,0,NA,"",""
"1008",3886512,NA,0,NA,NA,NA,NA,0,0,NA,"",""
"1009",3886465,NA,0,NA,NA,NA,NA,0,0,NA,"",""
"1010",3886514,NA,0,NA,NA,NA,NA,0,0,NA,"",""
"1011",3886466,"1",0,NA,NA,NA,NA,0,0,NA,"",""
"1012",3886492,NA,0,NA,NA,NA,NA,0,0,NA,"",""
"1013",3886493,NA,0,NA,NA,NA,NA,0,0,NA,"",""
"1014",3886467,NA,0,NA,NA,NA,NA,0,0,NA,"",""
"1015",3886494,NA,0,NA,NA,NA,NA,0,0,NA,"",""
"1016",3886468,NA,0,NA,NA,NA,NA,0,0,NA,"",""
"1017",3886495,NA,0,NA,NA,NA,NA,0,0,NA,"",""
"1018",3886469,NA,0,NA,NA,NA,NA,0,0,NA,"",""
"1019",3886496,NA,0,NA,NA,NA,NA,0,0,NA,"",""
"1020",3886470,NA,0,NA,NA,NA,NA,0,0,NA,"",""
"1021",3886497,NA,0,NA,NA,NA,NA,0,0,NA,"",""
"1022",3886471,NA,0,NA,NA,NA,NA,0,0,NA,"",""
"1023",3886498,NA,0,NA,NA,NA,NA,0,0,NA,"",""
"1024",3886472,NA,0,NA,NA,NA,NA,0,0,NA,"",""
"1025",3886499,NA,0,NA,NA,NA,NA,0,0,NA,"",""
"1026",3886500,NA,0,NA,NA,NA,NA,0,0,NA,"",""
"1027",3886501,NA,0,NA,NA,NA,NA,0,0,NA,"",""
"1028",3886473,NA,0,NA,NA,NA,NA,0,0,NA,"",""
"1029",3886502,NA,0,NA,NA,NA,NA,0,0,NA,"",""
"1030",3886343,NA,0,NA,NA,NA,NA,2,0,NA,"",""
"1031",3886474,NA,0,NA,NA,NA,NA,0,0,NA,"",""
"1032",3886503,NA,0,NA,NA,NA,NA,0,0,NA,"",""
"1033",3886475,NA,0,NA,NA,NA,NA,0,0,NA,"",""
"1034",3886476,NA,7,NA,NA,NA,NA,0,0,NA,"",""
"1035",3886477,NA,0,NA,NA,NA,NA,0,0,NA,"",""
"1036",3886478,NA,0,NA,NA,NA,NA,0,0,NA,"",""
"1037",3886504,NA,0,NA,NA,NA,NA,0,0,NA,"",""
